This is LuaHBTeX, Version 1.17.0 (TeX Live 2023/Debian) 
 restricted system commands enabled.
(./posho.tex
LaTeX2e <2023-11-01> patch level 1
L3 programming layer <2024-01-22>
 (/usr/share/texlive/texmf-dist/tex/latex/extsizes/extarticle.cls
Document Class: extarticle 1996/10/08 v1.0 Non Standard LaTeX document class
(/usr/share/texlive/texmf-dist/tex/latex/extsizes/size9.clo)
(/usr/share/texlive/texmf-dist/tex/latex/base/exscale.sty))
(/usr/share/texlive/texmf-dist/tex/latex/geometry/geometry.sty
(/usr/share/texlive/texmf-dist/tex/latex/graphics/keyval.sty)
(/usr/share/texlive/texmf-dist/tex/generic/iftex/ifvtex.sty
(/usr/share/texlive/texmf-dist/tex/generic/iftex/iftex.sty)))
(/usr/share/texlive/texmf-dist/tex/latex/fontspec/fontspec.sty
(/usr/share/texlive/texmf-dist/tex/latex/l3packages/xparse/xparse.sty
(/usr/share/texlive/texmf-dist/tex/latex/l3kernel/expl3.sty
(/usr/share/texlive/texmf-dist/tex/latex/l3backend/l3backend-luatex.def)))
(/usr/share/texlive/texmf-dist/tex/latex/fontspec/fontspec-luatex.sty
(/usr/share/texlive/texmf-dist/tex/latex/base/fontenc.sty)
(/usr/share/texlive/texmf-dist/tex/latex/fontspec/fontspec.cfg)))
(/usr/share/texlive/texmf-dist/tex/latex/tools/multicol.sty)
(/usr/share/texlive/texmf-dist/tex/latex/fancyhdr/fancyhdr.sty)
(/usr/share/texlive/texmf-dist/tex/latex/microtype/microtype.sty
(/usr/share/texlive/texmf-dist/tex/latex/etoolbox/etoolbox.sty)
(/usr/share/texlive/texmf-dist/tex/latex/microtype/microtype-luatex.def)
(/usr/share/texlive/texmf-dist/tex/latex/microtype/microtype.cfg))
(/usr/share/texlive/texmf-dist/tex/latex/xcolor/xcolor.sty
(/usr/share/texlive/texmf-dist/tex/latex/graphics-cfg/color.cfg)
(/usr/share/texlive/texmf-dist/tex/latex/graphics-def/luatex.def)
(/usr/share/texlive/texmf-dist/tex/latex/graphics/mathcolor.ltx))
(/usr/share/texlive/texmf-dist/tex/latex/needspace/needspace.sty)
(./idopatterns.tex
warning  (hyphenation): a conflicting pattern has been ignored
)

Package fontspec Warning: OpenType feature 'Numbers=Lowercase' (onum) not
(fontspec)                available for font 'CharisSIL' with script
(fontspec)                'CustomDefault' and language 'Default'.



Package fontspec Warning: OpenType feature 'Numbers=Lowercase' (onum) not
(fontspec)                available for font 'CharisSIL' with script
(fontspec)                'CustomDefault' and language 'Default'.



Package fontspec Warning: OpenType feature 'Numbers=Lowercase' (onum) not
(fontspec)                available for font 'CharisSIL' with script
(fontspec)                'CustomDefault' and language 'Default'.



Package fontspec Warning: OpenType feature 'Numbers=Lowercase' (onum) not
(fontspec)                available for font 'CharisSIL/B' with script
(fontspec)                'CustomDefault' and language 'Default'.



Package fontspec Warning: OpenType feature 'Numbers=Lowercase' (onum) not
(fontspec)                available for font 'CharisSIL/B' with script
(fontspec)                'CustomDefault' and language 'Default'.



Package fontspec Warning: OpenType feature 'Numbers=Lowercase' (onum) not
(fontspec)                available for font 'CharisSIL/I' with script
(fontspec)                'CustomDefault' and language 'Default'.



Package fontspec Warning: OpenType feature 'Numbers=Lowercase' (onum) not
(fontspec)                available for font 'CharisSIL/I' with script
(fontspec)                'CustomDefault' and language 'Default'.



Package fontspec Warning: OpenType feature 'Numbers=Lowercase' (onum) not
(fontspec)                available for font 'CharisSIL/BI' with script
(fontspec)                'CustomDefault' and language 'Default'.



Package fontspec Warning: OpenType feature 'Numbers=Lowercase' (onum) not
(fontspec)                available for font 'CharisSIL/BI' with script
(fontspec)                'CustomDefault' and language 'Default'.

(./posho.aux) (/usr/share/texlive/texmf-dist/tex/latex/base/ts1cmr.fd)
*geometry* driver: auto-detecting
*geometry* detected driver: luatex
(/usr/share/texlive/texmf-dist/tex/latex/microtype/mt-CharisSIL.cfg)
(/usr/share/texlive/texmf-dist/tex/context/base/mkii/supp-pdf.mkii
[Loading MPS to PDF converter (version 2006.09.02).]
) [1{/var/lib/texmf/fonts/map/pdftex/updmap/pdftex.map}] (./enhavo.tex
Underfull \hbox (badness 10000) in paragraph at lines 35--36
[]\TU/Inter(0)/b/n/8 ab-do-mino[]\TU/CharisSIL(0)/m/it/8 (anat) \TU/CharisSIL(0
)/m/n/8 Korpo-kavajo

Package fancyhdr Warning: \headheight is too small (12.0pt): 
(fancyhdr)                Make it at least 16.54997pt, for example:
(fancyhdr)                \setlength{\headheight}{16.54997pt}.
(fancyhdr)                You might also make \topmargin smaller to compensate:

(fancyhdr)                \addtolength{\topmargin}{-4.54997pt}.

[2]
Underfull \hbox (badness 6708) in paragraph at lines 69--70
[]\TU/Inter(0)/b/n/8 abo-mi-nar[]\TU/CharisSIL(0)/m/it/8 (trans) \TU/CharisSIL(
0)/m/n/8 Ho-ro-rar (ulo,

Underfull \hbox (badness 10000) in paragraph at lines 75--76
[]\TU/Inter(0)/b/n/8 abor-tar[]\TU/CharisSIL(0)/m/it/8 (netrans)\TU/Inter(0)/b/
n/7 1. \TU/CharisSIL(0)/m/n/8 (alu-dante

Underfull \hbox (badness 10000) in paragraph at lines 79--80
[]\TU/Inter(0)/b/n/8 abre-viar[]\TU/CharisSIL(0)/m/it/8 (trans) \TU/CharisSIL(0
)/m/n/8 Igar(ulo) plu

Package fancyhdr Warning: \headheight is too small (12.0pt): 
(fancyhdr)                Make it at least 16.54997pt, for example:
(fancyhdr)                \setlength{\headheight}{16.54997pt}.
(fancyhdr)                You might also make \topmargin smaller to compensate:

(fancyhdr)                \addtolength{\topmargin}{-4.54997pt}.

[3]
Underfull \hbox (badness 10000) in paragraph at lines 91--92
[]\TU/Inter(0)/b/n/8 ab-sinto[]\TU/CharisSIL(0)/m/it/8 (bot) \TU/CharisSIL(0)/m
/n/8 Planto aro-mata

Underfull \hbox (badness 10000) in paragraph at lines 91--92
\TU/CharisSIL(0)/m/n/8 po-zaji »\TU/CharisSIL(0)/m/it/8 L. ar-te-mi-sia ab-si
n-

Underfull \hbox (badness 5388) in paragraph at lines 105--106
[]\TU/Inter(0)/b/n/8 ab-strak-tar[]\TU/CharisSIL(0)/m/it/8 (trans)\TU/Inter(0)/
b/n/7 1. \TU/CharisSIL(0)/m/n/8 Izo-lar per

Underfull \hbox (badness 10000) in paragraph at lines 121--122
[]\TU/Inter(0)/b/n/8 ace-le-rar[]\TU/CharisSIL(0)/m/it/8 (trans) \TU/CharisSIL(
0)/m/n/8 Igar plu ra-

Package fancyhdr Warning: \headheight is too small (12.0pt): 
(fancyhdr)                Make it at least 16.54997pt, for example:
(fancyhdr)                \setlength{\headheight}{16.54997pt}.
(fancyhdr)                You might also make \topmargin smaller to compensate:

(fancyhdr)                \addtolength{\topmargin}{-4.54997pt}.

[4]
Underfull \hbox (badness 6775) in paragraph at lines 155--156
[]\TU/Inter(0)/b/n/8 aci-den-tar[]\TU/CharisSIL(0)/m/it/8 (trans)\TU/Inter(0)/b
/n/7 1. \TU/CharisSIL(0)/m/n/8 Rup-tar ha-

Underfull \hbox (badness 6316) in paragraph at lines 157--158
\TU/CharisSIL(0)/m/n/8 onu me-zu-ras la koncentreso-

Underfull \hbox (badness 10000) in paragraph at lines 165--166
[]\TU/Inter(0)/b/n/8 adap-tar[]\TU/CharisSIL(0)/m/it/8 (trans., ad) \TU/CharisS
IL(0)/m/n/8 Uni-o-nar

Underfull \hbox (badness 6380) in paragraph at lines 199--200
[]\TU/Inter(0)/b/n/8 ad-mi-sar[]\TU/CharisSIL(0)/m/it/8 (trans., aden) \TU/Char
isSIL(0)/m/n/8 Acep-tar

Package fancyhdr Warning: \headheight is too small (12.0pt): 
(fancyhdr)                Make it at least 16.54997pt, for example:
(fancyhdr)                \setlength{\headheight}{16.54997pt}.
(fancyhdr)                You might also make \topmargin smaller to compensate:

(fancyhdr)                \addtolength{\topmargin}{-4.54997pt}.

[5]
Underfull \hbox (badness 10000) in paragraph at lines 225--226
\TU/CharisSIL(0)/m/n/8 di ad-jek-tivo, di verbo, di

Package fancyhdr Warning: \headheight is too small (12.0pt): 
(fancyhdr)                Make it at least 16.54997pt, for example:
(fancyhdr)                \setlength{\headheight}{16.54997pt}.
(fancyhdr)                You might also make \topmargin smaller to compensate:

(fancyhdr)                \addtolength{\topmargin}{-4.54997pt}.

[6]
Underfull \hbox (badness 10000) in paragraph at lines 259--260
[]\TU/Inter(0)/b/n/8 afek-tar[]\TU/CharisSIL(0)/m/it/8 (trans)\TU/Inter(0)/b/n/
7 1. \TU/CharisSIL(0)/m/n/8 (me-di-cino)

Underfull \hbox (badness 10000) in paragraph at lines 263--264
[]\TU/Inter(0)/b/n/8 afero[]\TU/Inter(0)/b/n/7 1. \TU/CharisSIL(0)/m/n/8 To quo
n onu ha-vas

Underfull \hbox (badness 6927) in paragraph at lines 263--264
\TU/CharisSIL(0)/m/n/8 (3) ko-merco) Vendo-kontrato.

Underfull \hbox (badness 10000) in paragraph at lines 281--282
[]\TU/Inter(0)/b/n/8 afron-tar[]\TU/CharisSIL(0)/m/it/8 (trans)\TU/Inter(0)/b/n
/7 1. \TU/CharisSIL(0)/m/n/8 Opo-zar su,

Underfull \hbox (badness 10000) in paragraph at lines 287--288
[]\TU/Inter(0)/b/n/8 afu-zi-o-nar[]\TU/CharisSIL(0)/m/it/8 (trans) \TU/CharisSI
L(0)/m/n/8 Igar li-qu-ido

Underfull \hbox (badness 10000) in paragraph at lines 293--294
[]\TU/Inter(0)/b/n/8 agapo[]\TU/CharisSIL(0)/m/it/8 (religio) \TU/CharisSIL(0)/
m/n/8 Re-pa-sto quan,

Underfull \hbox (badness 6396) in paragraph at lines 293--294
\TU/CharisSIL(0)/m/n/8 ori-gine, la Kri-stani agis ko-

Underfull \hbox (badness 10000) in paragraph at lines 301--302
[]\TU/Inter(0)/b/n/8 aga-riko[]\TU/CharisSIL(0)/m/it/8 (bot) \TU/CharisSIL(0)/m
/n/8 Nomo di fungi

Package fancyhdr Warning: \headheight is too small (12.0pt): 
(fancyhdr)                Make it at least 16.54997pt, for example:
(fancyhdr)                \setlength{\headheight}{16.54997pt}.
(fancyhdr)                You might also make \topmargin smaller to compensate:

(fancyhdr)                \addtolength{\topmargin}{-4.54997pt}.

[7]
Underfull \hbox (badness 10000) in paragraph at lines 319--320
[]\TU/Inter(0)/b/n/8 aglu-ti-nar[]\TU/CharisSIL(0)/m/it/8 (trans) \TU/CharisSIL
(0)/m/n/8 In-ter-glu-ti-nar

Underfull \hbox (badness 10000) in paragraph at lines 339--340
\TU/CharisSIL(0)/m/n/8 li-mi-ti-zita por uzeso par-ti-ku-

Package fancyhdr Warning: \headheight is too small (12.0pt): 
(fancyhdr)                Make it at least 16.54997pt, for example:
(fancyhdr)                \setlength{\headheight}{16.54997pt}.
(fancyhdr)                You might also make \topmargin smaller to compensate:

(fancyhdr)                \addtolength{\topmargin}{-4.54997pt}.

[8]
Underfull \hbox (badness 10000) in paragraph at lines 363--364
[]\TU/Inter(0)/b/n/8 aju-star[]\TU/CharisSIL(0)/m/it/8 (trans) \TU/CharisSIL(0)
/m/n/8 In-ter-mun-tar ed

Underfull \hbox (badness 10000) in paragraph at lines 385--386
[]\TU/Inter(0)/b/n/8 ak-neo[]\TU/CharisSIL(0)/m/it/8 (patol) \TU/CharisSIL(0)/m
/n/8 Erupto di pa-

Package fancyhdr Warning: \headheight is too small (12.0pt): 
(fancyhdr)                Make it at least 16.54997pt, for example:
(fancyhdr)                \setlength{\headheight}{16.54997pt}.
(fancyhdr)                You might also make \topmargin smaller to compensate:

(fancyhdr)                \addtolength{\topmargin}{-4.54997pt}.

[9]
Underfull \hbox (badness 10000) in paragraph at lines 399--400
[]\TU/Inter(0)/b/n/8 akor-de-ono[] \TU/CharisSIL(0)/m/n/8 Muzik-instrumento,

Underfull \hbox (badness 7116) in paragraph at lines 399--400
\TU/CharisSIL(0)/m/n/8 kun kla-varo, lan-geti me-tala,

Underfull \hbox (badness 10000) in paragraph at lines 419--420
[]\TU/Inter(0)/b/n/8 akro-te-rio[]\TU/CharisSIL(0)/m/it/8 (arkit) \TU/CharisSIL
(0)/m/n/8 So-klo di sta-

Underfull \hbox (badness 10000) in paragraph at lines 433--434
[]\TU/Inter(0)/b/n/8 aku-lar[]\TU/CharisSIL(0)/m/it/8 (trans., ad)\TU/Inter(0)/
b/n/7 1. \TU/CharisSIL(0)/m/n/8 Igar bu-

Underfull \hbox (badness 7012) in paragraph at lines 439--440
\TU/CharisSIL(0)/m/n/8 cize ye la kloko kon-ven-ci-o-

Package fancyhdr Warning: \headheight is too small (12.0pt): 
(fancyhdr)                Make it at least 16.54997pt, for example:
(fancyhdr)                \setlength{\headheight}{16.54997pt}.
(fancyhdr)                You might also make \topmargin smaller to compensate:

(fancyhdr)                \addtolength{\topmargin}{-4.54997pt}.

[10]
Underfull \hbox (badness 10000) in paragraph at lines 455--456
[]\TU/Inter(0)/b/n/8 alak-tar[]\TU/CharisSIL(0)/m/it/8 (trans,) (alu-dante mu-l
i-

Underfull \hbox (badness 10000) in paragraph at lines 457--458
[]\TU/Inter(0)/b/n/8 alam-biko[] \TU/CharisSIL(0)/m/n/8 Apa-rato por di-sti-

Package fancyhdr Warning: \headheight is too small (12.0pt): 
(fancyhdr)                Make it at least 16.54997pt, for example:
(fancyhdr)                \setlength{\headheight}{16.54997pt}.
(fancyhdr)                You might also make \topmargin smaller to compensate:

(fancyhdr)                \addtolength{\topmargin}{-4.54997pt}.

[11]
Underfull \hbox (badness 10000) in paragraph at lines 533--534
[]\TU/Inter(0)/b/n/8 ali-qu-anta[]\TU/CharisSIL(0)/m/it/8 (matem) \TU/CharisSIL
(0)/m/n/8 Di-ce-sas pri

Package fancyhdr Warning: \headheight is too small (12.0pt): 
(fancyhdr)                Make it at least 16.54997pt, for example:
(fancyhdr)                \setlength{\headheight}{16.54997pt}.
(fancyhdr)                You might also make \topmargin smaller to compensate:

(fancyhdr)                \addtolength{\topmargin}{-4.54997pt}.

[12]
Underfull \hbox (badness 10000) in paragraph at lines 535--536
[]\TU/Inter(0)/b/n/8 ali-qu-ota[]\TU/CharisSIL(0)/m/it/8 (matem) \TU/CharisSIL(
0)/m/n/8 Di-ce-sas pri

Underfull \hbox (badness 6592) in paragraph at lines 557--558
\TU/CharisSIL(0)/m/n/8 por lo-ki-zar ibe un o plura

Package fancyhdr Warning: \headheight is too small (12.0pt): 
(fancyhdr)                Make it at least 16.54997pt, for example:
(fancyhdr)                \setlength{\headheight}{16.54997pt}.
(fancyhdr)                You might also make \topmargin smaller to compensate:

(fancyhdr)                \addtolength{\topmargin}{-4.54997pt}.

[13]
Underfull \hbox (badness 6542) in paragraph at lines 597--598
\TU/CharisSIL(0)/m/n/8 la fa-mi-lio « mal-va-cei »\TU/CharisSIL(0)/m/it/8 L
. al-

Underfull \hbox (badness 6510) in paragraph at lines 607--608
\TU/CharisSIL(0)/m/n/8 pro-duk-tas elek-tro-fluo al-ter-na-

Package fancyhdr Warning: \headheight is too small (12.0pt): 
(fancyhdr)                Make it at least 16.54997pt, for example:
(fancyhdr)                \setlength{\headheight}{16.54997pt}.
(fancyhdr)                You might also make \topmargin smaller to compensate:

(fancyhdr)                \addtolength{\topmargin}{-4.54997pt}.

[14]
Underfull \hbox (badness 10000) in paragraph at lines 655--656
[]\TU/Inter(0)/b/n/8 am-bi-dex-tra[] \TU/CharisSIL(0)/m/n/8 Qua uzas egale-

Underfull \hbox (badness 10000) in paragraph at lines 665--666
[]\TU/Inter(0)/b/n/8 am-boso[] \TU/CharisSIL(0)/m/n/8 Maso de fero stalo-

Underfull \hbox (badness 10000) in paragraph at lines 667--668
[]\TU/Inter(0)/b/n/8 am-bro[] \TU/CharisSIL(0)/m/n/8 Sub-stanco va-xa-tra,

Underfull \hbox (badness 6063) in paragraph at lines 669--670
[]\TU/Inter(0)/b/n/8 am-bro-zio[]\TU/CharisSIL(0)/m/it/8 (mitol) \TU/CharisSIL(
0)/m/n/8 Sub-stanco de

Underfull \hbox (badness 10000) in paragraph at lines 669--670
\TU/CharisSIL(0)/m/n/8 quo de-lek-te-sis la ne-mor-tivi.

Underfull \hbox (badness 6348) in paragraph at lines 679--680
[]\TU/Inter(0)/b/n/8 amen[] \TU/CharisSIL(0)/m/n/8 « Tale even-tez ». For-

Package fancyhdr Warning: \headheight is too small (12.0pt): 
(fancyhdr)                Make it at least 16.54997pt, for example:
(fancyhdr)                \setlength{\headheight}{16.54997pt}.
(fancyhdr)                You might also make \topmargin smaller to compensate:

(fancyhdr)                \addtolength{\topmargin}{-4.54997pt}.

[15]
Underfull \hbox (badness 10000) in paragraph at lines 693--694
\TU/CharisSIL(0)/m/n/8 departo-punto ce-lulo pro-duk-

Underfull \hbox (badness 10000) in paragraph at lines 697--698
[]\TU/Inter(0)/b/n/8 am-fi-pi-re-nino[]\TU/CharisSIL(0)/m/it/8 (Biol) \TU/Chari
sSIL(0)/m/n/8 Sub-stanco

Underfull \hbox (badness 10000) in paragraph at lines 697--698
\TU/CharisSIL(0)/m/n/8 mem-brano di la ti-suo ce-lu-

Underfull \hbox (badness 6188) in paragraph at lines 699--700
\TU/CharisSIL(0)/m/n/8 a-tori\TU/Inter(0)/b/n/7 2. \TU/CharisSIL(0)/m/n/8 Parto
 di te-a-tro mo-

Underfull \hbox (badness 10000) in paragraph at lines 707--708
[]\TU/Inter(0)/b/n/8 ami-dolo[]\TU/CharisSIL(0)/m/it/8 (kemio) \TU/CharisSIL(0)
/m/n/8 Di-a-mi-do-fe-nolo

Underfull \hbox (badness 10000) in paragraph at lines 711--712
[]\TU/Inter(0)/b/n/8 amilo[]\TU/CharisSIL(0)/m/it/8 (kemio) \TU/CharisSIL(0)/m/
n/8 (CH3)2. CH.

Underfull \hbox (badness 10000) in paragraph at lines 725--726
[]\TU/Inter(0)/b/n/8 amo-ni-ako[]\TU/CharisSIL(0)/m/it/8 (kemio) \TU/CharisSIL(
0)/m/n/8 Amonio-

Underfull \hbox (badness 10000) in paragraph at lines 729--730
[]\TU/Inter(0)/b/n/8 amo-nito[]\TU/CharisSIL(0)/m/it/8 (Paleontol) \TU/CharisSI
L(0)/m/n/8 Konko fo-

Underfull \hbox (badness 10000) in paragraph at lines 739--740
\TU/CharisSIL(0)/m/n/8 vi-o-len-toza; fe-bli-gar\TU/Inter(0)/b/n/7 2. \TU/Chari
sSIL(0)/m/n/8 Ex-tin-

Package fancyhdr Warning: \headheight is too small (12.0pt): 
(fancyhdr)                Make it at least 16.54997pt, for example:
(fancyhdr)                \setlength{\headheight}{16.54997pt}.
(fancyhdr)                You might also make \topmargin smaller to compensate:

(fancyhdr)                \addtolength{\topmargin}{-4.54997pt}.

[16]
Underfull \hbox (badness 10000) in paragraph at lines 747--748
[]\TU/Inter(0)/b/n/8 ampè-re-me-tro[]\TU/CharisSIL(0)/m/it/8 (elektro) \TU/Cha
risSIL(0)/m/n/8 In-stru-

Underfull \hbox (badness 10000) in paragraph at lines 751--752
[]\TU/Inter(0)/b/n/8 am-pli-tudo[] \TU/CharisSIL(0)/m/n/8 Grandeso-grado di

Underfull \hbox (badness 10000) in paragraph at lines 757--758
[]\TU/Inter(0)/b/n/8 amu-leto[] \TU/CharisSIL(0)/m/n/8 Ob-jekto a qua onu

Underfull \hbox (badness 10000) in paragraph at lines 757--758
\TU/CharisSIL(0)/m/n/8 atri-buas su-per-sti-coze ku-ra-ci-

Package fancyhdr Warning: \headheight is too small (12.0pt): 
(fancyhdr)                Make it at least 16.54997pt, for example:
(fancyhdr)                \setlength{\headheight}{16.54997pt}.
(fancyhdr)                You might also make \topmargin smaller to compensate:

(fancyhdr)                \addtolength{\topmargin}{-4.54997pt}.

[17]
Underfull \hbox (badness 10000) in paragraph at lines 805--806
[]\TU/Inter(0)/b/n/8 ana-stig-mata[]\TU/CharisSIL(0)/m/it/8 (Opt) \TU/CharisSIL
(0)/m/n/8 Vi-tro, od

Underfull \hbox (badness 10000) in paragraph at lines 823--824
[]\TU/Inter(0)/b/n/8 an-dro-di-o-ika[]\TU/CharisSIL(0)/m/it/8 (bot) \TU/CharisS
IL(0)/m/n/8 Qu-a-leso di

Underfull \hbox (badness 10000) in paragraph at lines 831--832
[]\TU/Inter(0)/b/n/8 ane-mio[]\TU/CharisSIL(0)/m/it/8 (patol) \TU/CharisSIL(0)/
m/n/8 De-pe-riso pro-

Underfull \hbox (badness 10000) in paragraph at lines 831--832
\TU/CharisSIL(0)/m/n/8 duk-tata da la po-vre-sko di

Package fancyhdr Warning: \headheight is too small (12.0pt): 
(fancyhdr)                Make it at least 16.54997pt, for example:
(fancyhdr)                \setlength{\headheight}{16.54997pt}.
(fancyhdr)                You might also make \topmargin smaller to compensate:

(fancyhdr)                \addtolength{\topmargin}{-4.54997pt}.

[18]
Underfull \hbox (badness 10000) in paragraph at lines 839--840
[]\TU/Inter(0)/b/n/8 ane-ro-ido[] \TU/CharisSIL(0)/m/n/8 Ba-ro-me-tro sen li-qu
-

Underfull \hbox (badness 8075) in paragraph at lines 849--850
[]\TU/Inter(0)/b/n/8 an-ge-liko[]\TU/CharisSIL(0)/m/it/8 (bot) \TU/CharisSIL(0)
/m/n/8 Planto aro-mata,

Underfull \hbox (badness 10000) in paragraph at lines 889--890
[]\TU/Inter(0)/b/n/8 an-jelo[]\TU/CharisSIL(0)/m/it/8 (religio krist) \TU/Chari
sSIL(0)/m/n/8 Pura spi-

Package fancyhdr Warning: \headheight is too small (12.0pt): 
(fancyhdr)                Make it at least 16.54997pt, for example:
(fancyhdr)                \setlength{\headheight}{16.54997pt}.
(fancyhdr)                You might also make \topmargin smaller to compensate:

(fancyhdr)                \addtolength{\topmargin}{-4.54997pt}.

[19]
Underfull \hbox (badness 10000) in paragraph at lines 919--920
[]\TU/Inter(0)/b/n/8 ante[] \TU/CharisSIL(0)/m/n/8 En epoko qua pre-iras

Underfull \hbox (badness 10000) in paragraph at lines 949--950
\TU/CharisSIL(0)/m/n/8 gra-cila, gra-coza, kun korni

Underfull \hbox (badness 5260) in paragraph at lines 949--950
\TU/CharisSIL(0)/m/n/8 nu-kleo ostoza, bloka\TU/CharisSIL(0)/m/it/8 L. an-ti-

Package fancyhdr Warning: \headheight is too small (12.0pt): 
(fancyhdr)                Make it at least 16.54997pt, for example:
(fancyhdr)                \setlength{\headheight}{16.54997pt}.
(fancyhdr)                You might also make \topmargin smaller to compensate:

(fancyhdr)                \addtolength{\topmargin}{-4.54997pt}.

[20]
Underfull \hbox (badness 10000) in paragraph at lines 965--966
\TU/CharisSIL(0)/m/n/8 te-sas da la apu-digo di du

Underfull \hbox (badness 7558) in paragraph at lines 989--990
\TU/CharisSIL(0)/m/n/8 la rek-tumo, per qua eki-ras

Package fancyhdr Warning: \headheight is too small (12.0pt): 
(fancyhdr)                Make it at least 16.54997pt, for example:
(fancyhdr)                \setlength{\headheight}{16.54997pt}.
(fancyhdr)                You might also make \topmargin smaller to compensate:

(fancyhdr)                \addtolength{\topmargin}{-4.54997pt}.

[21]
Underfull \hbox (badness 10000) in paragraph at lines 1015--1016
[]\TU/Inter(0)/b/n/8 apen-di-cito[]\TU/CharisSIL(0)/m/it/8 (patol) \TU/CharisSI
L(0)/m/n/8 In-fla-muro

Underfull \hbox (badness 7186) in paragraph at lines 1051--1052
\TU/CharisSIL(0)/m/n/8 e Suno di-stas de Tero ma-

Underfull \hbox (badness 10000) in paragraph at lines 1055--1056
[]\TU/Inter(0)/b/n/8 apo-krifa[]\TU/CharisSIL(0)/m/it/8 (religio)\TU/Inter(0)/b
/n/7 1. \TU/CharisSIL(0)/m/n/8 Ne acep-

Package fancyhdr Warning: \headheight is too small (12.0pt): 
(fancyhdr)                Make it at least 16.54997pt, for example:
(fancyhdr)                \setlength{\headheight}{16.54997pt}.
(fancyhdr)                You might also make \topmargin smaller to compensate:

(fancyhdr)                \addtolength{\topmargin}{-4.54997pt}.

[22]
Underfull \hbox (badness 10000) in paragraph at lines 1081--1082
[]\TU/Inter(0)/b/n/8 apo-zi-ci-ono[]\TU/CharisSIL(0)/m/it/8 (gram) \TU/CharisSI
L(0)/m/n/8 Qu-a-li-fiko

Underfull \hbox (badness 6559) in paragraph at lines 1091--1092
\TU/CharisSIL(0)/m/n/8 mulo) ke akto, konto, esas

Package fancyhdr Warning: \headheight is too small (12.0pt): 
(fancyhdr)                Make it at least 16.54997pt, for example:
(fancyhdr)                \setlength{\headheight}{16.54997pt}.
(fancyhdr)                You might also make \topmargin smaller to compensate:

(fancyhdr)                \addtolength{\topmargin}{-4.54997pt}.

[23]
Underfull \hbox (badness 5504) in paragraph at lines 1155--1156
[]\TU/Inter(0)/b/n/8 ar-dezo[] \TU/CharisSIL(0)/m/n/8 Argilo-skisto, ne-bu-la-t
re

Package fancyhdr Warning: \headheight is too small (12.0pt): 
(fancyhdr)                Make it at least 16.54997pt, for example:
(fancyhdr)                \setlength{\headheight}{16.54997pt}.
(fancyhdr)                You might also make \topmargin smaller to compensate:

(fancyhdr)                \addtolength{\topmargin}{-4.54997pt}.

[24]
Underfull \hbox (badness 7047) in paragraph at lines 1161--1162
[]\TU/Inter(0)/b/n/8 areko[]\TU/CharisSIL(0)/m/it/8 (bot) \TU/CharisSIL(0)/m/n/
8 Ge-nero de planto,

Underfull \hbox (badness 8075) in paragraph at lines 1161--1162
\TU/CharisSIL(0)/m/n/8 de la fa-mi-lio « pal-mi-ero »\TU/CharisSIL(0)/m/it/
8 L.

Underfull \hbox (badness 6412) in paragraph at lines 1171--1172
\TU/CharisSIL(0)/m/n/8 me-zu-rar la denseso-grado di

Underfull \hbox (badness 7722) in paragraph at lines 1195--1196
\TU/CharisSIL(0)/m/n/8 e de toni ye qui kon-si-stas

Underfull \hbox (badness 10000) in paragraph at lines 1205--1206
[]\TU/Inter(0)/b/n/8 arit-mo-grafo[] \TU/CharisSIL(0)/m/n/8 Apa-rato por kal-

Underfull \hbox (badness 10000) in paragraph at lines 1205--1206
\TU/CharisSIL(0)/m/n/8 ku-lar me-ka-nike; kalkulo-

Overfull \hbox (3.74931pt too wide) in paragraph at lines 1211--1212
[]\TU/Inter(0)/b/n/8 arit-mo-me-tro[] \TU/CharisSIL(0)/m/n/8 Kalkulo-linealo[]\
TU/Inter(0)/m/n/6 DEFIRS[] 

Package fancyhdr Warning: \headheight is too small (12.0pt): 
(fancyhdr)                Make it at least 16.54997pt, for example:
(fancyhdr)                \setlength{\headheight}{16.54997pt}.
(fancyhdr)                You might also make \topmargin smaller to compensate:

(fancyhdr)                \addtolength{\topmargin}{-4.54997pt}.

[25]
Underfull \hbox (badness 10000) in paragraph at lines 1255--1256
\TU/CharisSIL(0)/m/n/8 li-neo ir-ga-speca\TU/Inter(0)/b/n/7 2. \TU/CharisSIL(0)
/m/n/8 Kon-struk-

Underfull \hbox (badness 10000) in paragraph at lines 1265--1266
[]\TU/Inter(0)/b/n/8 ar-ma-dilo[]\TU/CharisSIL(0)/m/it/8 (zool) \TU/CharisSIL(0
)/m/n/8 Ma-mi-fero sen-

Package fancyhdr Warning: \headheight is too small (12.0pt): 
(fancyhdr)                Make it at least 16.54997pt, for example:
(fancyhdr)                \setlength{\headheight}{16.54997pt}.
(fancyhdr)                You might also make \topmargin smaller to compensate:

(fancyhdr)                \addtolength{\topmargin}{-4.54997pt}.

[26]
Underfull \hbox (badness 7047) in paragraph at lines 1293--1294
\TU/CharisSIL(0)/m/n/8 sar li-qu-ido gu-tope, imi-tante

Underfull \hbox (badness 10000) in paragraph at lines 1323--1324
[]\TU/Inter(0)/b/n/8 ar-til-rio[]\TU/CharisSIL(0)/m/it/8 (milit-arto) \TU/Chari
sSIL(0)/m/n/8 Armeo-korpo

Package fancyhdr Warning: \headheight is too small (12.0pt): 
(fancyhdr)                Make it at least 16.54997pt, for example:
(fancyhdr)                \setlength{\headheight}{16.54997pt}.
(fancyhdr)                You might also make \topmargin smaller to compensate:

(fancyhdr)                \addtolength{\topmargin}{-4.54997pt}.

[27]
Underfull \hbox (badness 5036) in paragraph at lines 1353--1354
[]\TU/Inter(0)/b/n/8 asem-blar[]\TU/Inter(0)/b/n/7 1. \TU/CharisSIL(0)/m/n/8 Ju
n-ti-gar pro-vi-zore

Underfull \hbox (badness 10000) in paragraph at lines 1355--1356
[]\TU/Inter(0)/b/n/8 asen-tar[]\TU/CharisSIL(0)/m/it/8 (trans) \TU/CharisSIL(0)
/m/n/8 Adop-tar la

Underfull \hbox (badness 10000) in paragraph at lines 1357--1358
[]\TU/Inter(0)/b/n/8 asepta[] \TU/CharisSIL(0)/m/n/8 Qua ne kon-te-nas mi-

Underfull \hbox (badness 10000) in paragraph at lines 1361--1362
\TU/CharisSIL(0)/m/n/8 pre-ci-pue di la lago Asphal-

Underfull \hbox (badness 6592) in paragraph at lines 1377--1378
\TU/CharisSIL(0)/m/it/8 guli e fi-guri ge-o-me-tri-ala) \TU/CharisSIL(0)/m/n/8 
Ne-

Package fancyhdr Warning: \headheight is too small (12.0pt): 
(fancyhdr)                Make it at least 16.54997pt, for example:
(fancyhdr)                \setlength{\headheight}{16.54997pt}.
(fancyhdr)                You might also make \topmargin smaller to compensate:

(fancyhdr)                \addtolength{\topmargin}{-4.54997pt}.

[28]
Underfull \hbox (badness 5771) in paragraph at lines 1397--1398
\TU/CharisSIL(0)/m/n/8 ve-nar (alu-dante la sama so-

Underfull \hbox (badness 6842) in paragraph at lines 1399--1400
[]\TU/Inter(0)/b/n/8 asor-tar[]\TU/CharisSIL(0)/m/it/8 (trans., kun) \TU/Charis
SIL(0)/m/n/8 Kun-po-zar

Package fancyhdr Warning: \headheight is too small (12.0pt): 
(fancyhdr)                Make it at least 16.54997pt, for example:
(fancyhdr)                \setlength{\headheight}{16.54997pt}.
(fancyhdr)                You might also make \topmargin smaller to compensate:

(fancyhdr)                \addtolength{\topmargin}{-4.54997pt}.

[29]
Underfull \hbox (badness 5563) in paragraph at lines 1449--1450
[]\TU/Inter(0)/b/n/8 astro-cen-tro[]\TU/CharisSIL(0)/m/it/8 (biol) \TU/CharisSI
L(0)/m/n/8 Fu-zelo akro-

Underfull \hbox (badness 10000) in paragraph at lines 1453--1454
[]\TU/Inter(0)/b/n/8 astro-ida[] \TU/CharisSIL(0)/m/n/8 Astro-forma, stelo-

Underfull \hbox (badness 10000) in paragraph at lines 1461--1462
[]\TU/Inter(0)/b/n/8 astro-no-mio[] \TU/CharisSIL(0)/m/n/8 Ci-enco pri la

Underfull \hbox (badness 10000) in paragraph at lines 1465--1466
[]\TU/Inter(0)/b/n/8 astros-fero[]\TU/CharisSIL(0)/m/it/8 (biol) \TU/CharisSIL(
0)/m/n/8 Sfero atrak-

Underfull \hbox (badness 5667) in paragraph at lines 1475--1476
[]\TU/Inter(0)/b/n/8 ata-ra-xio[] \TU/CharisSIL(0)/m/n/8 Qu-i-e-teso di la psik
o

Underfull \hbox (badness 10000) in paragraph at lines 1483--1484
[]\TU/Inter(0)/b/n/8 ate-i-smo[] \TU/CharisSIL(0)/m/n/8 Opi-ni-ono di la per-

Underfull \hbox (badness 10000) in paragraph at lines 1491--1492
[]\TU/Inter(0)/b/n/8 aten-tar[]\TU/CharisSIL(0)/m/it/8 (trans) \TU/CharisSIL(0)
/m/n/8 Krimino-

Package fancyhdr Warning: \headheight is too small (12.0pt): 
(fancyhdr)                Make it at least 16.54997pt, for example:
(fancyhdr)                \setlength{\headheight}{16.54997pt}.
(fancyhdr)                You might also make \topmargin smaller to compensate:

(fancyhdr)                \addtolength{\topmargin}{-4.54997pt}.

[30]
Underfull \hbox (badness 10000) in paragraph at lines 1529--1530
[]\TU/Inter(0)/b/n/8 atro-fiar[]\TU/CharisSIL(0)/m/it/8 (trans) \TU/CharisSIL(0
)/m/n/8 Igar de-pe-ri-sar

Underfull \hbox (badness 10000) in paragraph at lines 1547--1548
[]\TU/Inter(0)/b/n/8 augias-stablo[] \TU/CharisSIL(0)/m/n/8 Loko tre sor-

Underfull \hbox (badness 10000) in paragraph at lines 1549--1550
[]\TU/Inter(0)/b/n/8 aug-men-tar[]\TU/CharisSIL(0)/m/it/8 (trans) \TU/CharisSIL
(0)/m/n/8 Igar plu

Package fancyhdr Warning: \headheight is too small (12.0pt): 
(fancyhdr)                Make it at least 16.54997pt, for example:
(fancyhdr)                \setlength{\headheight}{16.54997pt}.
(fancyhdr)                You might also make \topmargin smaller to compensate:

(fancyhdr)                \addtolength{\topmargin}{-4.54997pt}.

[31]
Underfull \hbox (badness 10000) in paragraph at lines 1569--1570
[]\TU/Inter(0)/b/n/8 au-stro[] \TU/CharisSIL(0)/m/n/8 Vento de la re-gi-oni

Underfull \hbox (badness 10000) in paragraph at lines 1611--1612
[]\TU/Inter(0)/b/n/8 au-toro[]\TU/Inter(0)/b/n/7 1. \TU/CharisSIL(0)/m/n/8 La k
a-uzo prima di

Underfull \hbox (badness 10000) in paragraph at lines 1613--1614
[]\TU/Inter(0)/b/n/8 au-to-sporo[]\TU/CharisSIL(0)/m/it/8 (biol) \TU/CharisSIL(
0)/m/n/8 Sporo adul-te-

Underfull \hbox (badness 10000) in paragraph at lines 1615--1616
\TU/CharisSIL(0)/m/n/8 plako me-tala, lumo-sentiva,

Package fancyhdr Warning: \headheight is too small (12.0pt): 
(fancyhdr)                Make it at least 16.54997pt, for example:
(fancyhdr)                \setlength{\headheight}{16.54997pt}.
(fancyhdr)                You might also make \topmargin smaller to compensate:

(fancyhdr)                \addtolength{\topmargin}{-4.54997pt}.

[32]
Underfull \hbox (badness 10000) in paragraph at lines 1623--1624
[]\TU/Inter(0)/b/n/8 ava-lan-char[]\TU/CharisSIL(0)/m/it/8 (netrans) (alu-dante


Underfull \hbox (badness 5077) in paragraph at lines 1639--1640
\TU/CharisSIL(0)/m/n/8 per in-vo-lu-kro\TU/CharisSIL(0)/m/it/8 L. cory-lus evel
-

Underfull \hbox (badness 10000) in paragraph at lines 1653--1654
[]\TU/Inter(0)/b/n/8 avida[] \TU/CharisSIL(0)/m/n/8 Qua de-zi-ras ulo ne-

Underfull \hbox (badness 10000) in paragraph at lines 1655--1656
[]\TU/Inter(0)/b/n/8 avi-zar[]\TU/CharisSIL(0)/m/it/8 (trans., pri) \TU/CharisS
IL(0)/m/n/8 Do-nar in-

Package fancyhdr Warning: \headheight is too small (12.0pt): 
(fancyhdr)                Make it at least 16.54997pt, for example:
(fancyhdr)                \setlength{\headheight}{16.54997pt}.
(fancyhdr)                You might also make \topmargin smaller to compensate:

(fancyhdr)                \addtolength{\topmargin}{-4.54997pt}.

[33]
Underfull \hbox (badness 10000) in paragraph at lines 1675--1676
[]\TU/Inter(0)/b/n/8 aza-leo[]\TU/CharisSIL(0)/m/it/8 (bot) \TU/CharisSIL(0)/m/
n/8 Planto ek la fa-

Underfull \hbox (badness 10000) in paragraph at lines 1675--1676
\TU/CharisSIL(0)/m/n/8 mi-lio « eri-ka-cei », kul-ti-vata

Underfull \hbox (badness 10000) in paragraph at lines 1677--1678
[]\TU/Inter(0)/b/n/8 azi-go-sporo[]\TU/CharisSIL(0)/m/it/8 (biol) \TU/CharisSIL
(0)/m/n/8 Ga-meto kre-

Underfull \hbox (badness 10000) in paragraph at lines 1696--1697
[]\TU/Inter(0)/b/n/8 ba-bi-lar[]\TU/CharisSIL(0)/m/it/8 (netrans) \TU/CharisSIL
(0)/m/n/8 Pa-ro-lar ne-

Package fancyhdr Warning: \headheight is too small (12.0pt): 
(fancyhdr)                Make it at least 16.54997pt, for example:
(fancyhdr)                \setlength{\headheight}{16.54997pt}.
(fancyhdr)                You might also make \topmargin smaller to compensate:

(fancyhdr)                \addtolength{\topmargin}{-4.54997pt}.

[34]
Underfull \hbox (badness 10000) in paragraph at lines 1772--1773
[]\TU/Inter(0)/b/n/8 ba-lu-strado[] \TU/CharisSIL(0)/m/n/8 Rango for-ma-cita

Underfull \hbox (badness 10000) in paragraph at lines 1774--1775
[]\TU/Inter(0)/b/n/8 ba-lu-stro[] \TU/CharisSIL(0)/m/n/8 Mi-kra pi-la-stro fa-s
o-

Package fancyhdr Warning: \headheight is too small (12.0pt): 
(fancyhdr)                Make it at least 16.54997pt, for example:
(fancyhdr)                \setlength{\headheight}{16.54997pt}.
(fancyhdr)                You might also make \topmargin smaller to compensate:

(fancyhdr)                \addtolength{\topmargin}{-4.54997pt}.

[35]
Underfull \hbox (badness 10000) in paragraph at lines 1778--1779
[]\TU/Inter(0)/b/n/8 bal-zamo[]\TU/CharisSIL(0)/m/it/8 (anke me-taf)\TU/Inter(0
)/b/n/7 1. \TU/CharisSIL(0)/m/n/8 Sub-

Package fancyhdr Warning: \headheight is too small (12.0pt): 
(fancyhdr)                Make it at least 16.54997pt, for example:
(fancyhdr)                \setlength{\headheight}{16.54997pt}.
(fancyhdr)                You might also make \topmargin smaller to compensate:

(fancyhdr)                \addtolength{\topmargin}{-4.54997pt}.

[36]
Underfull \hbox (badness 10000) in paragraph at lines 1818--1819
[]\TU/Inter(0)/b/n/8 bar-bara[] \TU/CharisSIL(0)/m/n/8 Stran-jera pri ci-vi-li-


Package fancyhdr Warning: \headheight is too small (12.0pt): 
(fancyhdr)                Make it at least 16.54997pt, for example:
(fancyhdr)                \setlength{\headheight}{16.54997pt}.
(fancyhdr)                You might also make \topmargin smaller to compensate:

(fancyhdr)                \addtolength{\topmargin}{-4.54997pt}.

[37]
Underfull \hbox (badness 5939) in paragraph at lines 1882--1883
[]\TU/Inter(0)/b/n/8 ba-stingo[]\TU/CharisSIL(0)/m/it/8 (navig) \TU/CharisSIL(0
)/m/n/8 Gar-ni-suro cir-

Underfull \hbox (badness 10000) in paragraph at lines 1890--1891
\TU/CharisSIL(0)/m/n/8 dante in-di-vi-dui, ma ne ar-

Underfull \hbox (badness 10000) in paragraph at lines 1898--1899
\TU/CharisSIL(0)/m/n/8 Asem-blajo de plura elektro-

Underfull \hbox (badness 10000) in paragraph at lines 1898--1899
\TU/CharisSIL(0)/m/n/8 kondensatori por pro-duk-tar

Underfull \hbox (badness 10000) in paragraph at lines 1900--1901
[]\TU/Inter(0)/b/n/8 ba-ti-sto[] \TU/CharisSIL(0)/m/n/8 Dina stofo, ex-treme

Package fancyhdr Warning: \headheight is too small (12.0pt): 
(fancyhdr)                Make it at least 16.54997pt, for example:
(fancyhdr)                \setlength{\headheight}{16.54997pt}.
(fancyhdr)                You might also make \topmargin smaller to compensate:

(fancyhdr)                \addtolength{\topmargin}{-4.54997pt}.

[38]
Underfull \hbox (badness 10000) in paragraph at lines 1906--1907
[]\TU/Inter(0)/b/n/8 ba-ya-dero[] \TU/CharisSIL(0)/m/n/8 Dan-si-stino In-di-

Underfull \hbox (badness 10000) in paragraph at lines 1914--1915
\TU/CharisSIL(0)/m/n/8 la Ori-en-tani\TU/Inter(0)/b/n/7 2. \TU/CharisSIL(0)/m/n
/8 Edi-fico plur-

Underfull \hbox (badness 10000) in paragraph at lines 1914--1915
\TU/CharisSIL(0)/m/n/8 ube ven-de-sas ob-jekti omna-

Underfull \hbox (badness 10000) in paragraph at lines 1928--1929
[]\TU/Inter(0)/b/n/8 be-a-ti-fi-kar[]\TU/CharisSIL(0)/m/it/8 (trans) (alu-dante
 la

Underfull \hbox (badness 10000) in paragraph at lines 1946--1947
[]\TU/Inter(0)/b/n/8 bela[] \TU/CharisSIL(0)/m/n/8 Qua ve-ki-gas la admiro-

Package fancyhdr Warning: \headheight is too small (12.0pt): 
(fancyhdr)                Make it at least 16.54997pt, for example:
(fancyhdr)                \setlength{\headheight}{16.54997pt}.
(fancyhdr)                You might also make \topmargin smaller to compensate:

(fancyhdr)                \addtolength{\topmargin}{-4.54997pt}.

[39]
Underfull \hbox (badness 10000) in paragraph at lines 1954--1955
[]\TU/Inter(0)/b/n/8 be-molo[]\TU/CharisSIL(0)/m/it/8 (muziko) \TU/CharisSIL(0)
/m/n/8 Si-gno po-zita

Underfull \hbox (badness 5359) in paragraph at lines 1990--1991
[]\TU/Inter(0)/b/n/8 ber-lino[] \TU/CharisSIL(0)/m/n/8 Granda ka-roso klo-zita,


Package fancyhdr Warning: \headheight is too small (12.0pt): 
(fancyhdr)                Make it at least 16.54997pt, for example:
(fancyhdr)                \setlength{\headheight}{16.54997pt}.
(fancyhdr)                You might also make \topmargin smaller to compensate:

(fancyhdr)                \addtolength{\topmargin}{-4.54997pt}.

[40]
Underfull \hbox (badness 10000) in paragraph at lines 2030--2031
\TU/CharisSIL(0)/m/n/8 « Olda Te-sta-mento », che la

Underfull \hbox (badness 7151) in paragraph at lines 2042--2043
\TU/CharisSIL(0)/m/n/8 de-sti-nita a ko-qu-eso sur gri-

Package fancyhdr Warning: \headheight is too small (12.0pt): 
(fancyhdr)                Make it at least 16.54997pt, for example:
(fancyhdr)                \setlength{\headheight}{16.54997pt}.
(fancyhdr)                You might also make \topmargin smaller to compensate:

(fancyhdr)                \addtolength{\topmargin}{-4.54997pt}.

[41]

Package fancyhdr Warning: \headheight is too small (12.0pt): 
(fancyhdr)                Make it at least 16.54997pt, for example:
(fancyhdr)                \setlength{\headheight}{16.54997pt}.
(fancyhdr)                You might also make \topmargin smaller to compensate:

(fancyhdr)                \addtolength{\topmargin}{-4.54997pt}.

[42]
Underfull \hbox (badness 10000) in paragraph at lines 2104--2105
[]\TU/Inter(0)/b/n/8 bi-smuto[]\TU/CharisSIL(0)/m/it/8 (kemio) \TU/CharisSIL(0)
/m/n/8 Me-talo grize-

Underfull \hbox (badness 10000) in paragraph at lines 2120--2121
[]\TU/Inter(0)/b/n/8 bi-va-kar[]\TU/CharisSIL(0)/m/it/8 (netrans) \TU/CharisSIL
(0)/m/n/8 Kam-par sen

Underfull \hbox (badness 10000) in paragraph at lines 2134--2135
[]\TU/Inter(0)/b/n/8 blas-fe-mar[]\TU/CharisSIL(0)/m/it/8 (netrans) \TU/CharisS
IL(0)/m/n/8 Pro-nun-car

Underfull \hbox (badness 10000) in paragraph at lines 2136--2137
[]\TU/Inter(0)/b/n/8 blato[]\TU/CharisSIL(0)/m/it/8 (zool) \TU/CharisSIL(0)/m/n
/8 In-sekto or-top-tera

Underfull \hbox (badness 10000) in paragraph at lines 2148--2149
[]\TU/Inter(0)/b/n/8 blok-ha-uso[]\TU/CharisSIL(0)/m/it/8 (milit) \TU/CharisSIL
(0)/m/n/8 Fu-or-teto

Package fancyhdr Warning: \headheight is too small (12.0pt): 
(fancyhdr)                Make it at least 16.54997pt, for example:
(fancyhdr)                \setlength{\headheight}{16.54997pt}.
(fancyhdr)                You might also make \topmargin smaller to compensate:

(fancyhdr)                \addtolength{\topmargin}{-4.54997pt}.

[43]
Underfull \hbox (badness 10000) in paragraph at lines 2176--2177
[]\TU/Inter(0)/b/n/8 bo-i-ko-tar[]\TU/CharisSIL(0)/m/it/8 (trans) \TU/CharisSIL
(0)/m/n/8 In-ter-kon-sen-tar

Package fancyhdr Warning: \headheight is too small (12.0pt): 
(fancyhdr)                Make it at least 16.54997pt, for example:
(fancyhdr)                \setlength{\headheight}{16.54997pt}.
(fancyhdr)                You might also make \topmargin smaller to compensate:

(fancyhdr)                \addtolength{\topmargin}{-4.54997pt}.

[44]
Underfull \hbox (badness 10000) in paragraph at lines 2208--2209
[]\TU/Inter(0)/b/n/8 bonzo[] \TU/CharisSIL(0)/m/n/8 Budha-sacerdoto en la

Underfull \hbox (badness 10000) in paragraph at lines 2212--2213
\TU/CharisSIL(0)/m/n/8 rilo por-te-sas e mo-ve-sas da

Underfull \hbox (badness 10000) in paragraph at lines 2218--2219
\TU/CharisSIL(0)/m/n/8 dante navo) zig-zage kon-tre

Underfull \hbox (badness 5490) in paragraph at lines 2236--2237
\TU/CharisSIL(0)/m/n/8 ki-na-de-kedu karti\TU/Inter(0)/b/n/7 2. \TU/CharisSIL(0
)/m/n/8 Sorto di

Package fancyhdr Warning: \headheight is too small (12.0pt): 
(fancyhdr)                Make it at least 16.54997pt, for example:
(fancyhdr)                \setlength{\headheight}{16.54997pt}.
(fancyhdr)                You might also make \topmargin smaller to compensate:

(fancyhdr)                \addtolength{\topmargin}{-4.54997pt}.

[45]
Underfull \hbox (badness 10000) in paragraph at lines 2268--2269
[]\TU/Inter(0)/b/n/8 bra-ki-sto-krono[]\TU/CharisSIL(0)/m/it/8 (Mekan) \TU/Char
isSIL(0)/m/n/8 Kurvo

Package fancyhdr Warning: \headheight is too small (12.0pt): 
(fancyhdr)                Make it at least 16.54997pt, for example:
(fancyhdr)                \setlength{\headheight}{16.54997pt}.
(fancyhdr)                You might also make \topmargin smaller to compensate:

(fancyhdr)                \addtolength{\topmargin}{-4.54997pt}.

[46]
Underfull \hbox (badness 6978) in paragraph at lines 2324--2325
[]\TU/Inter(0)/b/n/8 bri-gan-tino[]\TU/CharisSIL(0)/m/it/8 (navig) \TU/CharisSI
L(0)/m/n/8 Mi-kra navo,

Underfull \hbox (badness 5726) in paragraph at lines 2324--2325
\TU/CharisSIL(0)/m/n/8 ri-goza qu-ale brigo, ma sen-

Underfull \hbox (badness 10000) in paragraph at lines 2330--2331
[]\TU/Inter(0)/b/n/8 bri-lar[]\TU/CharisSIL(0)/m/it/8 (netrans) \TU/CharisSIL(0
)/m/n/8 Di-fu-zar lumo

Underfull \hbox (badness 10000) in paragraph at lines 2346--2347
[]\TU/Inter(0)/b/n/8 bro-dar[]\TU/CharisSIL(0)/m/it/8 (trans) \TU/CharisSIL(0)/
m/n/8 Plu-be-li-gar (te-

Package fancyhdr Warning: \headheight is too small (12.0pt): 
(fancyhdr)                Make it at least 16.54997pt, for example:
(fancyhdr)                \setlength{\headheight}{16.54997pt}.
(fancyhdr)                You might also make \topmargin smaller to compensate:

(fancyhdr)                \addtolength{\topmargin}{-4.54997pt}.

[47]

Package fancyhdr Warning: \headheight is too small (12.0pt): 
(fancyhdr)                Make it at least 16.54997pt, for example:
(fancyhdr)                \setlength{\headheight}{16.54997pt}.
(fancyhdr)                You might also make \topmargin smaller to compensate:

(fancyhdr)                \addtolength{\topmargin}{-4.54997pt}.

[48]
Underfull \hbox (badness 10000) in paragraph at lines 2430--2431
[]\TU/Inter(0)/b/n/8 bu-li-mio[]\TU/CharisSIL(0)/m/it/8 (patol) \TU/CharisSIL(0
)/m/n/8 Ape-tito ne-

Package fancyhdr Warning: \headheight is too small (12.0pt): 
(fancyhdr)                Make it at least 16.54997pt, for example:
(fancyhdr)                \setlength{\headheight}{16.54997pt}.
(fancyhdr)                You might also make \topmargin smaller to compensate:

(fancyhdr)                \addtolength{\topmargin}{-4.54997pt}.

[49]
Underfull \hbox (badness 10000) in paragraph at lines 2468--2469
\TU/CharisSIL(0)/m/n/8 le-stoze uzas, a pu-bliko, la

Underfull \hbox (badness 7963) in paragraph at lines 2468--2469
\TU/CharisSIL(0)/m/n/8 povo quan do-nas a lu lua

Underfull \hbox (badness 6725) in paragraph at lines 2486--2487
[]\TU/Inter(0)/b/n/8 bu-tar[]\TU/CharisSIL(0)/m/it/8 (netrans., kon-tre)\TU/Int
er(0)/b/n/7 1. \TU/CharisSIL(0)/m/n/8 Mar-

Package fancyhdr Warning: \headheight is too small (12.0pt): 
(fancyhdr)                Make it at least 16.54997pt, for example:
(fancyhdr)                \setlength{\headheight}{16.54997pt}.
(fancyhdr)                You might also make \topmargin smaller to compensate:

(fancyhdr)                \addtolength{\topmargin}{-4.54997pt}.

[50]
Underfull \hbox (badness 10000) in paragraph at lines 2502--2503
[]\TU/Inter(0)/b/n/8 buzo[]\TU/CharisSIL(0)/m/it/8 (zool) \TU/CharisSIL(0)/m/n/
8 Rap-tu-celo, ge-nero

Underfull \hbox (badness 10000) in paragraph at lines 2529--2530
[]\TU/Inter(0)/b/n/8 ce-lar[]\TU/CharisSIL(0)/m/it/8 (trans) \TU/CharisSIL(0)/m
/n/8 Igar eska-par vi-

Package fancyhdr Warning: \headheight is too small (12.0pt): 
(fancyhdr)                Make it at least 16.54997pt, for example:
(fancyhdr)                \setlength{\headheight}{16.54997pt}.
(fancyhdr)                You might also make \topmargin smaller to compensate:

(fancyhdr)                \addtolength{\topmargin}{-4.54997pt}.

[51]
Underfull \hbox (badness 10000) in paragraph at lines 2537--2538
\TU/CharisSIL(0)/m/n/8 ve-olo quan kon-struk-tas la

Underfull \hbox (badness 5817) in paragraph at lines 2545--2546
[]\TU/Inter(0)/b/n/8 ce-men-ta-car[]\TU/CharisSIL(0)/m/it/8 (trans) \TU/CharisS
IL(0)/m/n/8 Po-zar stra-

Underfull \hbox (badness 6141) in paragraph at lines 2569--2570
[]\TU/Inter(0)/b/n/8 cen-ti-aro[] \TU/CharisSIL(0)/m/n/8 La parto cen-tima di

Underfull \hbox (badness 10000) in paragraph at lines 2573--2574
[]\TU/Inter(0)/b/n/8 cen-ti-grado[] \TU/CharisSIL(0)/m/n/8 Di-vi-dita a 100

Underfull \hbox (badness 10000) in paragraph at lines 2575--2576
[]\TU/Inter(0)/b/n/8 cen-ti-gramo[] \TU/CharisSIL(0)/m/n/8 Parto cen-tima di

Underfull \hbox (badness 5637) in paragraph at lines 2577--2578
[]\TU/Inter(0)/b/n/8 cen-ti-li-tro[] \TU/CharisSIL(0)/m/n/8 Parto cen-tima di l
i-

Underfull \hbox (badness 6792) in paragraph at lines 2581--2582
\TU/CharisSIL(0)/m/n/8 (la unajo mo-ne-tala di Fran-

Underfull \hbox (badness 10000) in paragraph at lines 2585--2586
[]\TU/Inter(0)/b/n/8 cen-tri-fu-gar[]\TU/CharisSIL(0)/m/it/8 (trans) \TU/Charis
SIL(0)/m/n/8 Efi-ki-gar la

Underfull \hbox (badness 10000) in paragraph at lines 2587--2588
[]\TU/Inter(0)/b/n/8 cen-tri-pe-tar[]\TU/CharisSIL(0)/m/it/8 (trans) \TU/Charis
SIL(0)/m/n/8 Efi-ki-gar la

Package fancyhdr Warning: \headheight is too small (12.0pt): 
(fancyhdr)                Make it at least 16.54997pt, for example:
(fancyhdr)                \setlength{\headheight}{16.54997pt}.
(fancyhdr)                You might also make \topmargin smaller to compensate:

(fancyhdr)                \addtolength{\topmargin}{-4.54997pt}.

[52]
Underfull \hbox (badness 10000) in paragraph at lines 2597--2598
[]\TU/Inter(0)/b/n/8 cen-tu-rio[]\TU/CharisSIL(0)/m/it/8 (En Roma an-ti-

Underfull \hbox (badness 10000) in paragraph at lines 2597--2598
\TU/CharisSIL(0)/m/it/8 qua)\TU/Inter(0)/b/n/7 1. \TU/CharisSIL(0)/m/n/8 Asem-b
li-taro de cent

Underfull \hbox (badness 10000) in paragraph at lines 2601--2602
[]\TU/Inter(0)/b/n/8 cepo[]\TU/CharisSIL(0)/m/it/8 (bot) \TU/CharisSIL(0)/m/n/8
 Va-ri-e-tato di grosa

Underfull \hbox (badness 10000) in paragraph at lines 2611--2612
[]\TU/Inter(0)/b/n/8 cer-bero[]\TU/CharisSIL(0)/m/it/8 (mitologio) \TU/CharisSI
L(0)/m/n/8 Hundo tri-

Underfull \hbox (badness 10000) in paragraph at lines 2619--2620
[]\TU/Inter(0)/b/n/8 ce-re-mo-niar[]\TU/CharisSIL(0)/m/it/8 (netrans) \TU/Chari
sSIL(0)/m/n/8 Kon-for-mi-

Package fancyhdr Warning: \headheight is too small (12.0pt): 
(fancyhdr)                Make it at least 16.54997pt, for example:
(fancyhdr)                \setlength{\headheight}{16.54997pt}.
(fancyhdr)                You might also make \topmargin smaller to compensate:

(fancyhdr)                \addtolength{\topmargin}{-4.54997pt}.

[53]
Underfull \hbox (badness 10000) in paragraph at lines 2683--2684
[]\TU/Inter(0)/b/n/8 cham-pi-ni-ono[]\TU/CharisSIL(0)/m/it/8 (bot) \TU/CharisSI
L(0)/m/n/8 Ge-nero de

Package fancyhdr Warning: \headheight is too small (12.0pt): 
(fancyhdr)                Make it at least 16.54997pt, for example:
(fancyhdr)                \setlength{\headheight}{16.54997pt}.
(fancyhdr)                You might also make \topmargin smaller to compensate:

(fancyhdr)                \addtolength{\topmargin}{-4.54997pt}.

[54]
Underfull \hbox (badness 10000) in paragraph at lines 2697--2698
[]\TU/Inter(0)/b/n/8 cha-pelo[]\TU/CharisSIL(0)/m/it/8 (I. Ka-po-ve-sto -

Underfull \hbox (badness 10000) in paragraph at lines 2703--2704
[]\TU/Inter(0)/b/n/8 chapo[]\TU/Inter(0)/b/n/7 1. \TU/CharisSIL(0)/m/n/8 Man-te
lo ce-re-mo-ni-ala

Package fancyhdr Warning: \headheight is too small (12.0pt): 
(fancyhdr)                Make it at least 16.54997pt, for example:
(fancyhdr)                \setlength{\headheight}{16.54997pt}.
(fancyhdr)                You might also make \topmargin smaller to compensate:

(fancyhdr)                \addtolength{\topmargin}{-4.54997pt}.

[55]
Underfull \hbox (badness 10000) in paragraph at lines 2741--2742
[]\TU/Inter(0)/b/n/8 chigo[]\TU/CharisSIL(0)/m/it/8 (zool) \TU/CharisSIL(0)/m/n
/8 In-sekto di Sud-

Underfull \hbox (badness 10000) in paragraph at lines 2741--2742
\TU/CharisSIL(0)/m/n/8 Amerika.)\TU/CharisSIL(0)/m/it/8 L. sar-copsylla pe-ne-

Underfull \hbox (badness 10000) in paragraph at lines 2749--2750
[]\TU/Inter(0)/b/n/8 chim-pan-zeo[]\TU/CharisSIL(0)/m/it/8 (zool) \TU/CharisSIL
(0)/m/n/8 Si-mio alta-

Underfull \hbox (badness 10000) in paragraph at lines 2761--2762
[]\TU/Inter(0)/b/n/8 cho-ko-lado[] \TU/CharisSIL(0)/m/n/8 Sub-stanco nu-trala,

Package fancyhdr Warning: \headheight is too small (12.0pt): 
(fancyhdr)                Make it at least 16.54997pt, for example:
(fancyhdr)                \setlength{\headheight}{16.54997pt}.
(fancyhdr)                You might also make \topmargin smaller to compensate:

(fancyhdr)                \addtolength{\topmargin}{-4.54997pt}.

[56]
Underfull \hbox (badness 10000) in paragraph at lines 2779--2780
[]\TU/Inter(0)/b/n/8 ci-bolo[]\TU/CharisSIL(0)/m/it/8 (bot) \TU/CharisSIL(0)/m/
n/8 Planto legum-

Underfull \hbox (badness 10000) in paragraph at lines 2779--2780
\TU/CharisSIL(0)/m/n/8 kon-di-mento\TU/CharisSIL(0)/m/it/8 L. al-lium fi-stu-lo
-

Underfull \hbox (badness 10000) in paragraph at lines 2821--2822
[]\TU/Inter(0)/b/n/8 ci-ko-rio[]\TU/CharisSIL(0)/m/it/8 (bot) \TU/CharisSIL(0)/
m/n/8 Planto legum-

Package fancyhdr Warning: \headheight is too small (12.0pt): 
(fancyhdr)                Make it at least 16.54997pt, for example:
(fancyhdr)                \setlength{\headheight}{16.54997pt}.
(fancyhdr)                You might also make \topmargin smaller to compensate:

(fancyhdr)                \addtolength{\topmargin}{-4.54997pt}.

[57]
Underfull \hbox (badness 7030) in paragraph at lines 2843--2844
\TU/CharisSIL(0)/m/n/8 reda. – Sim-bolo ke-mi-ala :

Underfull \hbox (badness 10000) in paragraph at lines 2849--2850
\TU/CharisSIL(0)/m/n/8 niko qua kon-cer-nas la legi

Underfull \hbox (badness 10000) in paragraph at lines 2851--2852
[]\TU/Inter(0)/b/n/8 ci-ne-ma-to-gra-far[]\TU/CharisSIL(0)/m/it/8 (trans) \TU/C
harisSIL(0)/m/n/8 En-re-ji-

Package fancyhdr Warning: \headheight is too small (12.0pt): 
(fancyhdr)                Make it at least 16.54997pt, for example:
(fancyhdr)                \setlength{\headheight}{16.54997pt}.
(fancyhdr)                You might also make \topmargin smaller to compensate:

(fancyhdr)                \addtolength{\topmargin}{-4.54997pt}.

[58]
Underfull \hbox (badness 10000) in paragraph at lines 2883--2884
[]\TU/Inter(0)/b/n/8 cir-kon-dar[]\TU/CharisSIL(0)/m/it/8 (trans)\TU/Inter(0)/b
/n/7 1. \TU/CharisSIL(0)/m/n/8 Esar cir-

Underfull \hbox (badness 10000) in paragraph at lines 2885--2886
[]\TU/Inter(0)/b/n/8 cir-kon-flexo[] \TU/CharisSIL(0)/m/n/8 En la lin-guo

Underfull \hbox (badness 10000) in paragraph at lines 2885--2886
\TU/CharisSIL(0)/m/n/8 Franca, Por-tu-ga-lana, e c. :

Underfull \hbox (badness 10000) in paragraph at lines 2885--2886
\TU/CharisSIL(0)/m/n/8 si-gno or-to-gra-fi-ala(^) quan

Underfull \hbox (badness 10000) in paragraph at lines 2885--2886
\TU/CharisSIL(0)/m/n/8 longa (\{}sur{\{}tex-ta-scii-cir-

Underfull \hbox (badness 6032) in paragraph at lines 2903--2904
[]\TU/Inter(0)/b/n/8 cir-kum-nu-ta-ci-ono[]\TU/CharisSIL(0)/m/it/8 (bot) \TU/Ch
arisSIL(0)/m/n/8 Par-kuro

Underfull \hbox (badness 5741) in paragraph at lines 2909--2910
\TU/CharisSIL(0)/m/n/8 chi si-me-tra qui de-par-tas de

Package fancyhdr Warning: \headheight is too small (12.0pt): 
(fancyhdr)                Make it at least 16.54997pt, for example:
(fancyhdr)                \setlength{\headheight}{16.54997pt}.
(fancyhdr)                You might also make \topmargin smaller to compensate:

(fancyhdr)                \addtolength{\topmargin}{-4.54997pt}.

[59]
Underfull \hbox (badness 10000) in paragraph at lines 2937--2938
[]\TU/Inter(0)/b/n/8 ci-vi-li-zar[]\TU/CharisSIL(0)/m/it/8 (trans) \TU/CharisSI
L(0)/m/n/8 Pa-si-gar de la

Package fancyhdr Warning: \headheight is too small (12.0pt): 
(fancyhdr)                Make it at least 16.54997pt, for example:
(fancyhdr)                \setlength{\headheight}{16.54997pt}.
(fancyhdr)                You might also make \topmargin smaller to compensate:

(fancyhdr)                \addtolength{\topmargin}{-4.54997pt}.

[60]
Underfull \hbox (badness 7504) in paragraph at lines 2976--2977
\TU/CharisSIL(0)/m/n/8 unika dar-fas ser-char e kap-

Underfull \hbox (badness 10000) in paragraph at lines 2976--2977
\TU/CharisSIL(0)/m/n/8 tar omna-direcione ed irga-

Package fancyhdr Warning: \headheight is too small (12.0pt): 
(fancyhdr)                Make it at least 16.54997pt, for example:
(fancyhdr)                \setlength{\headheight}{16.54997pt}.
(fancyhdr)                You might also make \topmargin smaller to compensate:

(fancyhdr)                \addtolength{\topmargin}{-4.54997pt}.

[61]
Underfull \hbox (badness 5771) in paragraph at lines 3014--3015
[]\TU/Inter(0)/b/n/8 de-bi-tar[]\TU/CharisSIL(0)/m/it/8 (trans)\TU/Inter(0)/b/n
/7 1. \TU/CharisSIL(0)/m/n/8 Ven-dar en-de-

Underfull \hbox (badness 10000) in paragraph at lines 3032--3033
[]\TU/Inter(0)/b/n/8 de-chi-frar[]\TU/CharisSIL(0)/m/it/8 (trans) \TU/CharisSIL
(0)/m/n/8 De-sko-vrar la

Underfull \hbox (badness 10000) in paragraph at lines 3032--3033
\TU/CharisSIL(0)/m/n/8 klefo e tra-du-kar krip-to-gra-

Underfull \hbox (badness 10000) in paragraph at lines 3044--3045
[]\TU/Inter(0)/b/n/8 de-ci-mala[] \TU/CharisSIL(0)/m/n/8 Qua pro-ce-das per

Underfull \hbox (badness 10000) in paragraph at lines 3048--3049
[]\TU/Inter(0)/b/n/8 de-cimo[] \TU/CharisSIL(0)/m/n/8 La parto de-kima di

Underfull \hbox (badness 10000) in paragraph at lines 3060--3061
[]\TU/Inter(0)/b/n/8 de-fen-sar[]\TU/CharisSIL(0)/m/it/8 (trans., kon-tre,

Underfull \hbox (badness 10000) in paragraph at lines 3062--3063
[]\TU/Inter(0)/b/n/8 de-fe-ren-car[]\TU/CharisSIL(0)/m/it/8 (trans) \TU/CharisS
IL(0)/m/n/8 Ma-ni-fe-star

Package fancyhdr Warning: \headheight is too small (12.0pt): 
(fancyhdr)                Make it at least 16.54997pt, for example:
(fancyhdr)                \setlength{\headheight}{16.54997pt}.
(fancyhdr)                You might also make \topmargin smaller to compensate:

(fancyhdr)                \addtolength{\topmargin}{-4.54997pt}.

[62]
Underfull \hbox (badness 7362) in paragraph at lines 3066--3067
[]\TU/Inter(0)/b/n/8 de-fer-ve-car[]\TU/CharisSIL(0)/m/it/8 (netrans) (Me-di-ci
no)

Underfull \hbox (badness 10000) in paragraph at lines 3088--3089
[]\TU/Inter(0)/b/n/8 de-ge-ne-rar[]\TU/CharisSIL(0)/m/it/8 (netrans) \TU/Charis
SIL(0)/m/n/8 Per-dar la

Underfull \hbox (badness 10000) in paragraph at lines 3092--3093
[]\TU/Inter(0)/b/n/8 de-gra-dar[]\TU/CharisSIL(0)/m/it/8 (trans)\TU/Inter(0)/b/
n/7 1. \TU/CharisSIL(0)/m/n/8 De-cen-si-gar

Underfull \hbox (badness 10000) in paragraph at lines 3102--3103
[]\TU/Inter(0)/b/n/8 de-ka-dar[]\TU/CharisSIL(0)/m/it/8 (netrans) \TU/CharisSIL
(0)/m/n/8 Irar a ru-i-

Underfull \hbox (badness 6016) in paragraph at lines 3126--3127
[]\TU/Inter(0)/b/n/8 de-kla-mar[]\TU/CharisSIL(0)/m/it/8 (trans) \TU/CharisSIL(
0)/m/n/8 Re-ci-tar, sa-lii-

Underfull \hbox (badness 10000) in paragraph at lines 3128--3129
[]\TU/Inter(0)/b/n/8 de-kla-rar[]\TU/CharisSIL(0)/m/it/8 (trans)\TU/Inter(0)/b/
n/7 1. \TU/CharisSIL(0)/m/n/8 Ko-no-ci-gar

Package fancyhdr Warning: \headheight is too small (12.0pt): 
(fancyhdr)                Make it at least 16.54997pt, for example:
(fancyhdr)                \setlength{\headheight}{16.54997pt}.
(fancyhdr)                You might also make \topmargin smaller to compensate:

(fancyhdr)                \addtolength{\topmargin}{-4.54997pt}.

[63]
Underfull \hbox (badness 10000) in paragraph at lines 3132--3133
[]\TU/Inter(0)/b/n/8 de-kok-tar[]\TU/CharisSIL(0)/m/it/8 (trans) \TU/CharisSIL(
0)/m/n/8 Bo-lii-gar sub-

Underfull \hbox (badness 10000) in paragraph at lines 3138--3139
[]\TU/Inter(0)/b/n/8 de-kre-mento[]\TU/CharisSIL(0)/m/it/8 (radiotekniko) \TU/C
harisSIL(0)/m/n/8 De-

Underfull \hbox (badness 10000) in paragraph at lines 3140--3141
[]\TU/Inter(0)/b/n/8 de-kre-me-tro[]\TU/CharisSIL(0)/m/it/8 (radiotekniko) \TU/
CharisSIL(0)/m/n/8 Apa-

Underfull \hbox (badness 10000) in paragraph at lines 3144--3145
[]\TU/Inter(0)/b/n/8 de-ku-bi-tar[]\TU/CharisSIL(0)/m/it/8 (netrans) (alu-dante


Underfull \hbox (badness 10000) in paragraph at lines 3144--3145
\TU/CharisSIL(0)/m/it/8 homo-korpo, ku-shita) \TU/CharisSIL(0)/m/n/8 Po-ze-sar

Underfull \hbox (badness 10000) in paragraph at lines 3168--3169
\TU/CharisSIL(0)/m/n/8 ferma, maxim-multa-kaze

Underfull \hbox (badness 10000) in paragraph at lines 3172--3173
[]\TU/Inter(0)/b/n/8 de-ma-go-gio[]\TU/Inter(0)/b/n/7 1. \TU/CharisSIL(0)/m/n/8
 Si-stemo di po-

Underfull \hbox (badness 10000) in paragraph at lines 3172--3173
\TU/CharisSIL(0)/m/n/8 li-tiko se-gun qua onu fla-tas

Package fancyhdr Warning: \headheight is too small (12.0pt): 
(fancyhdr)                Make it at least 16.54997pt, for example:
(fancyhdr)                \setlength{\headheight}{16.54997pt}.
(fancyhdr)                You might also make \topmargin smaller to compensate:

(fancyhdr)                \addtolength{\topmargin}{-4.54997pt}.

[64]
Underfull \hbox (badness 10000) in paragraph at lines 3176--3177
[]\TU/Inter(0)/b/n/8 de-man-dar[]\TU/CharisSIL(0)/m/it/8 (trans., ulo, ad

Underfull \hbox (badness 10000) in paragraph at lines 3182--3183
[]\TU/Inter(0)/b/n/8 de-men-tiar[]\TU/CharisSIL(0)/m/it/8 (trans)\TU/Inter(0)/b
/n/7 1. \TU/CharisSIL(0)/m/n/8 Kon-tre-di-

Underfull \hbox (badness 10000) in paragraph at lines 3182--3183
\TU/CharisSIL(0)/m/n/8 car (ulu) kom ne-di-cinta lo

Underfull \hbox (badness 10000) in paragraph at lines 3218--3219
[]\TU/Inter(0)/b/n/8 den-ti-frico[] \TU/CharisSIL(0)/m/n/8 Pre-pa-rajo qua uze-


Package fancyhdr Warning: \headheight is too small (12.0pt): 
(fancyhdr)                Make it at least 16.54997pt, for example:
(fancyhdr)                \setlength{\headheight}{16.54997pt}.
(fancyhdr)                You might also make \topmargin smaller to compensate:

(fancyhdr)                \addtolength{\topmargin}{-4.54997pt}.

[65]
Underfull \hbox (badness 7981) in paragraph at lines 3222--3223
[]\TU/Inter(0)/b/n/8 de-nun-car[]\TU/CharisSIL(0)/m/it/8 (trans) \TU/CharisSIL(
0)/m/n/8 In-di-kar (ulu)

Underfull \hbox (badness 10000) in paragraph at lines 3232--3233
[]\TU/Inter(0)/b/n/8 de-pe-ri-sar[]\TU/CharisSIL(0)/m/it/8 (netrans) \TU/Charis
SIL(0)/m/n/8 Tale fe-ble-

Underfull \hbox (badness 10000) in paragraph at lines 3262--3263
[]\TU/Inter(0)/b/n/8 de-se-gnar[]\TU/CharisSIL(0)/m/it/8 (trans, per, sur, e

Underfull \hbox (badness 5490) in paragraph at lines 3262--3263
\TU/CharisSIL(0)/m/n/8 jekti\TU/Inter(0)/b/n/7 2. \TU/CharisSIL(0)/m/n/8 Igar v
i-de-bla la kon-

Underfull \hbox (badness 10000) in paragraph at lines 3272--3273
[]\TU/Inter(0)/b/n/8 de-skrip-tar[]\TU/CharisSIL(0)/m/it/8 (trans) \TU/CharisSI
L(0)/m/n/8 Re-pre-zen-tar

Package fancyhdr Warning: \headheight is too small (12.0pt): 
(fancyhdr)                Make it at least 16.54997pt, for example:
(fancyhdr)                \setlength{\headheight}{16.54997pt}.
(fancyhdr)                You might also make \topmargin smaller to compensate:

(fancyhdr)                \addtolength{\topmargin}{-4.54997pt}.

[66]
Underfull \hbox (badness 10000) in paragraph at lines 3278--3279
[]\TU/Inter(0)/b/n/8 de-spoto[] \TU/CharisSIL(0)/m/n/8 Mo-narko ab-so-lu-ti-sta


Underfull \hbox (badness 10000) in paragraph at lines 3286--3287
[]\TU/Inter(0)/b/n/8 de-tach-mento[]\TU/CharisSIL(0)/m/it/8 (Armeo) \TU/CharisS
IL(0)/m/n/8 Mi-kra

Underfull \hbox (badness 6575) in paragraph at lines 3292--3293
[]\TU/Inter(0)/b/n/8 de-tek-toro[]\TU/CharisSIL(0)/m/it/8 (Elektr) \TU/CharisSI
L(0)/m/n/8 Apa-rato por

Underfull \hbox (badness 10000) in paragraph at lines 3292--3293
\TU/CharisSIL(0)/m/n/8 trans-for-mar elektro-magnetala

Underfull \hbox (badness 10000) in paragraph at lines 3294--3295
[]\TU/Inter(0)/b/n/8 de-ter-mi-nar[]\TU/CharisSIL(0)/m/it/8 (trans)\TU/Inter(0)
/b/n/7 1. \TU/CharisSIL(0)/m/n/8 Fi-xi-gar

Underfull \hbox (badness 10000) in paragraph at lines 3294--3295
\TU/CharisSIL(0)/m/n/8 chefa (alu-dante pro-po-zi-ci-ono

Underfull \hbox (badness 10000) in paragraph at lines 3302--3303
[]\TU/Inter(0)/b/n/8 de-u-to-pla-smo[]\TU/CharisSIL(0)/m/it/8 (biol) \TU/Charis
SIL(0)/m/n/8 Rezervo-

Underfull \hbox (badness 10000) in paragraph at lines 3314--3315
[]\TU/Inter(0)/b/n/8 de-ve-lo-par[]\TU/CharisSIL(0)/m/it/8 (trans)\TU/Inter(0)/
b/n/7 1. \TU/CharisSIL(0)/m/n/8 Igar par-

Package fancyhdr Warning: \headheight is too small (12.0pt): 
(fancyhdr)                Make it at least 16.54997pt, for example:
(fancyhdr)                \setlength{\headheight}{16.54997pt}.
(fancyhdr)                You might also make \topmargin smaller to compensate:

(fancyhdr)                \addtolength{\topmargin}{-4.54997pt}.

[67]
Underfull \hbox (badness 10000) in paragraph at lines 3356--3357
[]\TU/Inter(0)/b/n/8 di-a-gno-zar[]\TU/CharisSIL(0)/m/it/8 (trans) \TU/CharisSI
L(0)/m/n/8 De-ter-mi-nar

Underfull \hbox (badness 10000) in paragraph at lines 3366--3367
[]\TU/Inter(0)/b/n/8 di-a-ko-niso[]\TU/CharisSIL(0)/m/it/8 (religio)\TU/Inter(0
)/b/n/7 1. \TU/CharisSIL(0)/m/n/8 En la

Package fancyhdr Warning: \headheight is too small (12.0pt): 
(fancyhdr)                Make it at least 16.54997pt, for example:
(fancyhdr)                \setlength{\headheight}{16.54997pt}.
(fancyhdr)                You might also make \topmargin smaller to compensate:

(fancyhdr)                \addtolength{\topmargin}{-4.54997pt}.

[68]
Underfull \hbox (badness 10000) in paragraph at lines 3380--3381
[]\TU/Inter(0)/b/n/8 di-a-manto[]\TU/CharisSIL(0)/m/it/8 (mineral) \TU/CharisSI
L(0)/m/n/8 La-pido ek

Underfull \hbox (badness 10000) in paragraph at lines 3404--3405
[]\TU/Inter(0)/b/n/8 di-a-tribo[]\TU/Inter(0)/b/n/7 1. \TU/CharisSIL(0)/m/n/8 D
i-ser-turo kri-ti-

Package fancyhdr Warning: \headheight is too small (12.0pt): 
(fancyhdr)                Make it at least 16.54997pt, for example:
(fancyhdr)                \setlength{\headheight}{16.54997pt}.
(fancyhdr)                You might also make \topmargin smaller to compensate:

(fancyhdr)                \addtolength{\topmargin}{-4.54997pt}.

[69]
Underfull \hbox (badness 10000) in paragraph at lines 3436--3437
[]\TU/Inter(0)/b/n/8 di-fe-ren-ci-alo[]\TU/CharisSIL(0)/m/it/8 (tekn) \TU/Chari
sSIL(0)/m/n/8 Me-ka-ni-smo

Underfull \hbox (badness 10000) in paragraph at lines 3444--3445
[]\TU/Inter(0)/b/n/8 dif-tongo[]\TU/CharisSIL(0)/m/it/8 (linguistiko) \TU/Chari
sSIL(0)/m/n/8 Asem-blajo

Underfull \hbox (badness 10000) in paragraph at lines 3446--3447
[]\TU/Inter(0)/b/n/8 di-fu-zar[]\TU/CharisSIL(0)/m/it/8 (trans) \TU/CharisSIL(0
)/m/n/8 Ex-ten-sar omna-

Underfull \hbox (badness 10000) in paragraph at lines 3462--3463
[]\TU/Inter(0)/b/n/8 di-gre-sar[]\TU/CharisSIL(0)/m/it/8 (netrans) (pri di-sert
o)

Underfull \hbox (badness 5374) in paragraph at lines 3462--3463
\TU/CharisSIL(0)/m/n/8 Elon-gaco ma-xima di pla-neto

Underfull \hbox (badness 10000) in paragraph at lines 3474--3475
[]\TU/Inter(0)/b/n/8 di-ko-to-mio[]\TU/CharisSIL(0)/m/it/8 (logiko) \TU/CharisS
IL(0)/m/n/8 Me-todo di

Underfull \hbox (badness 10000) in paragraph at lines 3474--3475
\TU/CharisSIL(0)/m/n/8 di-vido, per sub-di-vido du-

Package fancyhdr Warning: \headheight is too small (12.0pt): 
(fancyhdr)                Make it at least 16.54997pt, for example:
(fancyhdr)                \setlength{\headheight}{16.54997pt}.
(fancyhdr)                You might also make \topmargin smaller to compensate:

(fancyhdr)                \addtolength{\topmargin}{-4.54997pt}.

[70]
Underfull \hbox (badness 6380) in paragraph at lines 3492--3493
[]\TU/Inter(0)/b/n/8 di-lu-tar[]\TU/CharisSIL(0)/m/it/8 (trans)\TU/Inter(0)/b/n
/7 1. \TU/CharisSIL(0)/m/n/8 Dis-sol-var sub-

Underfull \hbox (badness 10000) in paragraph at lines 3512--3513
[]\TU/Inter(0)/b/n/8 di-namo[]\TU/CharisSIL(0)/m/it/8 (tekn) \TU/CharisSIL(0)/m
/n/8 Ge-ne-ra-toro

Underfull \hbox (badness 10000) in paragraph at lines 3512--3513
\TU/CharisSIL(0)/m/n/8 di elektro-fluo kon-ti-nua,

Underfull \hbox (badness 10000) in paragraph at lines 3512--3513
\TU/CharisSIL(0)/m/n/8 kun magneto-feldo auto-

Package fancyhdr Warning: \headheight is too small (12.0pt): 
(fancyhdr)                Make it at least 16.54997pt, for example:
(fancyhdr)                \setlength{\headheight}{16.54997pt}.
(fancyhdr)                You might also make \topmargin smaller to compensate:

(fancyhdr)                \addtolength{\topmargin}{-4.54997pt}.

[71]
Underfull \hbox (badness 10000) in paragraph at lines 3530--3531
[]\TU/Inter(0)/b/n/8 di-o-cezo[]\TU/CharisSIL(0)/m/it/8 (eklezio ka-to-lika) \T
U/CharisSIL(0)/m/n/8 Di-

Underfull \hbox (badness 10000) in paragraph at lines 3540--3541
[]\TU/Inter(0)/b/n/8 di-o-ramo[] \TU/CharisSIL(0)/m/n/8 Pik-turo granda-

Underfull \hbox (badness 10000) in paragraph at lines 3544--3545
[]\TU/Inter(0)/b/n/8 di-pla-sar[]\TU/CharisSIL(0)/m/it/8 (trans) \TU/CharisSIL(
0)/m/n/8 De-pre-nar (ulo,

Package fancyhdr Warning: \headheight is too small (12.0pt): 
(fancyhdr)                Make it at least 16.54997pt, for example:
(fancyhdr)                \setlength{\headheight}{16.54997pt}.
(fancyhdr)                You might also make \topmargin smaller to compensate:

(fancyhdr)                \addtolength{\topmargin}{-4.54997pt}.

[72]
Underfull \hbox (badness 5036) in paragraph at lines 3572--3573
[]\TU/Inter(0)/b/n/8 di-sen-te-rio[]\TU/CharisSIL(0)/m/it/8 (patol) \TU/CharisS
IL(0)/m/n/8 In-fla-muro di

Underfull \hbox (badness 10000) in paragraph at lines 3582--3583
[]\TU/Inter(0)/b/n/8 di-si-par[]\TU/CharisSIL(0)/m/it/8 (trans) \TU/CharisSIL(0
)/m/n/8 Ofte spen-sar

Underfull \hbox (badness 10000) in paragraph at lines 3606--3607
[]\TU/Inter(0)/b/n/8 di-so-nan-car[]\TU/CharisSIL(0)/m/it/8 (netrans) \TU/Chari
sSIL(0)/m/n/8 For-ma-car

Underfull \hbox (badness 10000) in paragraph at lines 3606--3607
\TU/CharisSIL(0)/m/n/8 har-mo-nio poke agre-a-bla au-

Package fancyhdr Warning: \headheight is too small (12.0pt): 
(fancyhdr)                Make it at least 16.54997pt, for example:
(fancyhdr)                \setlength{\headheight}{16.54997pt}.
(fancyhdr)                You might also make \topmargin smaller to compensate:

(fancyhdr)                \addtolength{\topmargin}{-4.54997pt}.

[73]
Underfull \hbox (badness 10000) in paragraph at lines 3636--3637
[]\TU/Inter(0)/b/n/8 di-strak-tar[]\TU/CharisSIL(0)/m/it/8 (trans) \TU/CharisSI
L(0)/m/n/8 De-tur-nar la

Underfull \hbox (badness 7203) in paragraph at lines 3642--3643
[]\TU/Inter(0)/b/n/8 di-te-nar[]\TU/CharisSIL(0)/m/it/8 (trans) \TU/CharisSIL(0
)/m/n/8 Kon-ser-var (ulo)

Underfull \hbox (badness 10000) in paragraph at lines 3646--3647
[]\TU/Inter(0)/b/n/8 di-treso[]\TU/Inter(0)/b/n/7 1. \TU/CharisSIL(0)/m/n/8 Kor
dio-preseso la-

Underfull \hbox (badness 10000) in paragraph at lines 3646--3647
\TU/CharisSIL(0)/m/n/8 ce-ranta\TU/Inter(0)/b/n/7 2. \TU/CharisSIL(0)/m/n/8 Si-
tu-eso kordio-

Underfull \hbox (badness 6575) in paragraph at lines 3646--3647
\TU/CharisSIL(0)/m/n/8 balde pe-ri-sos se ne hel-pota

Underfull \hbox (badness 10000) in paragraph at lines 3652--3653
[]\TU/Inter(0)/b/n/8 di-ve-nar[]\TU/CharisSIL(0)/m/it/8 (netrans) \TU/CharisSIL
(0)/m/n/8 Ko-men-car

Package fancyhdr Warning: \headheight is too small (12.0pt): 
(fancyhdr)                Make it at least 16.54997pt, for example:
(fancyhdr)                \setlength{\headheight}{16.54997pt}.
(fancyhdr)                You might also make \topmargin smaller to compensate:

(fancyhdr)                \addtolength{\topmargin}{-4.54997pt}.

[74]
Underfull \hbox (badness 10000) in paragraph at lines 3670--3671
[]\TU/Inter(0)/b/n/8 di-vul-gar[]\TU/CharisSIL(0)/m/it/8 (trans) \TU/CharisSIL(
0)/m/n/8 Dis-sa-vi-gar da

Underfull \hbox (badness 10000) in paragraph at lines 3682--3683
[]\TU/Inter(0)/b/n/8 *do-blar[]\TU/CharisSIL(0)/m/it/8 (trans) \TU/CharisSIL(0)
/m/n/8 (Cinemo-

Underfull \hbox (badness 6173) in paragraph at lines 3698--3699
[]\TU/Inter(0)/b/n/8 dog-mato[] \TU/CharisSIL(0)/m/n/8 Kre-den-dajo o punto,

Package fancyhdr Warning: \headheight is too small (12.0pt): 
(fancyhdr)                Make it at least 16.54997pt, for example:
(fancyhdr)                \setlength{\headheight}{16.54997pt}.
(fancyhdr)                You might also make \topmargin smaller to compensate:

(fancyhdr)                \addtolength{\topmargin}{-4.54997pt}.

[75]
Underfull \hbox (badness 10000) in paragraph at lines 3712--3713
[]\TU/Inter(0)/b/n/8 do-ku-mento[] \TU/CharisSIL(0)/m/n/8 Texto skri-bura,

Underfull \hbox (badness 7344) in paragraph at lines 3738--3739
\TU/CharisSIL(0)/m/n/8 Zodiako-signo sub qua astro

Underfull \hbox (badness 10000) in paragraph at lines 3740--3741
[]\TU/Inter(0)/b/n/8 do-mi-na-car[]\TU/CharisSIL(0)/m/it/8 (trans)\TU/Inter(0)/
b/n/7 1. \TU/CharisSIL(0)/m/n/8 Ha-var

Underfull \hbox (badness 10000) in paragraph at lines 3740--3741
\TU/CharisSIL(0)/m/n/8 sub sua he-ge-mo-nio, pre-

Underfull \hbox (badness 10000) in paragraph at lines 3740--3741
\TU/CharisSIL(0)/m/n/8 pon-dero\TU/Inter(0)/b/n/7 2. \TU/CharisSIL(0)/m/n/8 Ha-
var apud-sub

Package fancyhdr Warning: \headheight is too small (12.0pt): 
(fancyhdr)                Make it at least 16.54997pt, for example:
(fancyhdr)                \setlength{\headheight}{16.54997pt}.
(fancyhdr)                You might also make \topmargin smaller to compensate:

(fancyhdr)                \addtolength{\topmargin}{-4.54997pt}.

[76]
Underfull \hbox (badness 5189) in paragraph at lines 3776--3777
[]\TU/Inter(0)/b/n/8 dra-ceno[]\TU/CharisSIL(0)/m/it/8 (bot) \TU/CharisSIL(0)/m
/n/8 Planto or-na-men-

Underfull \hbox (badness 10000) in paragraph at lines 3788--3789
[]\TU/Inter(0)/b/n/8 drako[]\TU/Inter(0)/b/n/7 1. \TU/CharisSIL(0)/m/n/8 Ani-ma
lo mi-to-lo-gi-ala,

Underfull \hbox (badness 10000) in paragraph at lines 3788--3789
\TU/CharisSIL(0)/m/n/8 quan la An-ti-qui re-pre-zen-tis

Package fancyhdr Warning: \headheight is too small (12.0pt): 
(fancyhdr)                Make it at least 16.54997pt, for example:
(fancyhdr)                \setlength{\headheight}{16.54997pt}.
(fancyhdr)                You might also make \topmargin smaller to compensate:

(fancyhdr)                \addtolength{\topmargin}{-4.54997pt}.

[77]
Underfull \hbox (badness 10000) in paragraph at lines 3820--3821
[]\TU/Inter(0)/b/n/8 dro-me-daro[]\TU/CharisSIL(0)/m/it/8 (zool) \TU/CharisSIL(
0)/m/n/8 Ka-melo un-

Underfull \hbox (badness 10000) in paragraph at lines 3820--3821
\TU/CharisSIL(0)/m/n/8 giba\TU/CharisSIL(0)/m/it/8 L. Ca-me-lus dro-me-da-

Underfull \hbox (badness 10000) in paragraph at lines 3828--3829
[]\TU/Inter(0)/b/n/8 dru-ido[] \TU/CharisSIL(0)/m/n/8 Sa-cer-doto di la Galli

Underfull \hbox (badness 6461) in paragraph at lines 3830--3831
\TU/CharisSIL(0)/m/n/8 (abri-koto, per-siko, pruno, e

Underfull \hbox (badness 10000) in paragraph at lines 3838--3839
[]\TU/Inter(0)/b/n/8 du-e-lar[]\TU/CharisSIL(0)/m/it/8 (netrans) \TU/CharisSIL(
0)/m/n/8 In-ter-kom-ba-tar

Package fancyhdr Warning: \headheight is too small (12.0pt): 
(fancyhdr)                Make it at least 16.54997pt, for example:
(fancyhdr)                \setlength{\headheight}{16.54997pt}.
(fancyhdr)                You might also make \topmargin smaller to compensate:

(fancyhdr)                \addtolength{\topmargin}{-4.54997pt}.

[78]

Package fancyhdr Warning: \headheight is too small (12.0pt): 
(fancyhdr)                Make it at least 16.54997pt, for example:
(fancyhdr)                \setlength{\headheight}{16.54997pt}.
(fancyhdr)                You might also make \topmargin smaller to compensate:

(fancyhdr)                \addtolength{\topmargin}{-4.54997pt}.

[79]
Underfull \hbox (badness 10000) in paragraph at lines 3899--3900
[]\TU/Inter(0)/b/n/8 ebu-liar[]\TU/CharisSIL(0)/m/it/8 (netrans) \TU/CharisSIL(
0)/m/n/8 Agi-te-sar (alu-

Underfull \hbox (badness 7362) in paragraph at lines 3915--3916
\TU/CharisSIL(0)/m/n/8 si-stas, maxim-multa-kaze, ye

Underfull \hbox (badness 10000) in paragraph at lines 3917--3918
\TU/CharisSIL(0)/m/n/8 en la psiko, en la or-ga-ni-

Package fancyhdr Warning: \headheight is too small (12.0pt): 
(fancyhdr)                Make it at least 16.54997pt, for example:
(fancyhdr)                \setlength{\headheight}{16.54997pt}.
(fancyhdr)                You might also make \topmargin smaller to compensate:

(fancyhdr)                \addtolength{\topmargin}{-4.54997pt}.

[80]
Underfull \hbox (badness 10000) in paragraph at lines 3947--3948
[]\TU/Inter(0)/b/n/8 edu-kar[]\TU/CharisSIL(0)/m/it/8 (trans)\TU/Inter(0)/b/n/7
 1. \TU/CharisSIL(0)/m/n/8 For-ma-car in-

Underfull \hbox (badness 10000) in paragraph at lines 3963--3964
[]\TU/Inter(0)/b/n/8 efi-kar[]\TU/CharisSIL(0)/m/it/8 (netrans) \TU/CharisSIL(0
)/m/n/8 Pro-duk-tar la

Underfull \hbox (badness 10000) in paragraph at lines 3973--3974
[]\TU/Inter(0)/b/n/8 ega-rir[]\TU/CharisSIL(0)/m/it/8 (trans) \TU/CharisSIL(0)/
m/n/8 Lo-ki-zir di-strakte

Underfull \hbox (badness 10000) in paragraph at lines 3983--3984
[]\TU/Inter(0)/b/n/8 ego-ti-smo[] \TU/CharisSIL(0)/m/n/8 Ma-nio pa-ro-lar pri

Package fancyhdr Warning: \headheight is too small (12.0pt): 
(fancyhdr)                Make it at least 16.54997pt, for example:
(fancyhdr)                \setlength{\headheight}{16.54997pt}.
(fancyhdr)                You might also make \topmargin smaller to compensate:

(fancyhdr)                \addtolength{\topmargin}{-4.54997pt}.

[81]
Underfull \hbox (badness 10000) in paragraph at lines 4011--4012
[]\TU/Inter(0)/b/n/8 eklip-tiko[]\TU/CharisSIL(0)/m/it/8 (astron) \TU/CharisSIL
(0)/m/n/8 Or-bito

Underfull \hbox (badness 10000) in paragraph at lines 4011--4012
\TU/CharisSIL(0)/m/n/8 quan Tero par-ku-ras cir-kum

Underfull \hbox (badness 10000) in paragraph at lines 4031--4032
[]\TU/Inter(0)/b/n/8 eku-me-nika[]\TU/CharisSIL(0)/m/it/8 (religio) \TU/CharisS
IL(0)/m/n/8 Uni-ver-

Package fancyhdr Warning: \headheight is too small (12.0pt): 
(fancyhdr)                Make it at least 16.54997pt, for example:
(fancyhdr)                \setlength{\headheight}{16.54997pt}.
(fancyhdr)                You might also make \topmargin smaller to compensate:

(fancyhdr)                \addtolength{\topmargin}{-4.54997pt}.

[82]
Underfull \hbox (badness 10000) in paragraph at lines 4051--4052
[]\TU/Inter(0)/b/n/8 elek-tar[]\TU/CharisSIL(0)/m/it/8 (trans., por...-eso) (al
u-

Underfull \hbox (badness 10000) in paragraph at lines 4051--4052
\TU/CharisSIL(0)/m/it/8 dante plura per-soni) \TU/CharisSIL(0)/m/n/8 Se-lek-tar


Underfull \hbox (badness 10000) in paragraph at lines 4055--4056
[]\TU/Inter(0)/b/n/8 elek-trodo[]\TU/CharisSIL(0)/m/it/8 (Fiziko) \TU/CharisSIL
(0)/m/n/8 Kon-duk-tivo

Underfull \hbox (badness 7685) in paragraph at lines 4063--4064
\TU/CharisSIL(0)/m/n/8 e lia re-lati kun al-tra fe-no-

Package fancyhdr Warning: \headheight is too small (12.0pt): 
(fancyhdr)                Make it at least 16.54997pt, for example:
(fancyhdr)                \setlength{\headheight}{16.54997pt}.
(fancyhdr)                You might also make \topmargin smaller to compensate:

(fancyhdr)                \addtolength{\topmargin}{-4.54997pt}.

[83]
Underfull \hbox (badness 10000) in paragraph at lines 4123--4124
[]\TU/Inter(0)/b/n/8 em-bar-gar[]\TU/CharisSIL(0)/m/it/8 (trans)\TU/Inter(0)/b/
n/7 1. \TU/CharisSIL(0)/m/n/8 (yuro ma-

Package fancyhdr Warning: \headheight is too small (12.0pt): 
(fancyhdr)                Make it at least 16.54997pt, for example:
(fancyhdr)                \setlength{\headheight}{16.54997pt}.
(fancyhdr)                You might also make \topmargin smaller to compensate:

(fancyhdr)                \addtolength{\topmargin}{-4.54997pt}.

[84]
Underfull \hbox (badness 10000) in paragraph at lines 4141--4142
[]\TU/Inter(0)/b/n/8 em-bra-zuro[]\TU/Inter(0)/b/n/7 1. \TU/CharisSIL(0)/m/n/8 
Va-kuo en pa-ri-

Underfull \hbox (badness 5064) in paragraph at lines 4141--4142
\TU/CharisSIL(0)/m/n/8 eto\TU/Inter(0)/b/n/7 2. \TU/CharisSIL(0)/m/n/8 Va-kuo e
n muro, ube

Underfull \hbox (badness 8075) in paragraph at lines 4147--4148
[]\TU/Inter(0)/b/n/8 em-bri-ono[]\TU/CharisSIL(0)/m/it/8 (Fiziol)\TU/Inter(0)/b
/n/7 1. \TU/CharisSIL(0)/m/n/8 Jermo na-

Underfull \hbox (badness 6300) in paragraph at lines 4147--4148
\TU/CharisSIL(0)/m/n/8 skanta, pro-duk-tita da la fe-

Underfull \hbox (badness 7832) in paragraph at lines 4161--4162
[]\TU/Inter(0)/b/n/8 eme-tropa[]\TU/CharisSIL(0)/m/it/8 (Oftalm) \TU/CharisSIL(
0)/m/n/8 Di-ce-sas pri

Underfull \hbox (badness 10000) in paragraph at lines 4163--4164
[]\TU/Inter(0)/b/n/8 em-fa-zar[]\TU/CharisSIL(0)/m/it/8 (trans)\TU/Inter(0)/b/n
/7 1. \TU/CharisSIL(0)/m/n/8 Exa-je-rar la

Package fancyhdr Warning: \headheight is too small (12.0pt): 
(fancyhdr)                Make it at least 16.54997pt, for example:
(fancyhdr)                \setlength{\headheight}{16.54997pt}.
(fancyhdr)                You might also make \topmargin smaller to compensate:

(fancyhdr)                \addtolength{\topmargin}{-4.54997pt}.

[85]
Underfull \hbox (badness 10000) in paragraph at lines 4183--4184
[]\TU/Inter(0)/b/n/8 em-plo-yar[]\TU/CharisSIL(0)/m/it/8 (trans) \TU/CharisSIL(
0)/m/n/8 Uzar (sua-

Underfull \hbox (badness 10000) in paragraph at lines 4199--4200
[]\TU/Inter(0)/b/n/8 enar-troso[]\TU/CharisSIL(0)/m/it/8 (anat) \TU/CharisSIL(0
)/m/n/8 Ar-tiko mo-ve-

Package fancyhdr Warning: \headheight is too small (12.0pt): 
(fancyhdr)                Make it at least 16.54997pt, for example:
(fancyhdr)                \setlength{\headheight}{16.54997pt}.
(fancyhdr)                You might also make \topmargin smaller to compensate:

(fancyhdr)                \addtolength{\topmargin}{-4.54997pt}.

[86]
Underfull \hbox (badness 10000) in paragraph at lines 4253--4254
[]\TU/Inter(0)/b/n/8 en-ki-lemo[]\TU/CharisSIL(0)/m/it/8 (citologio) \TU/Charis
SIL(0)/m/n/8 Li-qu-ido o

Underfull \hbox (badness 10000) in paragraph at lines 4257--4258
\TU/CharisSIL(0)/m/n/8 lori vi-vaca, apli-kata plata-

Underfull \hbox (badness 10000) in paragraph at lines 4263--4264
[]\TU/Inter(0)/b/n/8 en-re-ji-strar[]\TU/CharisSIL(0)/m/it/8 (trans)\TU/Inter(0
)/b/n/7 1. \TU/CharisSIL(0)/m/n/8 En-skri-bar

Underfull \hbox (badness 10000) in paragraph at lines 4267--4268
[]\TU/Inter(0)/b/n/8 en-ta-bla-mento[]\TU/CharisSIL(0)/m/it/8 (arkitekt) \TU/Ch
arisSIL(0)/m/n/8 Sa-li-ajo

Package fancyhdr Warning: \headheight is too small (12.0pt): 
(fancyhdr)                Make it at least 16.54997pt, for example:
(fancyhdr)                \setlength{\headheight}{16.54997pt}.
(fancyhdr)                You might also make \topmargin smaller to compensate:

(fancyhdr)                \addtolength{\topmargin}{-4.54997pt}.

[87]
Underfull \hbox (badness 5388) in paragraph at lines 4299--4300
[]\TU/Inter(0)/b/n/8 en-tu-zi-a-smar[]\TU/CharisSIL(0)/m/it/8 (netrans)\TU/Inte
r(0)/b/n/7 1. \TU/CharisSIL(0)/m/n/8 Sen-tar

Underfull \hbox (badness 10000) in paragraph at lines 4307--4308
[]\TU/Inter(0)/b/n/8 en-ve-lo-par[]\TU/CharisSIL(0)/m/it/8 (trans)\TU/Inter(0)/
b/n/7 1. \TU/CharisSIL(0)/m/n/8 Cir-kon-dar

Underfull \hbox (badness 10000) in paragraph at lines 4321--4322
[]\TU/Inter(0)/b/n/8 eo-zimo[]\TU/CharisSIL(0)/m/it/8 (kemio) \TU/CharisSIL(0)/
m/n/8 Ma-te-rio reda

Package fancyhdr Warning: \headheight is too small (12.0pt): 
(fancyhdr)                Make it at least 16.54997pt, for example:
(fancyhdr)                \setlength{\headheight}{16.54997pt}.
(fancyhdr)                You might also make \topmargin smaller to compensate:

(fancyhdr)                \addtolength{\topmargin}{-4.54997pt}.

[88]

Package fancyhdr Warning: \headheight is too small (12.0pt): 
(fancyhdr)                Make it at least 16.54997pt, for example:
(fancyhdr)                \setlength{\headheight}{16.54997pt}.
(fancyhdr)                You might also make \topmargin smaller to compensate:

(fancyhdr)                \addtolength{\topmargin}{-4.54997pt}.

[89]
Underfull \hbox (badness 10000) in paragraph at lines 4393--4394
\TU/CharisSIL(0)/m/n/8 kom di-stin-givo ulo historio-

Package fancyhdr Warning: \headheight is too small (12.0pt): 
(fancyhdr)                Make it at least 16.54997pt, for example:
(fancyhdr)                \setlength{\headheight}{16.54997pt}.
(fancyhdr)                You might also make \topmargin smaller to compensate:

(fancyhdr)                \addtolength{\topmargin}{-4.54997pt}.

[90]
Underfull \hbox (badness 10000) in paragraph at lines 4455--4456
[]\TU/Inter(0)/b/n/8 ero[]\TU/CharisSIL(0)/m/it/8 (kronologio)\TU/Inter(0)/b/n/
7 1. \TU/CharisSIL(0)/m/n/8 Epoko kon-

Underfull \hbox (badness 10000) in paragraph at lines 4455--4456
\TU/CharisSIL(0)/m/n/8 ci-ono\TU/Inter(0)/b/n/7 2. \TU/CharisSIL(0)/m/n/8 Epoko
 re-mar-kinda,

Underfull \hbox (badness 10000) in paragraph at lines 4461--4462
[]\TU/Inter(0)/b/n/8 ero-tika[] \TU/CharisSIL(0)/m/n/8 Qua kon-cer-nas

Package fancyhdr Warning: \headheight is too small (12.0pt): 
(fancyhdr)                Make it at least 16.54997pt, for example:
(fancyhdr)                \setlength{\headheight}{16.54997pt}.
(fancyhdr)                You might also make \topmargin smaller to compensate:

(fancyhdr)                \addtolength{\topmargin}{-4.54997pt}.

[91]
Underfull \hbox (badness 6876) in paragraph at lines 4485--4486
\TU/CharisSIL(0)/m/n/8 te-nas la gradi por la spek-

Underfull \hbox (badness 10000) in paragraph at lines 4497--4498
[]\TU/Inter(0)/b/n/8 eskal-dar[]\TU/CharisSIL(0)/m/it/8 (trans)\TU/Inter(0)/b/n
/7 1. \TU/CharisSIL(0)/m/n/8 Bru-lar per

Underfull \hbox (badness 10000) in paragraph at lines 4521--4522
[]\TU/Inter(0)/b/n/8 eskoto[]\TU/CharisSIL(0)/m/it/8 (navo) \TU/CharisSIL(0)/m/
n/8 Grosa kor-dego

Package fancyhdr Warning: \headheight is too small (12.0pt): 
(fancyhdr)                Make it at least 16.54997pt, for example:
(fancyhdr)                \setlength{\headheight}{16.54997pt}.
(fancyhdr)                You might also make \topmargin smaller to compensate:

(fancyhdr)                \addtolength{\topmargin}{-4.54997pt}.

[92]
Underfull \hbox (badness 10000) in paragraph at lines 4547--4548
[]\TU/Inter(0)/b/n/8 espe-rar[]\TU/CharisSIL(0)/m/it/8 (trans) \TU/CharisSIL(0)
/m/n/8 Kon-si-de-rar (to

Underfull \hbox (badness 10000) in paragraph at lines 4549--4550
[]\TU/Inter(0)/b/n/8 espi-neto[]\TU/CharisSIL(0)/m/it/8 (muziko)\TU/Inter(0)/b/
n/7 1. \TU/CharisSIL(0)/m/n/8 muzik-

Underfull \hbox (badness 10000) in paragraph at lines 4549--4550
\TU/CharisSIL(0)/m/n/8 instrumento por-te-bla, kor-

Underfull \hbox (badness 10000) in paragraph at lines 4553--4554
[]\TU/Inter(0)/b/n/8 espla-nado[]\TU/CharisSIL(0)/m/it/8 (armeo)\TU/Inter(0)/b/
n/7 1. \TU/CharisSIL(0)/m/n/8 Te-reno

Underfull \hbox (badness 10000) in paragraph at lines 4567--4568
[]\TU/Inter(0)/b/n/8 esta-feto[] \TU/CharisSIL(0)/m/n/8 Ku-ri-ero qua por-tas

Package fancyhdr Warning: \headheight is too small (12.0pt): 
(fancyhdr)                Make it at least 16.54997pt, for example:
(fancyhdr)                \setlength{\headheight}{16.54997pt}.
(fancyhdr)                You might also make \topmargin smaller to compensate:

(fancyhdr)                \addtolength{\topmargin}{-4.54997pt}.

[93]
Underfull \hbox (badness 5924) in paragraph at lines 4583--4584
[]\TU/Inter(0)/b/n/8 esti-var[]\TU/CharisSIL(0)/m/it/8 (netrans) (pri la bestio
-

Underfull \hbox (badness 10000) in paragraph at lines 4587--4588
[]\TU/Inter(0)/b/n/8 estom-par[]\TU/CharisSIL(0)/m/it/8 (trans)\TU/Inter(0)/b/n
/7 1. \TU/CharisSIL(0)/m/n/8 Di-lu-tar la

Underfull \hbox (badness 10000) in paragraph at lines 4623--4624
[]\TU/Inter(0)/b/n/8 etiko[]\TU/Inter(0)/b/n/7 1. \TU/CharisSIL(0)/m/n/8 La ci-
enco pri la

Underfull \hbox (badness 10000) in paragraph at lines 4623--4624
\TU/CharisSIL(0)/m/n/8 mori\TU/Inter(0)/b/n/7 2. \TU/CharisSIL(0)/m/n/8 Trak-ta
to pri ta ci-

Package fancyhdr Warning: \headheight is too small (12.0pt): 
(fancyhdr)                Make it at least 16.54997pt, for example:
(fancyhdr)                \setlength{\headheight}{16.54997pt}.
(fancyhdr)                You might also make \topmargin smaller to compensate:

(fancyhdr)                \addtolength{\topmargin}{-4.54997pt}.

[94]
Underfull \hbox (badness 6477) in paragraph at lines 4655--4656
\TU/CharisSIL(0)/m/n/8 la ofico, en Ori-ento, kon-si-

Underfull \hbox (badness 10000) in paragraph at lines 4665--4666
[]\TU/Inter(0)/b/n/8 even-tar[]\TU/CharisSIL(0)/m/it/8 (netrans) \TU/CharisSIL(
0)/m/n/8 Di-ve-nar

Package fancyhdr Warning: \headheight is too small (12.0pt): 
(fancyhdr)                Make it at least 16.54997pt, for example:
(fancyhdr)                \setlength{\headheight}{16.54997pt}.
(fancyhdr)                You might also make \topmargin smaller to compensate:

(fancyhdr)                \addtolength{\topmargin}{-4.54997pt}.

[95]
Underfull \hbox (badness 10000) in paragraph at lines 4675--4676
[]\TU/Inter(0)/b/n/8 evi-tar[]\TU/CharisSIL(0)/m/it/8 (trans) \TU/CharisSIL(0)/
m/n/8 Pro-bar ne-

Underfull \hbox (badness 10000) in paragraph at lines 4677--4678
[]\TU/Inter(0)/b/n/8 evo-lu-ci-o-nar[]\TU/CharisSIL(0)/m/it/8 (netrans)\TU/Inte
r(0)/b/n/7 1. \TU/CharisSIL(0)/m/n/8 Ma-no-

Underfull \hbox (badness 10000) in paragraph at lines 4695--4696
[]\TU/Inter(0)/b/n/8 exa-spe-rar[]\TU/CharisSIL(0)/m/it/8 (trans)\TU/Inter(0)/b
/n/7 1. \TU/CharisSIL(0)/m/n/8 (me-dic.)

Underfull \hbox (badness 10000) in paragraph at lines 4695--4696
\TU/CharisSIL(0)/m/n/8 Igar (morbo) atin-gar sua

Underfull \hbox (badness 10000) in paragraph at lines 4707--4708
\TU/CharisSIL(0)/m/n/8 miso le-gala ne-cesa por ke

Underfull \hbox (badness 10000) in paragraph at lines 4713--4714
[]\TU/Inter(0)/b/n/8 ex-fo-liar[]\TU/CharisSIL(0)/m/it/8 (trans) \TU/CharisSIL(
0)/m/n/8 De-pre-nar fo-li-

Package fancyhdr Warning: \headheight is too small (12.0pt): 
(fancyhdr)                Make it at least 16.54997pt, for example:
(fancyhdr)                \setlength{\headheight}{16.54997pt}.
(fancyhdr)                You might also make \topmargin smaller to compensate:

(fancyhdr)                \addtolength{\topmargin}{-4.54997pt}.

[96]
Underfull \hbox (badness 10000) in paragraph at lines 4727--4728
[]\TU/Inter(0)/b/n/8 ex-ka-var[]\TU/CharisSIL(0)/m/it/8 (trans) \TU/CharisSIL(0
)/m/n/8 Fa-car, ka-vi-

Underfull \hbox (badness 10000) in paragraph at lines 4733--4734
\TU/CharisSIL(0)/m/n/8 sur-fa-cale, en-ta-mante nur la

Underfull \hbox (badness 10000) in paragraph at lines 4747--4748
[]\TU/Inter(0)/b/n/8 exor-diar[]\TU/CharisSIL(0)/m/it/8 (trans) (re-to-riko) \T
U/CharisSIL(0)/m/n/8 Pri

Underfull \hbox (badness 7631) in paragraph at lines 4747--4748
\TU/CharisSIL(0)/m/n/8 di-skurso : ko-men-car, pre-pa-

Underfull \hbox (badness 10000) in paragraph at lines 4753--4754
[]\TU/Inter(0)/b/n/8 ex-pan-sar[]\TU/CharisSIL(0)/m/it/8 (netrans)\TU/Inter(0)/
b/n/7 1. \TU/CharisSIL(0)/m/n/8 (ci-enco).

Package fancyhdr Warning: \headheight is too small (12.0pt): 
(fancyhdr)                Make it at least 16.54997pt, for example:
(fancyhdr)                \setlength{\headheight}{16.54997pt}.
(fancyhdr)                You might also make \topmargin smaller to compensate:

(fancyhdr)                \addtolength{\topmargin}{-4.54997pt}.

[97]
Underfull \hbox (badness 10000) in paragraph at lines 4757--4758
[]\TU/Inter(0)/b/n/8 ex-pe-di-ci-o-nar[]\TU/CharisSIL(0)/m/it/8 (trans) \TU/Cha
risSIL(0)/m/n/8 Sen-dar

Underfull \hbox (badness 10000) in paragraph at lines 4763--4764
[]\TU/Inter(0)/b/n/8 ex-pe-ri-en-car[]\TU/CharisSIL(0)/m/it/8 (trans) \TU/Chari
sSIL(0)/m/n/8 Ko-no-car

Underfull \hbox (badness 10000) in paragraph at lines 4787--4788
[]\TU/Inter(0)/b/n/8 ex-pre-sar[]\TU/CharisSIL(0)/m/it/8 (trans) \TU/CharisSIL(
0)/m/n/8 Ma-ni-fe-star

Underfull \hbox (badness 10000) in paragraph at lines 4787--4788
\TU/CharisSIL(0)/m/n/8 (penso, sen-ti-mento) per pa-

Underfull \hbox (badness 6927) in paragraph at lines 4789--4790
[]\TU/Inter(0)/b/n/8 ex-pro-priar[]\TU/CharisSIL(0)/m/it/8 (trans) \TU/CharisSI
L(0)/m/n/8 De-spo-se-di-gar

Underfull \hbox (badness 10000) in paragraph at lines 4791--4792
[]\TU/Inter(0)/b/n/8 ex-ta-zar[]\TU/CharisSIL(0)/m/it/8 (netrans)\TU/Inter(0)/b
/n/7 1. \TU/CharisSIL(0)/m/n/8 Ha-var sua

Underfull \hbox (badness 10000) in paragraph at lines 4799--4800
[]\TU/Inter(0)/b/n/8 ex-ter-mi-nar[]\TU/CharisSIL(0)/m/it/8 (trans) \TU/CharisS
IL(0)/m/n/8 De-struk-tar

Package fancyhdr Warning: \headheight is too small (12.0pt): 
(fancyhdr)                Make it at least 16.54997pt, for example:
(fancyhdr)                \setlength{\headheight}{16.54997pt}.
(fancyhdr)                You might also make \topmargin smaller to compensate:

(fancyhdr)                \addtolength{\topmargin}{-4.54997pt}.

[98]
Underfull \hbox (badness 10000) in paragraph at lines 4815--4816
[]\TU/Inter(0)/b/n/8 ex-trak-tar[]\TU/CharisSIL(0)/m/it/8 (trans)\TU/Inter(0)/b
/n/7 1. \TU/CharisSIL(0)/m/n/8 Re-tro-ti-rar

Underfull \hbox (badness 5802) in paragraph at lines 4815--4816
\TU/CharisSIL(0)/m/n/8 kita, ste-kita, na-ture od aci-

Underfull \hbox (badness 10000) in paragraph at lines 4840--4841
\TU/CharisSIL(0)/m/n/8 di qua la pro-ta-go-ni-sti esas,

Underfull \hbox (badness 10000) in paragraph at lines 4848--4849
[]\TU/Inter(0)/b/n/8 fa-cila[] \TU/CharisSIL(0)/m/n/8 Fa-ce-bla od age-bla sen

Package fancyhdr Warning: \headheight is too small (12.0pt): 
(fancyhdr)                Make it at least 16.54997pt, for example:
(fancyhdr)                \setlength{\headheight}{16.54997pt}.
(fancyhdr)                You might also make \topmargin smaller to compensate:

(fancyhdr)                \addtolength{\topmargin}{-4.54997pt}.

[99]
Underfull \hbox (badness 10000) in paragraph at lines 4870--4871
[]\TU/Inter(0)/b/n/8 fakto[]\TU/Inter(0)/b/n/7 1. \TU/CharisSIL(0)/m/n/8 To quo
 exi-stas re-

Package fancyhdr Warning: \headheight is too small (12.0pt): 
(fancyhdr)                Make it at least 16.54997pt, for example:
(fancyhdr)                \setlength{\headheight}{16.54997pt}.
(fancyhdr)                You might also make \topmargin smaller to compensate:

(fancyhdr)                \addtolength{\topmargin}{-4.54997pt}.

[100]
Underfull \hbox (badness 10000) in paragraph at lines 4922--4923
[]\TU/Inter(0)/b/n/8 famo[] \TU/CharisSIL(0)/m/n/8 Fa-vo-reso, segun-modeso,

Underfull \hbox (badness 10000) in paragraph at lines 4930--4931
[]\TU/Inter(0)/b/n/8 fan-faro[]\TU/CharisSIL(0)/m/it/8 (muziko) \TU/CharisSIL(0
)/m/n/8 Ario ar-me-

Package fancyhdr Warning: \headheight is too small (12.0pt): 
(fancyhdr)                Make it at least 16.54997pt, for example:
(fancyhdr)                \setlength{\headheight}{16.54997pt}.
(fancyhdr)                You might also make \topmargin smaller to compensate:

(fancyhdr)                \addtolength{\topmargin}{-4.54997pt}.

[101]
Underfull \hbox (badness 7925) in paragraph at lines 4970--4971
\TU/CharisSIL(0)/m/n/8 la arto pre-pa-rar la me-di-ka-

Package fancyhdr Warning: \headheight is too small (12.0pt): 
(fancyhdr)                Make it at least 16.54997pt, for example:
(fancyhdr)                \setlength{\headheight}{16.54997pt}.
(fancyhdr)                You might also make \topmargin smaller to compensate:

(fancyhdr)                \addtolength{\topmargin}{-4.54997pt}.

[102]
Underfull \hbox (badness 10000) in paragraph at lines 5014--5015
[]\TU/Inter(0)/b/n/8 fa-ze-olo[]\TU/CharisSIL(0)/m/it/8 (bot) \TU/CharisSIL(0)/
m/n/8 Planto le-gu-mi-

Underfull \hbox (badness 10000) in paragraph at lines 5048--5049
[]\TU/Inter(0)/b/n/8 fe-muro[]\TU/CharisSIL(0)/m/it/8 (anat) \TU/CharisSIL(0)/m
/n/8 Osto di la

Package fancyhdr Warning: \headheight is too small (12.0pt): 
(fancyhdr)                Make it at least 16.54997pt, for example:
(fancyhdr)                \setlength{\headheight}{16.54997pt}.
(fancyhdr)                You might also make \topmargin smaller to compensate:

(fancyhdr)                \addtolength{\topmargin}{-4.54997pt}.

[103]
Underfull \hbox (badness 10000) in paragraph at lines 5088--5089
[]\TU/Inter(0)/b/n/8 fes[] \TU/CharisSIL(0)/m/n/8 Noto qu-a-re-sma di la

Underfull \hbox (badness 10000) in paragraph at lines 5098--5099
[]\TU/Inter(0)/b/n/8 fe-tida[] \TU/CharisSIL(0)/m/n/8 Mal-odoranta re-pu-

Package fancyhdr Warning: \headheight is too small (12.0pt): 
(fancyhdr)                Make it at least 16.54997pt, for example:
(fancyhdr)                \setlength{\headheight}{16.54997pt}.
(fancyhdr)                You might also make \topmargin smaller to compensate:

(fancyhdr)                \addtolength{\topmargin}{-4.54997pt}.

[104]
Underfull \hbox (badness 6510) in paragraph at lines 5120--5121
\TU/CharisSIL(0)/m/n/8 qu-ida, sen-odora, sen-sapora,

Underfull \hbox (badness 10000) in paragraph at lines 5144--5145
[]\TU/Inter(0)/b/n/8 fi-guro[]\TU/Inter(0)/b/n/7 1. \TU/CharisSIL(0)/m/n/8 Form
o vi-de-bla di

Package fancyhdr Warning: \headheight is too small (12.0pt): 
(fancyhdr)                Make it at least 16.54997pt, for example:
(fancyhdr)                \setlength{\headheight}{16.54997pt}.
(fancyhdr)                You might also make \topmargin smaller to compensate:

(fancyhdr)                \addtolength{\topmargin}{-4.54997pt}.

[105]
Underfull \hbox (badness 5446) in paragraph at lines 5166--5167
[]\TU/Inter(0)/b/n/8 fi-leto[]\TU/Inter(0)/b/n/7 1. \TU/CharisSIL(0)/m/n/8 Spi-
ralo qua cir-kon-das

Underfull \hbox (badness 5908) in paragraph at lines 5170--5171
\TU/CharisSIL(0)/m/n/8 an-ti-qua, di la arti e di la

Package fancyhdr Warning: \headheight is too small (12.0pt): 
(fancyhdr)                Make it at least 16.54997pt, for example:
(fancyhdr)                \setlength{\headheight}{16.54997pt}.
(fancyhdr)                You might also make \topmargin smaller to compensate:

(fancyhdr)                \addtolength{\topmargin}{-4.54997pt}.

[106]
Underfull \hbox (badness 10000) in paragraph at lines 5228--5229
[]\TU/Inter(0)/b/n/8 fi-tar[]\TU/CharisSIL(0)/m/it/8 (netrans) \TU/CharisSIL(0)
/m/n/8 Tale ad-ju-sti-gita

Package fancyhdr Warning: \headheight is too small (12.0pt): 
(fancyhdr)                Make it at least 16.54997pt, for example:
(fancyhdr)                \setlength{\headheight}{16.54997pt}.
(fancyhdr)                You might also make \topmargin smaller to compensate:

(fancyhdr)                \addtolength{\topmargin}{-4.54997pt}.

[107]
Underfull \hbox (badness 6445) in paragraph at lines 5276--5277
[]\TU/Inter(0)/b/n/8 fle-bito[]\TU/CharisSIL(0)/m/it/8 (patol) \TU/CharisSIL(0)
/m/n/8 In-fla-muro di la

Underfull \hbox (badness 6396) in paragraph at lines 5276--5277
\TU/CharisSIL(0)/m/n/8 mem-brano in-terna di la ve-

Underfull \hbox (badness 10000) in paragraph at lines 5288--5289
[]\TU/Inter(0)/b/n/8 fle-xar[]\TU/CharisSIL(0)/m/it/8 (trans)\TU/Inter(0)/b/n/7
 1. \TU/CharisSIL(0)/m/n/8 Kur-vi-gar per

Underfull \hbox (badness 10000) in paragraph at lines 5290--5291
[]\TU/Inter(0)/b/n/8 fle-xi-ono[]\TU/CharisSIL(0)/m/it/8 (gram) \TU/CharisSIL(0
)/m/n/8 Mo-di-fi-keso di

Underfull \hbox (badness 6825) in paragraph at lines 5298--5299
[]\TU/Inter(0)/b/n/8 flo-gar[]\TU/CharisSIL(0)/m/it/8 (trans) \TU/CharisSIL(0)/
m/n/8 Ba-tar per ledro-

Package fancyhdr Warning: \headheight is too small (12.0pt): 
(fancyhdr)                Make it at least 16.54997pt, for example:
(fancyhdr)                \setlength{\headheight}{16.54997pt}.
(fancyhdr)                You might also make \topmargin smaller to compensate:

(fancyhdr)                \addtolength{\topmargin}{-4.54997pt}.

[108]
Underfull \hbox (badness 10000) in paragraph at lines 5306--5307
[]\TU/Inter(0)/b/n/8 flo-rono[]\TU/Inter(0)/b/n/7 1. \TU/CharisSIL(0)/m/n/8 Or-
nivo imi-tanta la

Package fancyhdr Warning: \headheight is too small (12.0pt): 
(fancyhdr)                Make it at least 16.54997pt, for example:
(fancyhdr)                \setlength{\headheight}{16.54997pt}.
(fancyhdr)                You might also make \topmargin smaller to compensate:

(fancyhdr)                \addtolength{\topmargin}{-4.54997pt}.

[109]
Underfull \hbox (badness 10000) in paragraph at lines 5354--5355
[]\TU/Inter(0)/b/n/8 fo-li-kulo[]\TU/Inter(0)/b/n/7 1. \TU/CharisSIL(0)/m/n/8 (
anat.) Mi-kra

Underfull \hbox (badness 7486) in paragraph at lines 5354--5355
\TU/CharisSIL(0)/m/n/8 sako mem-brana en la te-gu-

Underfull \hbox (badness 10000) in paragraph at lines 5366--5367
[]\TU/Inter(0)/b/n/8 fo-ne-tiko[] \TU/CharisSIL(0)/m/n/8 La parto di lin-gu-i-

Underfull \hbox (badness 10000) in paragraph at lines 5374--5375
[]\TU/Inter(0)/b/n/8 fo-no-gra-far[]\TU/CharisSIL(0)/m/it/8 (trans) \TU/CharisS
IL(0)/m/n/8 En-re-ji-strar

Underfull \hbox (badness 10000) in paragraph at lines 5394--5395
[]\TU/Inter(0)/b/n/8 forco[]\TU/CharisSIL(0)/m/it/8 (fiziko)\TU/Inter(0)/b/n/7 
1. \TU/CharisSIL(0)/m/n/8 La ka-uzo di

Package fancyhdr Warning: \headheight is too small (12.0pt): 
(fancyhdr)                Make it at least 16.54997pt, for example:
(fancyhdr)                \setlength{\headheight}{16.54997pt}.
(fancyhdr)                You might also make \topmargin smaller to compensate:

(fancyhdr)                \addtolength{\topmargin}{-4.54997pt}.

[110]
Underfull \hbox (badness 10000) in paragraph at lines 5408--5409
[]\TU/Inter(0)/b/n/8 for-ma-car[]\TU/CharisSIL(0)/m/it/8 (trans) \TU/CharisSIL(
0)/m/n/8 Fa-car (ulu,

Underfull \hbox (badness 10000) in paragraph at lines 5416--5417
[]\TU/Inter(0)/b/n/8 formo[]\TU/Inter(0)/b/n/7 1. \TU/CharisSIL(0)/m/n/8 Aspekt
o ex-tera di

Underfull \hbox (badness 5563) in paragraph at lines 5416--5417
\TU/CharisSIL(0)/m/n/8 ni-ero ex-tera agar se-gun ula

Underfull \hbox (badness 10000) in paragraph at lines 5416--5417
\TU/CharisSIL(0)/m/n/8 re-guli\TU/Inter(0)/b/n/7 4. \TU/CharisSIL(0)/m/n/8 Ma-n
i-ero ex-pre-sar

Underfull \hbox (badness 8113) in paragraph at lines 5430--5431
[]\TU/Inter(0)/b/n/8 for-sar[]\TU/CharisSIL(0)/m/it/8 (trans) \TU/CharisSIL(0)/
m/n/8 Kur-vi-gar, tor-sar,

Package fancyhdr Warning: \headheight is too small (12.0pt): 
(fancyhdr)                Make it at least 16.54997pt, for example:
(fancyhdr)                \setlength{\headheight}{16.54997pt}.
(fancyhdr)                You might also make \topmargin smaller to compensate:

(fancyhdr)                \addtolength{\topmargin}{-4.54997pt}.

[111]
Underfull \hbox (badness 10000) in paragraph at lines 5476--5477
\TU/CharisSIL(0)/m/n/8 zu-rar la intenseso-grado di

Underfull \hbox (badness 10000) in paragraph at lines 5480--5481
[]\TU/Inter(0)/b/n/8 fo-to-sin-tezo[]\TU/CharisSIL(0)/m/it/8 (bot) \TU/CharisSI
L(0)/m/n/8 Sin-tezo qua

Underfull \hbox (badness 5970) in paragraph at lines 5482--5483
[]\TU/Inter(0)/b/n/8 fo-to-tak-ti-smo[] \TU/CharisSIL(0)/m/n/8 Movo (in-flue da


Package fancyhdr Warning: \headheight is too small (12.0pt): 
(fancyhdr)                Make it at least 16.54997pt, for example:
(fancyhdr)                \setlength{\headheight}{16.54997pt}.
(fancyhdr)                You might also make \topmargin smaller to compensate:

(fancyhdr)                \addtolength{\topmargin}{-4.54997pt}.

[112]
Underfull \hbox (badness 10000) in paragraph at lines 5514--5515
[]\TU/Inter(0)/b/n/8 framo[] \TU/CharisSIL(0)/m/n/8 Me-nu-zuro quaza-kadra;

Package fancyhdr Warning: \headheight is too small (12.0pt): 
(fancyhdr)                Make it at least 16.54997pt, for example:
(fancyhdr)                \setlength{\headheight}{16.54997pt}.
(fancyhdr)                You might also make \topmargin smaller to compensate:

(fancyhdr)                \addtolength{\topmargin}{-4.54997pt}.

[113]
Underfull \hbox (badness 10000) in paragraph at lines 5548--5549
[]\TU/Inter(0)/b/n/8 *frendo[] \TU/CharisSIL(0)/m/n/8 Kun-partoprenanto di

Underfull \hbox (badness 10000) in paragraph at lines 5560--5561
[]\TU/Inter(0)/b/n/8 fre-qu-en-tar[]\TU/CharisSIL(0)/m/it/8 (trans)\TU/Inter(0)
/b/n/7 1. \TU/CharisSIL(0)/m/n/8 Ve-nar (a

Underfull \hbox (badness 10000) in paragraph at lines 5568--5569
[]\TU/Inter(0)/b/n/8 fre-zar[]\TU/CharisSIL(0)/m/it/8 (trans) (tekn)\TU/Inter(0
)/b/n/7 1. \TU/CharisSIL(0)/m/n/8 – Mi-

Package fancyhdr Warning: \headheight is too small (12.0pt): 
(fancyhdr)                Make it at least 16.54997pt, for example:
(fancyhdr)                \setlength{\headheight}{16.54997pt}.
(fancyhdr)                You might also make \topmargin smaller to compensate:

(fancyhdr)                \addtolength{\topmargin}{-4.54997pt}.

[114]
Underfull \hbox (badness 10000) in paragraph at lines 5604--5605
[]\TU/Inter(0)/b/n/8 fro-lar[]\TU/CharisSIL(0)/m/it/8 (trans) \TU/CharisSIL(0)/
m/n/8 Tu-shar le-jere la

Package fancyhdr Warning: \headheight is too small (12.0pt): 
(fancyhdr)                Make it at least 16.54997pt, for example:
(fancyhdr)                \setlength{\headheight}{16.54997pt}.
(fancyhdr)                You might also make \topmargin smaller to compensate:

(fancyhdr)                \addtolength{\topmargin}{-4.54997pt}.

[115]
Underfull \hbox (badness 10000) in paragraph at lines 5682--5683
[]\TU/Inter(0)/b/n/8 fu-ne-sta[] \TU/CharisSIL(0)/m/n/8 Qua ad-por-tas des-for-


Underfull \hbox (badness 7326) in paragraph at lines 5684--5685
[]\TU/Inter(0)/b/n/8 fungo[]\TU/CharisSIL(0)/m/it/8 (bot) \TU/CharisSIL(0)/m/n/
8 Planto krip-to-gama

Package fancyhdr Warning: \headheight is too small (12.0pt): 
(fancyhdr)                Make it at least 16.54997pt, for example:
(fancyhdr)                \setlength{\headheight}{16.54997pt}.
(fancyhdr)                You might also make \topmargin smaller to compensate:

(fancyhdr)                \addtolength{\topmargin}{-4.54997pt}.

[116]
Underfull \hbox (badness 6110) in paragraph at lines 5692--5693
[]\TU/Inter(0)/b/n/8 fur-gono[]\TU/CharisSIL(0)/m/it/8 (armeo) \TU/CharisSIL(0)
/m/n/8 Longa ve-turo,

Underfull \hbox (badness 10000) in paragraph at lines 5698--5699
[]\TU/Inter(0)/b/n/8 fur-nazo[] \TU/CharisSIL(0)/m/n/8 Forno in-kan-de-canta.

Underfull \hbox (badness 10000) in paragraph at lines 5702--5703
[]\TU/Inter(0)/b/n/8 fur-ni-sar[]\TU/CharisSIL(0)/m/it/8 (trans) \TU/CharisSIL(
0)/m/n/8 Li-vrar sufico-

Package fancyhdr Warning: \headheight is too small (12.0pt): 
(fancyhdr)                Make it at least 16.54997pt, for example:
(fancyhdr)                \setlength{\headheight}{16.54997pt}.
(fancyhdr)                You might also make \topmargin smaller to compensate:

(fancyhdr)                \addtolength{\topmargin}{-4.54997pt}.

[117]
Underfull \hbox (badness 10000) in paragraph at lines 5763--5764
[]\TU/Inter(0)/b/n/8 gal-bano[]\TU/CharisSIL(0)/m/it/8 (farmacio) \TU/CharisSIL
(0)/m/n/8 Gum-rezino

Package fancyhdr Warning: \headheight is too small (12.0pt): 
(fancyhdr)                Make it at least 16.54997pt, for example:
(fancyhdr)                \setlength{\headheight}{16.54997pt}.
(fancyhdr)                You might also make \topmargin smaller to compensate:

(fancyhdr)                \addtolength{\topmargin}{-4.54997pt}.

[118]
Underfull \hbox (badness 10000) in paragraph at lines 5801--5802
[]\TU/Inter(0)/b/n/8 gal-va-no-me-tro[]\TU/CharisSIL(0)/m/it/8 (fiziko) \TU/Cha
risSIL(0)/m/n/8 In-stru-

Underfull \hbox (badness 10000) in paragraph at lines 5803--5804
[]\TU/Inter(0)/b/n/8 gal-va-no-pla-star[]\TU/CharisSIL(0)/m/it/8 (trans) \TU/Ch
arisSIL(0)/m/n/8 Apli-kar

Underfull \hbox (badness 10000) in paragraph at lines 5821--5822
[]\TU/Inter(0)/b/n/8 ga-nar[]\TU/CharisSIL(0)/m/it/8 (trans) \TU/CharisSIL(0)/m
/n/8 Aqu-i-rar (profito-

Package fancyhdr Warning: \headheight is too small (12.0pt): 
(fancyhdr)                Make it at least 16.54997pt, for example:
(fancyhdr)                \setlength{\headheight}{16.54997pt}.
(fancyhdr)                You might also make \topmargin smaller to compensate:

(fancyhdr)                \addtolength{\topmargin}{-4.54997pt}.

[119]
Underfull \hbox (badness 10000) in paragraph at lines 5837--5838
[]\TU/Inter(0)/b/n/8 ga-rar[]\TU/CharisSIL(0)/m/it/8 (trans)\TU/Inter(0)/b/n/7 
1. \TU/CharisSIL(0)/m/n/8 Lo-ki-zar (navo)

Underfull \hbox (badness 10000) in paragraph at lines 5837--5838
\TU/CharisSIL(0)/m/n/8 shirme en doko\TU/Inter(0)/b/n/7 2. \TU/CharisSIL(0)/m/n
/8 Ve-ni-gar

Underfull \hbox (badness 7116) in paragraph at lines 5865--5866
[]\TU/Inter(0)/b/n/8 gar-sono[] \TU/CharisSIL(0)/m/n/8 Em-plo-yato infra-klasa

Package fancyhdr Warning: \headheight is too small (12.0pt): 
(fancyhdr)                Make it at least 16.54997pt, for example:
(fancyhdr)                \setlength{\headheight}{16.54997pt}.
(fancyhdr)                You might also make \topmargin smaller to compensate:

(fancyhdr)                \addtolength{\topmargin}{-4.54997pt}.

[120]
Underfull \hbox (badness 10000) in paragraph at lines 5877--5878
[]\TU/Inter(0)/b/n/8 ga-stral-gio[]\TU/CharisSIL(0)/m/it/8 (patol) \TU/CharisSI
L(0)/m/n/8 Morbo in-fla-

Underfull \hbox (badness 10000) in paragraph at lines 5885--5886
[]\TU/Inter(0)/b/n/8 ga-u-jar[]\TU/CharisSIL(0)/m/it/8 (trans) \TU/CharisSIL(0)
/m/n/8 Me-zu-rar la

Underfull \hbox (badness 10000) in paragraph at lines 5929--5930
[]\TU/Inter(0)/b/n/8 ge-ne-ralo[]\TU/CharisSIL(0)/m/it/8 (armeo) \TU/CharisSIL(
0)/m/n/8 Milito-chefo

Package fancyhdr Warning: \headheight is too small (12.0pt): 
(fancyhdr)                Make it at least 16.54997pt, for example:
(fancyhdr)                \setlength{\headheight}{16.54997pt}.
(fancyhdr)                You might also make \topmargin smaller to compensate:

(fancyhdr)                \addtolength{\topmargin}{-4.54997pt}.

[121]
Underfull \hbox (badness 10000) in paragraph at lines 5939--5940
[]\TU/Inter(0)/b/n/8 ge-ni-tar[]\TU/Inter(0)/b/n/7 1. \TU/CharisSIL(0)/m/n/8 I(
trans.) Pro-duk-

Underfull \hbox (badness 5578) in paragraph at lines 5975--5976
[]\TU/Inter(0)/b/n/8 ge-pardo[]\TU/CharisSIL(0)/m/it/8 (zool) \TU/CharisSIL(0)/
m/n/8 Ani-malo kar-na-

Underfull \hbox (badness 6332) in paragraph at lines 5975--5976
\TU/CharisSIL(0)/m/n/8 e di qua la un-gli esas ne-

Package fancyhdr Warning: \headheight is too small (12.0pt): 
(fancyhdr)                Make it at least 16.54997pt, for example:
(fancyhdr)                \setlength{\headheight}{16.54997pt}.
(fancyhdr)                You might also make \topmargin smaller to compensate:

(fancyhdr)                \addtolength{\topmargin}{-4.54997pt}.

[122]
Underfull \hbox (badness 10000) in paragraph at lines 6005--6006
[]\TU/Inter(0)/b/n/8 gi-lo-char[]\TU/CharisSIL(0)/m/it/8 (trans) (tekn) \TU/Cha
risSIL(0)/m/n/8 Or-nar

Underfull \hbox (badness 10000) in paragraph at lines 6009--6010
[]\TU/Inter(0)/b/n/8 gim-bardo[]\TU/CharisSIL(0)/m/it/8 (muziko) \TU/CharisSIL(
0)/m/n/8 Muzik-

Package fancyhdr Warning: \headheight is too small (12.0pt): 
(fancyhdr)                Make it at least 16.54997pt, for example:
(fancyhdr)                \setlength{\headheight}{16.54997pt}.
(fancyhdr)                You might also make \topmargin smaller to compensate:

(fancyhdr)                \addtolength{\topmargin}{-4.54997pt}.

[123]
Underfull \hbox (badness 10000) in paragraph at lines 6029--6030
[]\TU/Inter(0)/b/n/8 gi-pso[]\TU/CharisSIL(0)/m/it/8 (Ikkemio)\TU/Inter(0)/b/n/
7 1. \TU/CharisSIL(0)/m/n/8 Kali-sulfato,

Underfull \hbox (badness 10000) in paragraph at lines 6029--6030
\TU/CharisSIL(0)/m/n/8 maxim-multa-kaze hi-dra-toza.

Underfull \hbox (badness 10000) in paragraph at lines 6069--6070
[]\TU/Inter(0)/b/n/8 gla-u-komo[]\TU/CharisSIL(0)/m/it/8 (patol) \TU/CharisSIL(
0)/m/n/8 Okulo-morbo,

Package fancyhdr Warning: \headheight is too small (12.0pt): 
(fancyhdr)                Make it at least 16.54997pt, for example:
(fancyhdr)                \setlength{\headheight}{16.54997pt}.
(fancyhdr)                You might also make \topmargin smaller to compensate:

(fancyhdr)                \addtolength{\topmargin}{-4.54997pt}.

[124]
Underfull \hbox (badness 10000) in paragraph at lines 6089--6090
[]\TU/Inter(0)/b/n/8 gli-ko-ge-nezo[]\TU/CharisSIL(0)/m/it/8 (kemio bi-o-lo-gi-
ala)

Underfull \hbox (badness 10000) in paragraph at lines 6093--6094
[]\TU/Inter(0)/b/n/8 gli-ko-pro-te-ido[]\TU/CharisSIL(0)/m/it/8 (kemio bi-o-lo-
gi-ala)

Underfull \hbox (badness 10000) in paragraph at lines 6115--6116
[]\TU/Inter(0)/b/n/8 glo-bulo[]\TU/CharisSIL(0)/m/it/8 (anat) \TU/CharisSIL(0)/
m/n/8 Kor-pu-skulo plu

Package fancyhdr Warning: \headheight is too small (12.0pt): 
(fancyhdr)                Make it at least 16.54997pt, for example:
(fancyhdr)                \setlength{\headheight}{16.54997pt}.
(fancyhdr)                You might also make \topmargin smaller to compensate:

(fancyhdr)                \addtolength{\topmargin}{-4.54997pt}.

[125]
Underfull \hbox (badness 10000) in paragraph at lines 6139--6140
[]\TU/Inter(0)/b/n/8 glu-ti-nar[]\TU/CharisSIL(0)/m/it/8 (trans) \TU/CharisSIL(
0)/m/n/8 Ad-he-ri-gar per

Underfull \hbox (badness 10000) in paragraph at lines 6143--6144
[]\TU/Inter(0)/b/n/8 gno-miko[]\TU/CharisSIL(0)/m/it/8 (antique) \TU/CharisSIL(
0)/m/n/8 Skrip-ti-sto

Underfull \hbox (badness 10000) in paragraph at lines 6169--6170
[]\TU/Inter(0)/b/n/8 gon-dolo[]\TU/Inter(0)/b/n/7 1. \TU/CharisSIL(0)/m/n/8 Ve-
hilo su-spen-dita

Underfull \hbox (badness 10000) in paragraph at lines 6169--6170
\TU/CharisSIL(0)/m/n/8 sub ae-ro-stato (di-rek-te-bla o

Underfull \hbox (badness 6332) in paragraph at lines 6179--6180
\TU/CharisSIL(0)/m/n/8 mem-brano ge-ni-tala ed uri-ni-

Package fancyhdr Warning: \headheight is too small (12.0pt): 
(fancyhdr)                Make it at least 16.54997pt, for example:
(fancyhdr)                \setlength{\headheight}{16.54997pt}.
(fancyhdr)                You might also make \topmargin smaller to compensate:

(fancyhdr)                \addtolength{\topmargin}{-4.54997pt}.

[126]
Underfull \hbox (badness 6477) in paragraph at lines 6183--6184
\TU/CharisSIL(0)/m/n/8 loga a chim-pan-zeo\TU/CharisSIL(0)/m/it/8 L. go-rilla

Package fancyhdr Warning: \headheight is too small (12.0pt): 
(fancyhdr)                Make it at least 16.54997pt, for example:
(fancyhdr)                \setlength{\headheight}{16.54997pt}.
(fancyhdr)                You might also make \topmargin smaller to compensate:

(fancyhdr)                \addtolength{\topmargin}{-4.54997pt}.

[127]
Underfull \hbox (badness 7558) in paragraph at lines 6231--6232
[]\TU/Inter(0)/b/n/8 gra-ni-vora[] \TU/CharisSIL(0)/m/n/8 Qua su nu-tras per

Underfull \hbox (badness 10000) in paragraph at lines 6241--6242
[]\TU/Inter(0)/b/n/8 gra-pino[]\TU/Inter(0)/b/n/7 1. \TU/CharisSIL(0)/m/n/8 (na
-vig) Abordo-

Underfull \hbox (badness 5652) in paragraph at lines 6271--6272
[]\TU/Inter(0)/b/n/8 gre-lar[]\TU/CharisSIL(0)/m/it/8 (netrans) \TU/CharisSIL(0
)/m/n/8 Falo di pluvo-

Package fancyhdr Warning: \headheight is too small (12.0pt): 
(fancyhdr)                Make it at least 16.54997pt, for example:
(fancyhdr)                \setlength{\headheight}{16.54997pt}.
(fancyhdr)                You might also make \topmargin smaller to compensate:

(fancyhdr)                \addtolength{\topmargin}{-4.54997pt}.

[128]
Underfull \hbox (badness 10000) in paragraph at lines 6291--6292
[]\TU/Inter(0)/b/n/8 gri-mar[]\TU/CharisSIL(0)/m/it/8 (trans) (te-a-tro) \TU/Ch
arisSIL(0)/m/n/8 Ru-gi-zar

Underfull \hbox (badness 6252) in paragraph at lines 6307--6308
[]\TU/Inter(0)/b/n/8 gropo[]\TU/CharisSIL(0)/m/it/8 (anat) \TU/CharisSIL(0)/m/n
/8 Che ula ani-mali,

Underfull \hbox (badness 10000) in paragraph at lines 6313--6314
\TU/CharisSIL(0)/m/n/8 ma-ni-ero vul-gara, o fa-so-nita

Underfull \hbox (badness 7613) in paragraph at lines 6315--6316
[]\TU/Inter(0)/b/n/8 gro-te-ska[] \TU/CharisSIL(0)/m/n/8 Rid-ecitanta pro lua

Underfull \hbox (badness 7273) in paragraph at lines 6319--6320
\TU/CharisSIL(0)/m/n/8 ne-ma-tura ed acido-saporanta,

Package fancyhdr Warning: \headheight is too small (12.0pt): 
(fancyhdr)                Make it at least 16.54997pt, for example:
(fancyhdr)                \setlength{\headheight}{16.54997pt}.
(fancyhdr)                You might also make \topmargin smaller to compensate:

(fancyhdr)                \addtolength{\topmargin}{-4.54997pt}.

[129]
Underfull \hbox (badness 10000) in paragraph at lines 6325--6326
\TU/CharisSIL(0)/m/n/8 stanco pul-ve-ra-tra aglo-me-rita,

Package fancyhdr Warning: \headheight is too small (12.0pt): 
(fancyhdr)                Make it at least 16.54997pt, for example:
(fancyhdr)                \setlength{\headheight}{16.54997pt}.
(fancyhdr)                You might also make \topmargin smaller to compensate:

(fancyhdr)                \addtolength{\topmargin}{-4.54997pt}.

[130]
Underfull \hbox (badness 6592) in paragraph at lines 6389--6390
[]\TU/Inter(0)/b/n/8 gu-ver-nar[]\TU/CharisSIL(0)/m/it/8 (trans)\TU/Inter(0)/b/
n/7 1. \TU/CharisSIL(0)/m/n/8 Di-rek-tar la

Underfull \hbox (badness 10000) in paragraph at lines 6400--6401
[]\TU/Inter(0)/b/n/8 ha-bi-tar[]\TU/CharisSIL(0)/m/it/8 (trans) \TU/CharisSIL(0
)/m/n/8 Re-zi-dar per-ma-

Package fancyhdr Warning: \headheight is too small (12.0pt): 
(fancyhdr)                Make it at least 16.54997pt, for example:
(fancyhdr)                \setlength{\headheight}{16.54997pt}.
(fancyhdr)                You might also make \topmargin smaller to compensate:

(fancyhdr)                \addtolength{\topmargin}{-4.54997pt}.

[131]
Underfull \hbox (badness 10000) in paragraph at lines 6460--6461
[]\TU/Inter(0)/b/n/8 har-mo-niko[]\TU/CharisSIL(0)/m/it/8 (muzik)\TU/Inter(0)/b
/n/7 1. \TU/CharisSIL(0)/m/n/8 Muzik-

Package fancyhdr Warning: \headheight is too small (12.0pt): 
(fancyhdr)                Make it at least 16.54997pt, for example:
(fancyhdr)                \setlength{\headheight}{16.54997pt}.
(fancyhdr)                You might also make \topmargin smaller to compensate:

(fancyhdr)                \addtolength{\topmargin}{-4.54997pt}.

[132]
Underfull \hbox (badness 10000) in paragraph at lines 6468--6469
[]\TU/Inter(0)/b/n/8 harpo[] \TU/CharisSIL(0)/m/n/8 Muzik-instrumento tri-

Underfull \hbox (badness 10000) in paragraph at lines 6470--6471
[]\TU/Inter(0)/b/n/8 har-puno[]\TU/Inter(0)/b/n/7 1. \TU/CharisSIL(0)/m/n/8 In-
stru-mento fera,

Underfull \hbox (badness 10000) in paragraph at lines 6470--6471
\TU/CharisSIL(0)/m/n/8 uzata por akro-char, pi-

Underfull \hbox (badness 10000) in paragraph at lines 6502--6503
[]\TU/Inter(0)/b/n/8 hek-tika[]\TU/CharisSIL(0)/m/it/8 (patol) \TU/CharisSIL(0)
/m/n/8 (Fe-bro) ka-rak-

Underfull \hbox (badness 10000) in paragraph at lines 6502--6503
\TU/CharisSIL(0)/m/n/8 te-ri-zata da de-pe-riso pro-gre-

Underfull \hbox (badness 6047) in paragraph at lines 6504--6505
\TU/CharisSIL(0)/m/n/8 apa-rato) skri-buro, de-se-gnuro,

Package fancyhdr Warning: \headheight is too small (12.0pt): 
(fancyhdr)                Make it at least 16.54997pt, for example:
(fancyhdr)                \setlength{\headheight}{16.54997pt}.
(fancyhdr)                You might also make \topmargin smaller to compensate:

(fancyhdr)                \addtolength{\topmargin}{-4.54997pt}.

[133]
Underfull \hbox (badness 6944) in paragraph at lines 6520--6521
[]\TU/Inter(0)/b/n/8 he-lico[]\TU/Inter(0)/b/n/7 1. \TU/CharisSIL(0)/m/n/8 (geo
m.) Li-neo du-

Underfull \hbox (badness 10000) in paragraph at lines 6564--6565
[]\TU/Inter(0)/b/n/8 he-mi-ple-gio[]\TU/CharisSIL(0)/m/it/8 (patol) \TU/CharisS
IL(0)/m/n/8 Pa-ra-li-zeso

Package fancyhdr Warning: \headheight is too small (12.0pt): 
(fancyhdr)                Make it at least 16.54997pt, for example:
(fancyhdr)                \setlength{\headheight}{16.54997pt}.
(fancyhdr)                You might also make \topmargin smaller to compensate:

(fancyhdr)                \addtolength{\topmargin}{-4.54997pt}.

[134]
Underfull \hbox (badness 10000) in paragraph at lines 6572--6573
[]\TU/Inter(0)/b/n/8 he-mo-glo-bino[]\TU/CharisSIL(0)/m/it/8 (kemio biol) \TU/C
harisSIL(0)/m/n/8 Pig-

Underfull \hbox (badness 10000) in paragraph at lines 6576--6577
[]\TU/Inter(0)/b/n/8 he-mop-ti-zio[]\TU/CharisSIL(0)/m/it/8 (patol) \TU/CharisS
IL(0)/m/n/8 Spu-tado di

Underfull \hbox (badness 10000) in paragraph at lines 6588--6589
[]\TU/Inter(0)/b/n/8 hep-ta-e-dro[]\TU/CharisSIL(0)/m/it/8 (geom) \TU/CharisSIL
(0)/m/n/8 So-lido sep-

Underfull \hbox (badness 7168) in paragraph at lines 6596--6597
[]\TU/Inter(0)/b/n/8 her-bi-vora[] \TU/CharisSIL(0)/m/n/8 Qua su nu-tras per

Package fancyhdr Warning: \headheight is too small (12.0pt): 
(fancyhdr)                Make it at least 16.54997pt, for example:
(fancyhdr)                \setlength{\headheight}{16.54997pt}.
(fancyhdr)                You might also make \topmargin smaller to compensate:

(fancyhdr)                \addtolength{\topmargin}{-4.54997pt}.

[135]
Underfull \hbox (badness 7851) in paragraph at lines 6620--6621
[]\TU/Inter(0)/b/n/8 her-nio[]\TU/CharisSIL(0)/m/it/8 (patol)\TU/Inter(0)/b/n/7
 1. \TU/CharisSIL(0)/m/n/8 Tu-moro quan

Underfull \hbox (badness 10000) in paragraph at lines 6644--6645
[]\TU/Inter(0)/b/n/8 he-te-ro-mor-foso[]\TU/CharisSIL(0)/m/it/8 (biol) \TU/Char
isSIL(0)/m/n/8 Re-ge-nero

Package fancyhdr Warning: \headheight is too small (12.0pt): 
(fancyhdr)                Make it at least 16.54997pt, for example:
(fancyhdr)                \setlength{\headheight}{16.54997pt}.
(fancyhdr)                You might also make \topmargin smaller to compensate:

(fancyhdr)                \addtolength{\topmargin}{-4.54997pt}.

[136]
Underfull \hbox (badness 10000) in paragraph at lines 6660--6661
[]\TU/Inter(0)/b/n/8 he-xa-me-tro[]\TU/CharisSIL(0)/m/it/8 (metriko) \TU/Charis
SIL(0)/m/n/8 Sis-peda

Package fancyhdr Warning: \headheight is too small (12.0pt): 
(fancyhdr)                Make it at least 16.54997pt, for example:
(fancyhdr)                \setlength{\headheight}{16.54997pt}.
(fancyhdr)                You might also make \topmargin smaller to compensate:

(fancyhdr)                \addtolength{\topmargin}{-4.54997pt}.

[137]
Underfull \hbox (badness 10000) in paragraph at lines 6704--6705
[]\TU/Inter(0)/b/n/8 hi-dro-lizo[] \TU/CharisSIL(0)/m/n/8 Re-akto di du-i-me-sk
o

Underfull \hbox (badness 10000) in paragraph at lines 6706--6707
[]\TU/Inter(0)/b/n/8 hi-dro-lo-gio[] \TU/CharisSIL(0)/m/n/8 Parto di la natur-

Underfull \hbox (badness 10000) in paragraph at lines 6708--6709
[]\TU/Inter(0)/b/n/8 hi-dro-man-cio[] \TU/CharisSIL(0)/m/n/8 Di-vi-nado per

Underfull \hbox (badness 10000) in paragraph at lines 6720--6721
[]\TU/Inter(0)/b/n/8 hi-dro-qu-i-nono[]\TU/CharisSIL(0)/m/it/8 (kemio) \TU/Char
isSIL(0)/m/n/8 C6 H4

Underfull \hbox (badness 5147) in paragraph at lines 6744--6745
\TU/CharisSIL(0)/m/n/8 me-zu-ras la qu-anto de aquo-

Underfull \hbox (badness 5147) in paragraph at lines 6746--6747
\TU/CharisSIL(0)/m/n/8 me-zu-ras la qu-anto de aquo-

Underfull \hbox (badness 10000) in paragraph at lines 6750--6751
[]\TU/Inter(0)/b/n/8 hike[]\TU/Inter(0)/b/n/7 1. \TU/CharisSIL(0)/m/n/8 En la l
oko ube esas

Package fancyhdr Warning: \headheight is too small (12.0pt): 
(fancyhdr)                Make it at least 16.54997pt, for example:
(fancyhdr)                \setlength{\headheight}{16.54997pt}.
(fancyhdr)                You might also make \topmargin smaller to compensate:

(fancyhdr)                \addtolength{\topmargin}{-4.54997pt}.

[138]
Underfull \hbox (badness 10000) in paragraph at lines 6784--6785
[]\TU/Inter(0)/b/n/8 hi-pe-re-ste-zio[]\TU/CharisSIL(0)/m/it/8 (patol) \TU/Char
isSIL(0)/m/n/8 Hiper-

Underfull \hbox (badness 6510) in paragraph at lines 6788--6789
\TU/CharisSIL(0)/m/n/8 *so-lu-tei in-jek-te-bla di qui la

Underfull \hbox (badness 10000) in paragraph at lines 6790--6791
[]\TU/Inter(0)/b/n/8 hi-per-tro-fiar[]\TU/CharisSIL(0)/m/it/8 (trans) \TU/Chari
sSIL(0)/m/n/8 Pro-duk-tar

Underfull \hbox (badness 10000) in paragraph at lines 6798--6799
[]\TU/Inter(0)/b/n/8 hi-po-dermo[]\TU/CharisSIL(0)/m/it/8 (anat) \TU/CharisSIL(
0)/m/n/8 Ti-suo sub-

Underfull \hbox (badness 10000) in paragraph at lines 6800--6801
[]\TU/Inter(0)/b/n/8 hi-po-dromo[]\TU/Inter(0)/b/n/7 1. \TU/CharisSIL(0)/m/n/8 
(en la epoki

Underfull \hbox (badness 10000) in paragraph at lines 6800--6801
\TU/CharisSIL(0)/m/n/8 an-ti-qua). Cirko por la

Underfull \hbox (badness 10000) in paragraph at lines 6800--6801
\TU/CharisSIL(0)/m/n/8 kavalo-konkursi e la charo-

Package fancyhdr Warning: \headheight is too small (12.0pt): 
(fancyhdr)                Make it at least 16.54997pt, for example:
(fancyhdr)                \setlength{\headheight}{16.54997pt}.
(fancyhdr)                You might also make \topmargin smaller to compensate:

(fancyhdr)                \addtolength{\topmargin}{-4.54997pt}.

[139]
Underfull \hbox (badness 10000) in paragraph at lines 6828--6829
\TU/CharisSIL(0)/m/n/8 de-duk-tas kon-se-qui ve-ri-fi-

Underfull \hbox (badness 10000) in paragraph at lines 6840--6841
[]\TU/Inter(0)/b/n/8 hi-ste-rezo[]\TU/CharisSIL(0)/m/it/8 (elektrotekniko) \TU/
CharisSIL(0)/m/n/8 Pro-

Underfull \hbox (badness 10000) in paragraph at lines 6842--6843
[]\TU/Inter(0)/b/n/8 hi-ste-re-zo-me-tro[]\TU/CharisSIL(0)/m/it/8 (elektrotekni
ko)

Underfull \hbox (badness 10000) in paragraph at lines 6844--6845
[]\TU/Inter(0)/b/n/8 hi-ste-rio[]\TU/CharisSIL(0)/m/it/8 (patol) \TU/CharisSIL(
0)/m/n/8 Morbo ner-vala

Package fancyhdr Warning: \headheight is too small (12.0pt): 
(fancyhdr)                Make it at least 16.54997pt, for example:
(fancyhdr)                \setlength{\headheight}{16.54997pt}.
(fancyhdr)                You might also make \topmargin smaller to compensate:

(fancyhdr)                \addtolength{\topmargin}{-4.54997pt}.

[140]
Underfull \hbox (badness 10000) in paragraph at lines 6862--6863
[]\TU/Inter(0)/b/n/8 hi-ver-nar[]\TU/CharisSIL(0)/m/it/8 (netrans) \TU/CharisSI
L(0)/m/n/8 Tra-vi-var la

Underfull \hbox (badness 10000) in paragraph at lines 6874--6875
[]\TU/Inter(0)/b/n/8 ho-do-me-tro[]\TU/Inter(0)/b/n/7 1. \TU/CharisSIL(0)/m/n/8
 In-stru-mento

Underfull \hbox (badness 5022) in paragraph at lines 6884--6885
[]\TU/Inter(0)/b/n/8 ho-lo-grafa[]\TU/CharisSIL(0)/m/it/8 (pri te-sta-mento) \T
U/CharisSIL(0)/m/n/8 Tote

Package fancyhdr Warning: \headheight is too small (12.0pt): 
(fancyhdr)                Make it at least 16.54997pt, for example:
(fancyhdr)                \setlength{\headheight}{16.54997pt}.
(fancyhdr)                You might also make \topmargin smaller to compensate:

(fancyhdr)                \addtolength{\topmargin}{-4.54997pt}.

[141]
Underfull \hbox (badness 10000) in paragraph at lines 6900--6901
[]\TU/Inter(0)/b/n/8 ho-me-rala[]\TU/CharisSIL(0)/m/it/8 (Rido) \TU/CharisSIL(0
)/m/n/8 ne-re-pre-se-bla

Underfull \hbox (badness 10000) in paragraph at lines 6902--6903
\TU/CharisSIL(0)/m/n/8 re-li-gi-ala\TU/Inter(0)/b/n/7 2. \TU/CharisSIL(0)/m/n/8
 Breviario-leciono

Underfull \hbox (badness 10000) in paragraph at lines 6902--6903
\TU/CharisSIL(0)/m/n/8 Etiko-prediko, le-ci-ono eno-yi-

Underfull \hbox (badness 10000) in paragraph at lines 6908--6909
[]\TU/Inter(0)/b/n/8 ho-mo-gena[] \TU/CharisSIL(0)/m/n/8 Di qua la ele-

Underfull \hbox (badness 10000) in paragraph at lines 6912--6913
\TU/CharisSIL(0)/m/it/8 ter-mini) \TU/CharisSIL(0)/m/n/8 Qui in-ter-ko-re-spon-


Underfull \hbox (badness 5050) in paragraph at lines 6926--6927
[]\TU/Inter(0)/b/n/8 ho-noro[]\TU/Inter(0)/b/n/7 1. \TU/CharisSIL(0)/m/n/8 Di-g
neso eti-kala qua

Package fancyhdr Warning: \headheight is too small (12.0pt): 
(fancyhdr)                Make it at least 16.54997pt, for example:
(fancyhdr)                \setlength{\headheight}{16.54997pt}.
(fancyhdr)                You might also make \topmargin smaller to compensate:

(fancyhdr)                \addtolength{\topmargin}{-4.54997pt}.

[142]
Underfull \hbox (badness 10000) in paragraph at lines 6958--6959
[]\TU/Inter(0)/b/n/8 ho-stio[]\TU/CharisSIL(0)/m/it/8 (liturgio ka-to-lika) \TU
/CharisSIL(0)/m/n/8 Pano-

Underfull \hbox (badness 10000) in paragraph at lines 6960--6961
[]\TU/Inter(0)/b/n/8 ho-sto[] \TU/CharisSIL(0)/m/n/8 La per-sono qua ga-sti-

Underfull \hbox (badness 10000) in paragraph at lines 6964--6965
[]\TU/Inter(0)/b/n/8 ho-zanna[]\TU/Inter(0)/b/n/7 1. \TU/CharisSIL(0)/m/n/8 (li
-tur-gio He-brea).

Underfull \hbox (badness 7963) in paragraph at lines 6964--6965
\TU/CharisSIL(0)/m/n/8 Re-freno di himno di la si-

Underfull \hbox (badness 10000) in paragraph at lines 6964--6965
\TU/CharisSIL(0)/m/n/8 na-gogo\TU/Inter(0)/b/n/7 2. \TU/CharisSIL(0)/m/n/8 (li-
tur-gio ka-to-lika).

Package fancyhdr Warning: \headheight is too small (12.0pt): 
(fancyhdr)                Make it at least 16.54997pt, for example:
(fancyhdr)                \setlength{\headheight}{16.54997pt}.
(fancyhdr)                You might also make \topmargin smaller to compensate:

(fancyhdr)                \addtolength{\topmargin}{-4.54997pt}.

[143]
Underfull \hbox (badness 10000) in paragraph at lines 6992--6993
[]\TU/Inter(0)/b/n/8 hun-grar[]\TU/CharisSIL(0)/m/it/8 (trans., ulo) \TU/Charis
SIL(0)/m/n/8 Be-zo-nar

Underfull \hbox (badness 10000) in paragraph at lines 6994--6995
[]\TU/Inter(0)/b/n/8 huo[]\TU/CharisSIL(0)/m/it/8 (zool) \TU/CharisSIL(0)/m/n/8
 Rapt-ucelo nok-tala

Underfull \hbox (badness 10000) in paragraph at lines 6996--6997
\TU/CharisSIL(0)/m/n/8 di per-so-nego qua eni-ras la

Package fancyhdr Warning: \headheight is too small (12.0pt): 
(fancyhdr)                Make it at least 16.54997pt, for example:
(fancyhdr)                \setlength{\headheight}{16.54997pt}.
(fancyhdr)                You might also make \topmargin smaller to compensate:

(fancyhdr)                \addtolength{\topmargin}{-4.54997pt}.

[144]
Underfull \hbox (badness 10000) in paragraph at lines 7033--7034
[]\TU/Inter(0)/b/n/8 idi-lio[]\TU/Inter(0)/b/n/7 1. \TU/CharisSIL(0)/m/n/8 Mi-k
ra po-emo pa-sto-

Underfull \hbox (badness 10000) in paragraph at lines 7033--7034
\TU/CharisSIL(0)/m/n/8 rala\TU/Inter(0)/b/n/7 2. \TU/CharisSIL(0)/m/n/8 Amoro-n
araco pa-sto-

Underfull \hbox (badness 7796) in paragraph at lines 7041--7042
[]\TU/Inter(0)/b/n/8 idi-ota[]\TU/CharisSIL(0)/m/it/8 (patol) \TU/CharisSIL(0)/
m/n/8 Di qua la ce-re-

Underfull \hbox (badness 10000) in paragraph at lines 7063--7064
[]\TU/Inter(0)/b/n/8 iko-no-geno[]\TU/CharisSIL(0)/m/it/8 (fotogr) \TU/CharisSI
L(0)/m/n/8 Natro-salo

Underfull \hbox (badness 10000) in paragraph at lines 7071--7072
[]\TU/Inter(0)/b/n/8 iko-sa-e-dro[]\TU/CharisSIL(0)/m/it/8 (geom) \TU/CharisSIL
(0)/m/n/8 So-lido 20-

Package fancyhdr Warning: \headheight is too small (12.0pt): 
(fancyhdr)                Make it at least 16.54997pt, for example:
(fancyhdr)                \setlength{\headheight}{16.54997pt}.
(fancyhdr)                You might also make \topmargin smaller to compensate:

(fancyhdr)                \addtolength{\topmargin}{-4.54997pt}.

[145]
Underfull \hbox (badness 10000) in paragraph at lines 7079--7080
\TU/CharisSIL(0)/m/n/8 fisho-vertebri\TU/CharisSIL(0)/m/it/8 L. icht-yo-sa-u-

Underfull \hbox (badness 10000) in paragraph at lines 7095--7096
[]\TU/Inter(0)/b/n/8 ilu-mi-nar[]\TU/CharisSIL(0)/m/it/8 (trans) \TU/CharisSIL(
0)/m/n/8 Or-nar (ma-nu-

Underfull \hbox (badness 10000) in paragraph at lines 7097--7098
[]\TU/Inter(0)/b/n/8 ilu-zi-o-nar[]\TU/CharisSIL(0)/m/it/8 (netrans) \TU/Charis
SIL(0)/m/n/8 Su-bi-sar ta

Underfull \hbox (badness 6995) in paragraph at lines 7133--7134
[]\TU/Inter(0)/b/n/8 im-pe-ra-tivo[]\TU/Inter(0)/b/n/7 1. \TU/CharisSIL(0)/m/n/
8 (gram.) Modo

Package fancyhdr Warning: \headheight is too small (12.0pt): 
(fancyhdr)                Make it at least 16.54997pt, for example:
(fancyhdr)                \setlength{\headheight}{16.54997pt}.
(fancyhdr)                You might also make \topmargin smaller to compensate:

(fancyhdr)                \addtolength{\topmargin}{-4.54997pt}.

[146]
Underfull \hbox (badness 10000) in paragraph at lines 7135--7136
[]\TU/Inter(0)/b/n/8 im-pe-ra-toro[]\TU/CharisSIL(0)/m/it/8 (historio) \TU/Char
isSIL(0)/m/n/8 Ko-man-

Underfull \hbox (badness 10000) in paragraph at lines 7145--7146
[]\TU/Inter(0)/b/n/8 im-ple-mento[] \TU/CharisSIL(0)/m/n/8 Uten-silo ma-nu-ala

Underfull \hbox (badness 7631) in paragraph at lines 7149--7150
[]\TU/Inter(0)/b/n/8 im-pli-kar[]\TU/CharisSIL(0)/m/it/8 (trans) (lo-giko) \TU/
CharisSIL(0)/m/n/8 Kon-te-

Underfull \hbox (badness 7925) in paragraph at lines 7163--7164
\TU/CharisSIL(0)/m/n/8 pe-ne-trar en omna parti (di

Underfull \hbox (badness 10000) in paragraph at lines 7165--7166
[]\TU/Inter(0)/b/n/8 im-pre-kar[]\TU/CharisSIL(0)/m/it/8 (netrans) \TU/CharisSI
L(0)/m/n/8 De-zi-rar ke

Underfull \hbox (badness 10000) in paragraph at lines 7185--7186
[]\TU/Inter(0)/b/n/8 ina-ni-ci-ono[]\TU/CharisSIL(0)/m/it/8 (fiziol) \TU/Charis
SIL(0)/m/n/8 Ex-ha-u-steso

Underfull \hbox (badness 10000) in paragraph at lines 7189--7190
[]\TU/Inter(0)/b/n/8 ina-u-gu-rar[]\TU/CharisSIL(0)/m/it/8 (trans)\TU/Inter(0)/
b/n/7 1. \TU/CharisSIL(0)/m/n/8 Kon-sa-krar

Package fancyhdr Warning: \headheight is too small (12.0pt): 
(fancyhdr)                Make it at least 16.54997pt, for example:
(fancyhdr)                \setlength{\headheight}{16.54997pt}.
(fancyhdr)                You might also make \topmargin smaller to compensate:

(fancyhdr)                \addtolength{\topmargin}{-4.54997pt}.

[147]
Underfull \hbox (badness 10000) in paragraph at lines 7203--7204
[]\TU/Inter(0)/b/n/8 in-ci-zar[]\TU/CharisSIL(0)/m/it/8 (trans) \TU/CharisSIL(0
)/m/n/8 Fen-dar butono-

Underfull \hbox (badness 10000) in paragraph at lines 7203--7204
\TU/CharisSIL(0)/m/n/8 truatre, per in-stru-mento se-

Underfull \hbox (badness 10000) in paragraph at lines 7215--7216
[]\TU/Inter(0)/b/n/8 in-dico[]\TU/Inter(0)/b/n/7 1. \TU/CharisSIL(0)/m/n/8 Si-g
no qua tro-vi-gas

Underfull \hbox (badness 6608) in paragraph at lines 7215--7216
\TU/CharisSIL(0)/m/n/8 qua re-pre-zen-tas, en kal-kulo,

Underfull \hbox (badness 7963) in paragraph at lines 7219--7220
[]\TU/Inter(0)/b/n/8 in-di-fe-renta[]\TU/Inter(0)/b/n/7 1. \TU/CharisSIL(0)/m/n
/8 Qua ne ten-den-

Underfull \hbox (badness 10000) in paragraph at lines 7231--7232
[]\TU/Inter(0)/b/n/8 in-di-ka-tivo[]\TU/CharisSIL(0)/m/it/8 (gram) \TU/CharisSI
L(0)/m/n/8 Modo di la

Package fancyhdr Warning: \headheight is too small (12.0pt): 
(fancyhdr)                Make it at least 16.54997pt, for example:
(fancyhdr)                \setlength{\headheight}{16.54997pt}.
(fancyhdr)                You might also make \topmargin smaller to compensate:

(fancyhdr)                \addtolength{\topmargin}{-4.54997pt}.

[148]
Underfull \hbox (badness 10000) in paragraph at lines 7247--7248
[]\TU/Inter(0)/b/n/8 in-dul-jenco[]\TU/CharisSIL(0)/m/it/8 (teol.katol) \TU/Cha
risSIL(0)/m/n/8 Re-miso,

Underfull \hbox (badness 7308) in paragraph at lines 7247--7248
\TU/CharisSIL(0)/m/n/8 gran-tas ula-kondicione (fa-sto,

Underfull \hbox (badness 10000) in paragraph at lines 7255--7256
[]\TU/Inter(0)/b/n/8 inerta[]\TU/Inter(0)/b/n/7 1. \TU/CharisSIL(0)/m/n/8 Qua n
e esas pro-

Underfull \hbox (badness 6236) in paragraph at lines 7255--7256
\TU/CharisSIL(0)/m/n/8 pre agiva\TU/Inter(0)/b/n/7 2. \TU/CharisSIL(0)/m/n/8 (m
e-taf.) Sen-

Underfull \hbox (badness 10000) in paragraph at lines 7257--7258
[]\TU/Inter(0)/b/n/8 in-fa-li-bla[] \TU/CharisSIL(0)/m/n/8 Qua ne po-vas ne-

Underfull \hbox (badness 10000) in paragraph at lines 7269--7270
[]\TU/Inter(0)/b/n/8 in-fek-tar[]\TU/CharisSIL(0)/m/it/8 (trans) \TU/CharisSIL(
0)/m/n/8 Im-pre-gnar ye

Underfull \hbox (badness 10000) in paragraph at lines 7291--7292
[]\TU/Inter(0)/b/n/8 in-fla-mar[]\TU/CharisSIL(0)/m/it/8 (trans) \TU/CharisSIL(
0)/m/n/8 Pro-duk-tar ta

Package fancyhdr Warning: \headheight is too small (12.0pt): 
(fancyhdr)                Make it at least 16.54997pt, for example:
(fancyhdr)                \setlength{\headheight}{16.54997pt}.
(fancyhdr)                You might also make \topmargin smaller to compensate:

(fancyhdr)                \addtolength{\topmargin}{-4.54997pt}.

[149]
Underfull \hbox (badness 10000) in paragraph at lines 7301--7302
[]\TU/Inter(0)/b/n/8 in-flu-enzo[]\TU/CharisSIL(0)/m/it/8 (patol) \TU/CharisSIL
(0)/m/n/8 Gripo tre

Underfull \hbox (badness 10000) in paragraph at lines 7305--7306
[]\TU/Inter(0)/b/n/8 in-for-mar[]\TU/CharisSIL(0)/m/it/8 (trans., ulu, pri ulo)


Underfull \hbox (badness 10000) in paragraph at lines 7305--7306
\TU/CharisSIL(0)/m/n/8 Igar (ulu) ne plus ne-sa-var

Underfull \hbox (badness 8056) in paragraph at lines 7331--7332
[]\TU/Inter(0)/b/n/8 ini-ci-a-ti-var[]\TU/CharisSIL(0)/m/it/8 (trans) \TU/Chari
sSIL(0)/m/n/8 Esar la dat-

Underfull \hbox (badness 6927) in paragraph at lines 7339--7340
[]\TU/Inter(0)/b/n/8 in-kan-de-car[]\TU/CharisSIL(0)/m/it/8 (netrans) \TU/Chari
sSIL(0)/m/n/8 Qua esas

Underfull \hbox (badness 5345) in paragraph at lines 7343--7344
\TU/CharisSIL(0)/m/n/8 aden korpo ek karno ho-ma-

Underfull \hbox (badness 6625) in paragraph at lines 7347--7348
\TU/CharisSIL(0)/m/n/8 kelke de-vi-a-car de lua ver-ti-

Package fancyhdr Warning: \headheight is too small (12.0pt): 
(fancyhdr)                Make it at least 16.54997pt, for example:
(fancyhdr)                \setlength{\headheight}{16.54997pt}.
(fancyhdr)                You might also make \topmargin smaller to compensate:

(fancyhdr)                \addtolength{\topmargin}{-4.54997pt}.

[150]
Underfull \hbox (badness 10000) in paragraph at lines 7371--7372
[]\TU/Inter(0)/b/n/8 in-kur-sar[]\TU/CharisSIL(0)/m/it/8 (netrans)\TU/Inter(0)/
b/n/7 1. \TU/CharisSIL(0)/m/n/8 Devast-

Underfull \hbox (badness 10000) in paragraph at lines 7393--7394
[]\TU/Inter(0)/b/n/8 in-si-nuar[]\TU/CharisSIL(0)/m/it/8 (trans., su, ulo,

Package fancyhdr Warning: \headheight is too small (12.0pt): 
(fancyhdr)                Make it at least 16.54997pt, for example:
(fancyhdr)                \setlength{\headheight}{16.54997pt}.
(fancyhdr)                You might also make \topmargin smaller to compensate:

(fancyhdr)                \addtolength{\topmargin}{-4.54997pt}.

[151]
Underfull \hbox (badness 10000) in paragraph at lines 7409--7410
[]\TU/Inter(0)/b/n/8 in-stanto[] \TU/CharisSIL(0)/m/n/8 Mi-kra tempo-

Underfull \hbox (badness 5622) in paragraph at lines 7411--7412
[]\TU/Inter(0)/b/n/8 in-sti-gar[]\TU/CharisSIL(0)/m/it/8 (trans., ad) \TU/Chari
sSIL(0)/m/n/8 Pul-sar ad

Underfull \hbox (badness 6125) in paragraph at lines 7425--7426
\TU/CharisSIL(0)/m/n/8 por pro-duk-tar efekto ma-te-ri-

Underfull \hbox (badness 10000) in paragraph at lines 7433--7434
[]\TU/Inter(0)/b/n/8 in-ta-lio[] \TU/CharisSIL(0)/m/n/8 Pe-tro harda, gra-vita

Underfull \hbox (badness 10000) in paragraph at lines 7445--7446
[]\TU/Inter(0)/b/n/8 in-ten-car[]\TU/CharisSIL(0)/m/it/8 (trans) \TU/CharisSIL(
0)/m/n/8 Vo-lar ad

Underfull \hbox (badness 10000) in paragraph at lines 7451--7452
[]\TU/Inter(0)/b/n/8 in-tensa[] \TU/CharisSIL(0)/m/n/8 Qua efi-kas ener-gi-

Underfull \hbox (badness 6559) in paragraph at lines 7461--7462
[]\TU/Inter(0)/b/n/8 in-te-re-sar[]\TU/CharisSIL(0)/m/it/8 (trans., pri, ad) \T
U/CharisSIL(0)/m/n/8 Eci-

Package fancyhdr Warning: \headheight is too small (12.0pt): 
(fancyhdr)                Make it at least 16.54997pt, for example:
(fancyhdr)                \setlength{\headheight}{16.54997pt}.
(fancyhdr)                You might also make \topmargin smaller to compensate:

(fancyhdr)                \addtolength{\topmargin}{-4.54997pt}.

[152]
Underfull \hbox (badness 10000) in paragraph at lines 7471--7472
[]\TU/Inter(0)/b/n/8 in-ter-mezo[] \TU/CharisSIL(0)/m/n/8 Di-strak-tivo (ba-let
o,

Underfull \hbox (badness 10000) in paragraph at lines 7473--7474
[]\TU/Inter(0)/b/n/8 in-ter-mi-tar[]\TU/CharisSIL(0)/m/it/8 (netrans) \TU/Chari
sSIL(0)/m/n/8 Ce-sar e

Underfull \hbox (badness 10000) in paragraph at lines 7473--7474
\TU/CharisSIL(0)/m/n/8 ri-e-ven-tar pos in-ter-vali ne-

Underfull \hbox (badness 10000) in paragraph at lines 7497--7498
[]\TU/Inter(0)/b/n/8 in-tima[]\TU/Inter(0)/b/n/7 1. \TU/CharisSIL(0)/m/n/8 Qua 
esas tote in-

Underfull \hbox (badness 7504) in paragraph at lines 7497--7498
\TU/CharisSIL(0)/m/n/8 di la kozi\TU/Inter(0)/b/n/7 3. \TU/CharisSIL(0)/m/n/8 (
alu-dante per-

Underfull \hbox (badness 10000) in paragraph at lines 7505--7506
[]\TU/Inter(0)/b/n/8 in-tra-doso[]\TU/CharisSIL(0)/m/it/8 (arkitekt) \TU/Charis
SIL(0)/m/n/8 Ka-vajo

Underfull \hbox (badness 10000) in paragraph at lines 7505--7506
\TU/CharisSIL(0)/m/n/8 in-terna, parto kon-kava di

Package fancyhdr Warning: \headheight is too small (12.0pt): 
(fancyhdr)                Make it at least 16.54997pt, for example:
(fancyhdr)                \setlength{\headheight}{16.54997pt}.
(fancyhdr)                You might also make \topmargin smaller to compensate:

(fancyhdr)                \addtolength{\topmargin}{-4.54997pt}.

[153]
Underfull \hbox (badness 6708) in paragraph at lines 7511--7512
[]\TU/Inter(0)/b/n/8 in-tri-kar[]\TU/CharisSIL(0)/m/it/8 (trans) \TU/CharisSIL(
0)/m/n/8 In-ter-mi-xar kozi

Underfull \hbox (badness 10000) in paragraph at lines 7525--7526
[]\TU/Inter(0)/b/n/8 in-tu-su-cep-ci-ono[]\TU/CharisSIL(0)/m/it/8 (biol) \TU/Ch
arisSIL(0)/m/n/8 En-dukto,

Underfull \hbox (badness 10000) in paragraph at lines 7541--7542
[]\TU/Inter(0)/b/n/8 in-ven-tar[]\TU/CharisSIL(0)/m/it/8 (trans)\TU/Inter(0)/b/
n/7 1. \TU/CharisSIL(0)/m/n/8 Krear ulo

Package fancyhdr Warning: \headheight is too small (12.0pt): 
(fancyhdr)                Make it at least 16.54997pt, for example:
(fancyhdr)                \setlength{\headheight}{16.54997pt}.
(fancyhdr)                You might also make \topmargin smaller to compensate:

(fancyhdr)                \addtolength{\topmargin}{-4.54997pt}.

[154]
Underfull \hbox (badness 10000) in paragraph at lines 7565--7566
[]\TU/Inter(0)/b/n/8 io-do-formo[]\TU/CharisSIL(0)/m/it/8 (kemio) \TU/CharisSIL
(0)/m/n/8 Kom-po-

Underfull \hbox (badness 10000) in paragraph at lines 7585--7586
\TU/CharisSIL(0)/m/n/8 talo rup-te-bla, arjento-blanka,

Underfull \hbox (badness 10000) in paragraph at lines 7589--7590
[]\TU/Inter(0)/b/n/8 iri-ga-car[]\TU/CharisSIL(0)/m/it/8 (trans) \TU/CharisSIL(
0)/m/n/8 Aro-zar granda-

Package fancyhdr Warning: \headheight is too small (12.0pt): 
(fancyhdr)                Make it at least 16.54997pt, for example:
(fancyhdr)                \setlength{\headheight}{16.54997pt}.
(fancyhdr)                You might also make \topmargin smaller to compensate:

(fancyhdr)                \addtolength{\topmargin}{-4.54997pt}.

[155]
Underfull \hbox (badness 10000) in paragraph at lines 7645--7646
[]\TU/Inter(0)/b/n/8 izo-krona[]\TU/CharisSIL(0)/m/it/8 (fiziko) \TU/CharisSIL(
0)/m/n/8 Qua even-tas

Underfull \hbox (badness 6961) in paragraph at lines 7647--7648
\TU/CharisSIL(0)/m/n/8 kozo : (a) igar (korpo) ne

Package fancyhdr Warning: \headheight is too small (12.0pt): 
(fancyhdr)                Make it at least 16.54997pt, for example:
(fancyhdr)                \setlength{\headheight}{16.54997pt}.
(fancyhdr)                You might also make \topmargin smaller to compensate:

(fancyhdr)                \addtolength{\topmargin}{-4.54997pt}.

[156]
Underfull \hbox (badness 6316) in paragraph at lines 7678--7679
[]\TU/Inter(0)/b/n/8 ja-ko-bino[] \TU/CharisSIL(0)/m/n/8 Par-ti-sano di la dok-


Underfull \hbox (badness 10000) in paragraph at lines 7692--7693
[]\TU/Inter(0)/b/n/8 jar-di-ni-ero[]\TU/Inter(0)/b/n/7 1. \TU/CharisSIL(0)/m/n/
8 Orno-moblo qua

Underfull \hbox (badness 10000) in paragraph at lines 7692--7693
\TU/CharisSIL(0)/m/n/8 su-por-tas ke-sto pro-vi-zita ye

Package fancyhdr Warning: \headheight is too small (12.0pt): 
(fancyhdr)                Make it at least 16.54997pt, for example:
(fancyhdr)                \setlength{\headheight}{16.54997pt}.
(fancyhdr)                You might also make \topmargin smaller to compensate:

(fancyhdr)                \addtolength{\topmargin}{-4.54997pt}.

[157]
Underfull \hbox (badness 10000) in paragraph at lines 7740--7741
[]\TU/Inter(0)/b/n/8 jigo[] \TU/CharisSIL(0)/m/n/8 Ario dan-sala, rapida-

Underfull \hbox (badness 10000) in paragraph at lines 7754--7755
[]\TU/Inter(0)/b/n/8 ji-rar[]\TU/CharisSIL(0)/m/it/8 (netrans) \TU/CharisSIL(0)
/m/n/8 Par-ku-rar cirklo-

Package fancyhdr Warning: \headheight is too small (12.0pt): 
(fancyhdr)                Make it at least 16.54997pt, for example:
(fancyhdr)                \setlength{\headheight}{16.54997pt}.
(fancyhdr)                You might also make \topmargin smaller to compensate:

(fancyhdr)                \addtolength{\topmargin}{-4.54997pt}.

[158]
Underfull \hbox (badness 5316) in paragraph at lines 7794--7795
\TU/CharisSIL(0)/m/n/8 yaro (se-gun la ma-ni-ero mo-

Underfull \hbox (badness 5316) in paragraph at lines 7800--7801
\TU/CharisSIL(0)/m/n/8 yaro (se-gun la ma-ni-ero mo-

Underfull \hbox (badness 6125) in paragraph at lines 7808--7809
[]\TU/Inter(0)/b/n/8 jun-tar[]\TU/CharisSIL(0)/m/it/8 (trans)\TU/Inter(0)/b/n/7
 1. \TU/CharisSIL(0)/m/n/8 Pro-xi-mi-gar du

Underfull \hbox (badness 6445) in paragraph at lines 7818--7819
\TU/CharisSIL(0)/m/n/8 si-las pro-fe-si-one pri la yuro-

Package fancyhdr Warning: \headheight is too small (12.0pt): 
(fancyhdr)                Make it at least 16.54997pt, for example:
(fancyhdr)                \setlength{\headheight}{16.54997pt}.
(fancyhdr)                You might also make \topmargin smaller to compensate:

(fancyhdr)                \addtolength{\topmargin}{-4.54997pt}.

[159]
Underfull \hbox (badness 7907) in paragraph at lines 7835--7836
[]\TU/Inter(0)/b/n/8 ka(d)[] \TU/CharisSIL(0)/m/n/8 Kon-jun-ci-ono qu-e-sti-o-n
ala,

Underfull \hbox (badness 10000) in paragraph at lines 7843--7844
\TU/CharisSIL(0)/m/n/8 grosa kor-dego ek elektro-

Underfull \hbox (badness 10000) in paragraph at lines 7849--7850
[]\TU/Inter(0)/b/n/8 ka-bri-o-leto[] \TU/CharisSIL(0)/m/n/8 Ve-turo le-jera, un
-

Underfull \hbox (badness 10000) in paragraph at lines 7863--7864
[]\TU/Inter(0)/b/n/8 ka-dro[]\TU/Inter(0)/b/n/7 1. \TU/CharisSIL(0)/m/n/8 Bor-d
umo irga-forma

Underfull \hbox (badness 10000) in paragraph at lines 7863--7864
\TU/CharisSIL(0)/m/n/8 qua cir-kon-das pik-turo, gra-

Package fancyhdr Warning: \headheight is too small (12.0pt): 
(fancyhdr)                Make it at least 16.54997pt, for example:
(fancyhdr)                \setlength{\headheight}{16.54997pt}.
(fancyhdr)                You might also make \topmargin smaller to compensate:

(fancyhdr)                \addtolength{\topmargin}{-4.54997pt}.

[160]
Underfull \hbox (badness 10000) in paragraph at lines 7889--7890
[]\TU/Inter(0)/b/n/8 ka-ko-fo-nio[]\TU/Inter(0)/b/n/7 1. \TU/CharisSIL(0)/m/n/8
 Kon-so-nanco qua

Underfull \hbox (badness 10000) in paragraph at lines 7889--7890
\TU/CharisSIL(0)/m/n/8 le-zas la oreli\TU/Inter(0)/b/n/7 2. \TU/CharisSIL(0)/m/
n/8 (mu-ziko)

Package fancyhdr Warning: \headheight is too small (12.0pt): 
(fancyhdr)                Make it at least 16.54997pt, for example:
(fancyhdr)                \setlength{\headheight}{16.54997pt}.
(fancyhdr)                You might also make \topmargin smaller to compensate:

(fancyhdr)                \addtolength{\topmargin}{-4.54997pt}.

[161]
Underfull \hbox (badness 10000) in paragraph at lines 7927--7928
[]\TU/Inter(0)/b/n/8 kal-fa-tar[]\TU/CharisSIL(0)/m/it/8 (trans) \TU/CharisSIL(
0)/m/n/8 Igar aquo-

Underfull \hbox (badness 10000) in paragraph at lines 7927--7928
\TU/CharisSIL(0)/m/n/8 nepermeebla (barko, ramo-

Underfull \hbox (badness 10000) in paragraph at lines 7949--7950
[]\TU/Inter(0)/b/n/8 kal-ku-lar[]\TU/CharisSIL(0)/m/it/8 (trans)\TU/Inter(0)/b/
n/7 1. \TU/CharisSIL(0)/m/n/8 De-ter-mi-nar,

Package fancyhdr Warning: \headheight is too small (12.0pt): 
(fancyhdr)                Make it at least 16.54997pt, for example:
(fancyhdr)                \setlength{\headheight}{16.54997pt}.
(fancyhdr)                You might also make \topmargin smaller to compensate:

(fancyhdr)                \addtolength{\topmargin}{-4.54997pt}.

[162]
Underfull \hbox (badness 10000) in paragraph at lines 7963--7964
[]\TU/Inter(0)/b/n/8 ka-lo-ri-me-tro[] \TU/CharisSIL(0)/m/n/8 Fizik-instrumento
,

Underfull \hbox (badness 5274) in paragraph at lines 7971--7972
\TU/CharisSIL(0)/m/n/8 tra papero-folio di-a-fana, per

Underfull \hbox (badness 10000) in paragraph at lines 7979--7980
[]\TU/Inter(0)/b/n/8 kal-va-rio[]\TU/CharisSIL(0)/m/it/8 (kristanismo)\TU/Inter
(0)/b/n/7 1. \TU/CharisSIL(0)/m/n/8 Ko-lino

Underfull \hbox (badness 6758) in paragraph at lines 7993--7994
[]\TU/Inter(0)/b/n/8 kam-brar[]\TU/CharisSIL(0)/m/it/8 (trans) \TU/CharisSIL(0)
/m/n/8 Kur-vi-gar ar-ka-

Package fancyhdr Warning: \headheight is too small (12.0pt): 
(fancyhdr)                Make it at least 16.54997pt, for example:
(fancyhdr)                \setlength{\headheight}{16.54997pt}.
(fancyhdr)                You might also make \topmargin smaller to compensate:

(fancyhdr)                \addtolength{\topmargin}{-4.54997pt}.

[163]
Underfull \hbox (badness 10000) in paragraph at lines 8007--8008
[]\TU/Inter(0)/b/n/8 ka-mero[]\TU/Inter(0)/b/n/7 1. \TU/CharisSIL(0)/m/n/8 Cham
-bro sen-

Underfull \hbox (badness 10000) in paragraph at lines 8009--8010
[]\TU/Inter(0)/b/n/8 kam-foro[] \TU/CharisSIL(0)/m/n/8 Sub-stanco kon-kreta,

Underfull \hbox (badness 5175) in paragraph at lines 8009--8010
\TU/CharisSIL(0)/m/n/8 kontre-spasmo ed an-ti-se-psivo,

Underfull \hbox (badness 5681) in paragraph at lines 8021--8022
\TU/CharisSIL(0)/m/n/8 mun-tita sur la pe-ri-me-tro di

Package fancyhdr Warning: \headheight is too small (12.0pt): 
(fancyhdr)                Make it at least 16.54997pt, for example:
(fancyhdr)                \setlength{\headheight}{16.54997pt}.
(fancyhdr)                You might also make \topmargin smaller to compensate:

(fancyhdr)                \addtolength{\topmargin}{-4.54997pt}.

[164]
Underfull \hbox (badness 10000) in paragraph at lines 8049--8050
[]\TU/Inter(0)/b/n/8 kan-de-la-bro[]\TU/Inter(0)/b/n/7 1. \TU/CharisSIL(0)/m/n/
8 Kan-de-li-ero kun

Underfull \hbox (badness 10000) in paragraph at lines 8049--8050
\TU/CharisSIL(0)/m/n/8 plura bran-chi por la bu-

Underfull \hbox (badness 10000) in paragraph at lines 8057--8058
[]\TU/Inter(0)/b/n/8 kan-dio[] \TU/CharisSIL(0)/m/n/8 Su-kro, kri-sta-li-gita a


Package fancyhdr Warning: \headheight is too small (12.0pt): 
(fancyhdr)                Make it at least 16.54997pt, for example:
(fancyhdr)                \setlength{\headheight}{16.54997pt}.
(fancyhdr)                You might also make \topmargin smaller to compensate:

(fancyhdr)                \addtolength{\topmargin}{-4.54997pt}.

[165]
Underfull \hbox (badness 10000) in paragraph at lines 8079--8080
[]\TU/Inter(0)/b/n/8 ka-no-ni-zar[]\TU/CharisSIL(0)/m/it/8 (trans) (re-li-gio k
a-

Underfull \hbox (badness 10000) in paragraph at lines 8099--8100
[]\TU/Inter(0)/b/n/8 kan-tiko[]\TU/CharisSIL(0)/m/it/8 (kristanismo)\TU/Inter(0
)/b/n/7 1. \TU/CharisSIL(0)/m/n/8 Kan-tajo

Package fancyhdr Warning: \headheight is too small (12.0pt): 
(fancyhdr)                Make it at least 16.54997pt, for example:
(fancyhdr)                \setlength{\headheight}{16.54997pt}.
(fancyhdr)                You might also make \topmargin smaller to compensate:

(fancyhdr)                \addtolength{\topmargin}{-4.54997pt}.

[166]
Underfull \hbox (badness 10000) in paragraph at lines 8135--8136
[]\TU/Inter(0)/b/n/8 ka-pi-talo[]\TU/CharisSIL(0)/m/it/8 (financo) \TU/CharisSI
L(0)/m/n/8 La pe-ku-nio

Underfull \hbox (badness 10000) in paragraph at lines 8141--8142
[]\TU/Inter(0)/b/n/8 ka-pi-tu-la-car[]\TU/CharisSIL(0)/m/it/8 (netrans) \TU/Cha
risSIL(0)/m/n/8 Kon-tra-tar

Underfull \hbox (badness 10000) in paragraph at lines 8143--8144
[]\TU/Inter(0)/b/n/8 ka-pi-tulo[]\TU/Inter(0)/b/n/7 1. \TU/CharisSIL(0)/m/n/8 (
bot.) In-flo-re-

Package fancyhdr Warning: \headheight is too small (12.0pt): 
(fancyhdr)                Make it at least 16.54997pt, for example:
(fancyhdr)                \setlength{\headheight}{16.54997pt}.
(fancyhdr)                You might also make \topmargin smaller to compensate:

(fancyhdr)                \addtolength{\topmargin}{-4.54997pt}.

[167]
Underfull \hbox (badness 10000) in paragraph at lines 8165--8166
\TU/CharisSIL(0)/m/n/8 ske e re-tro-sal-tar, lor folo-

Underfull \hbox (badness 10000) in paragraph at lines 8179--8180
[]\TU/Inter(0)/b/n/8 ka-pu-cino[]\TU/CharisSIL(0)/m/it/8 (kristanismo) \TU/Char
isSIL(0)/m/n/8 Re-gu-li-

Package fancyhdr Warning: \headheight is too small (12.0pt): 
(fancyhdr)                Make it at least 16.54997pt, for example:
(fancyhdr)                \setlength{\headheight}{16.54997pt}.
(fancyhdr)                You might also make \topmargin smaller to compensate:

(fancyhdr)                \addtolength{\topmargin}{-4.54997pt}.

[168]
Underfull \hbox (badness 5622) in paragraph at lines 8199--8200
[]\TU/Inter(0)/b/n/8 ka-rak-tero[]\TU/Inter(0)/b/n/7 1. \TU/CharisSIL(0)/m/n/8 
Tra-ito par-ti-ku-lara,

Underfull \hbox (badness 10000) in paragraph at lines 8201--8202
[]\TU/Inter(0)/b/n/8 ka-ram-bo-lar[]\TU/CharisSIL(0)/m/it/8 (netrans) (biliardo
-

Underfull \hbox (badness 6220) in paragraph at lines 8211--8212
[]\TU/Inter(0)/b/n/8 ka-ra-van-se-rayo[] \TU/CharisSIL(0)/m/n/8 En la Oriento-

Underfull \hbox (badness 10000) in paragraph at lines 8221--8222
\TU/CharisSIL(0)/m/n/8 do-mi-na-cas la korpo sim-pla

Underfull \hbox (badness 10000) in paragraph at lines 8223--8224
[]\TU/Inter(0)/b/n/8 kar-bo-rundo[]\TU/CharisSIL(0)/m/it/8 (kemio) \TU/CharisSI
L(0)/m/n/8 Siliko-

Package fancyhdr Warning: \headheight is too small (12.0pt): 
(fancyhdr)                Make it at least 16.54997pt, for example:
(fancyhdr)                \setlength{\headheight}{16.54997pt}.
(fancyhdr)                You might also make \topmargin smaller to compensate:

(fancyhdr)                \addtolength{\topmargin}{-4.54997pt}.

[169]
Underfull \hbox (badness 10000) in paragraph at lines 8235--8236
[]\TU/Inter(0)/b/n/8 kar-da-mino[]\TU/CharisSIL(0)/m/it/8 (bot) \TU/CharisSIL(0
)/m/n/8 Planto kru-ci-

Underfull \hbox (badness 10000) in paragraph at lines 8239--8240
[]\TU/Inter(0)/b/n/8 kar-dano[]\TU/CharisSIL(0)/m/it/8 (tekn) \TU/CharisSIL(0)/
m/n/8 « Ar-tiko » di

Underfull \hbox (badness 10000) in paragraph at lines 8267--8268
[]\TU/Inter(0)/b/n/8 ka-riar[]\TU/CharisSIL(0)/m/it/8 (netrans) (pa-tol)\TU/Int
er(0)/b/n/7 1. \TU/CharisSIL(0)/m/n/8 (alu-

Package fancyhdr Warning: \headheight is too small (12.0pt): 
(fancyhdr)                Make it at least 16.54997pt, for example:
(fancyhdr)                \setlength{\headheight}{16.54997pt}.
(fancyhdr)                You might also make \topmargin smaller to compensate:

(fancyhdr)                \addtolength{\topmargin}{-4.54997pt}.

[170]
Underfull \hbox (badness 10000) in paragraph at lines 8271--8272
[]\TU/Inter(0)/b/n/8 ka-ri-buo[]\TU/CharisSIL(0)/m/it/8 (zool) \TU/CharisSIL(0)
/m/n/8 Ren-tiro di Ka-

Underfull \hbox (badness 10000) in paragraph at lines 8275--8276
[]\TU/Inter(0)/b/n/8 ka-ri-ero[] \TU/CharisSIL(0)/m/n/8 Pro-fe-si-ono ofico-

Underfull \hbox (badness 10000) in paragraph at lines 8277--8278
[]\TU/Inter(0)/b/n/8 ka-ri-ka-tar[]\TU/CharisSIL(0)/m/it/8 (trans) \TU/CharisSI
L(0)/m/n/8 Re-pre-zen-tar

Underfull \hbox (badness 10000) in paragraph at lines 8277--8278
\TU/CharisSIL(0)/m/n/8 gro-te-ske, por igar li rido-

Underfull \hbox (badness 10000) in paragraph at lines 8285--8286
[]\TU/Inter(0)/b/n/8 ka-ri-o-lizo[]\TU/CharisSIL(0)/m/it/8 (bot) \TU/CharisSIL(
0)/m/n/8 Dis-solvo di la

Underfull \hbox (badness 10000) in paragraph at lines 8301--8302
[]\TU/Inter(0)/b/n/8 kar-ni-voro[] \TU/CharisSIL(0)/m/n/8 Qua su nu-tras ye

Underfull \hbox (badness 6445) in paragraph at lines 8311--8312
[]\TU/Inter(0)/b/n/8 ka-ro-tino[]\TU/CharisSIL(0)/m/it/8 (kemio) \TU/CharisSIL(
0)/m/n/8 Hidro-karburo,

Underfull \hbox (badness 10000) in paragraph at lines 8323--8324
[]\TU/Inter(0)/b/n/8 kar-ta-mino[]\TU/CharisSIL(0)/m/it/8 (kemio) \TU/CharisSIL
(0)/m/n/8 Koloro-

Package fancyhdr Warning: \headheight is too small (12.0pt): 
(fancyhdr)                Make it at least 16.54997pt, for example:
(fancyhdr)                \setlength{\headheight}{16.54997pt}.
(fancyhdr)                You might also make \topmargin smaller to compensate:

(fancyhdr)                \addtolength{\topmargin}{-4.54997pt}.

[171]
Underfull \hbox (badness 10000) in paragraph at lines 8343--8344
\TU/CharisSIL(0)/m/n/8 (ge-o-gra-fi-ala, astro-no-mi-ala, e

Package fancyhdr Warning: \headheight is too small (12.0pt): 
(fancyhdr)                Make it at least 16.54997pt, for example:
(fancyhdr)                \setlength{\headheight}{16.54997pt}.
(fancyhdr)                You might also make \topmargin smaller to compensate:

(fancyhdr)                \addtolength{\topmargin}{-4.54997pt}.

[172]
Underfull \hbox (badness 5667) in paragraph at lines 8385--8386
\TU/CharisSIL(0)/m/n/8 jeyo si-ni-o-rala, de-fen-sata per

Underfull \hbox (badness 10000) in paragraph at lines 8385--8386
\TU/CharisSIL(0)/m/n/8 princo\TU/Inter(0)/b/n/7 3. \TU/CharisSIL(0)/m/n/8 Grand
a distrakto-

Underfull \hbox (badness 10000) in paragraph at lines 8395--8396
[]\TU/Inter(0)/b/n/8 ka-strar[]\TU/CharisSIL(0)/m/it/8 (trans) \TU/CharisSIL(0)
/m/n/8 Igar sexuo-

Package fancyhdr Warning: \headheight is too small (12.0pt): 
(fancyhdr)                Make it at least 16.54997pt, for example:
(fancyhdr)                \setlength{\headheight}{16.54997pt}.
(fancyhdr)                You might also make \topmargin smaller to compensate:

(fancyhdr)                \addtolength{\topmargin}{-4.54997pt}.

[173]
Underfull \hbox (badness 6063) in paragraph at lines 8427--8428
[]\TU/Inter(0)/b/n/8 ka-te-dralo[] \TU/CharisSIL(0)/m/n/8 Granda kirko di la

Underfull \hbox (badness 10000) in paragraph at lines 8427--8428
\TU/CharisSIL(0)/m/n/8 ar-ki-tek-turo kri-stana me-ze-po-

Package fancyhdr Warning: \headheight is too small (12.0pt): 
(fancyhdr)                Make it at least 16.54997pt, for example:
(fancyhdr)                \setlength{\headheight}{16.54997pt}.
(fancyhdr)                You might also make \topmargin smaller to compensate:

(fancyhdr)                \addtolength{\topmargin}{-4.54997pt}.

[174]
Underfull \hbox (badness 6236) in paragraph at lines 8445--8446
[]\TU/Inter(0)/b/n/8 ka-teto[]\TU/CharisSIL(0)/m/it/8 (olima ge-o-me-trio) \TU/
CharisSIL(0)/m/n/8 Rekto,

Underfull \hbox (badness 10000) in paragraph at lines 8455--8456
\TU/CharisSIL(0)/m/n/8 ne-ga-tiva di la elektro-fluo-

Underfull \hbox (badness 7064) in paragraph at lines 8465--8466
[]\TU/Inter(0)/b/n/8 ka-udo[] \TU/CharisSIL(0)/m/n/8 Pro-lon-guro plu o min

Underfull \hbox (badness 10000) in paragraph at lines 8487--8488
[]\TU/Inter(0)/b/n/8 ka-va-tino[]\TU/CharisSIL(0)/m/it/8 (muziko) \TU/CharisSIL
(0)/m/n/8 Kant-ario

Underfull \hbox (badness 10000) in paragraph at lines 8493--8494
[]\TU/Inter(0)/b/n/8 ka-yero[]\TU/Inter(0)/b/n/7 1. \TU/CharisSIL(0)/m/n/8 Asem
-blajo ek plura

Package fancyhdr Warning: \headheight is too small (12.0pt): 
(fancyhdr)                Make it at least 16.54997pt, for example:
(fancyhdr)                \setlength{\headheight}{16.54997pt}.
(fancyhdr)                You might also make \topmargin smaller to compensate:

(fancyhdr)                \addtolength{\topmargin}{-4.54997pt}.

[175]
Underfull \hbox (badness 5878) in paragraph at lines 8535--8536
[]\TU/Inter(0)/b/n/8 ke-mi-o-tro-pi-smo[]\TU/CharisSIL(0)/m/it/8 (biol) \TU/Cha
risSIL(0)/m/n/8 Ori-en-tizo,

Package fancyhdr Warning: \headheight is too small (12.0pt): 
(fancyhdr)                Make it at least 16.54997pt, for example:
(fancyhdr)                \setlength{\headheight}{16.54997pt}.
(fancyhdr)                You might also make \topmargin smaller to compensate:

(fancyhdr)                \addtolength{\topmargin}{-4.54997pt}.

[176]
Underfull \hbox (badness 6078) in paragraph at lines 8549--8550
\TU/CharisSIL(0)/m/n/8 te-nita per di-sti-lar petrol-olei

Underfull \hbox (badness 6575) in paragraph at lines 8559--8560
[]\TU/Inter(0)/b/n/8 ki-li-o-gono[]\TU/CharisSIL(0)/m/it/8 (geom) \TU/CharisSIL
(0)/m/n/8 Po-li-gono mil-

Underfull \hbox (badness 10000) in paragraph at lines 8561--8562
[]\TU/Inter(0)/b/n/8 kilo-[] \TU/CharisSIL(0)/m/n/8 Pre-fixo ci-en-cala : «
 ...x

Underfull \hbox (badness 10000) in paragraph at lines 8579--8580
[]\TU/Inter(0)/b/n/8 ki-o-sko[]\TU/Inter(0)/b/n/7 1. \TU/CharisSIL(0)/m/n/8 Bel
-ve-dero, pa-vi-li-ono

Package fancyhdr Warning: \headheight is too small (12.0pt): 
(fancyhdr)                Make it at least 16.54997pt, for example:
(fancyhdr)                \setlength{\headheight}{16.54997pt}.
(fancyhdr)                You might also make \topmargin smaller to compensate:

(fancyhdr)                \addtolength{\topmargin}{-4.54997pt}.

[177]
Underfull \hbox (badness 10000) in paragraph at lines 8611--8612
[]\TU/Inter(0)/b/n/8 kla-ri-neto[]\TU/CharisSIL(0)/m/it/8 (muziko) \TU/CharisSI
L(0)/m/n/8 Sufl-

Underfull \hbox (badness 10000) in paragraph at lines 8617--8618
[]\TU/Inter(0)/b/n/8 klaso[]\TU/Inter(0)/b/n/7 1. \TU/CharisSIL(0)/m/n/8 Ka-te-
go-rio de ci-vi-

Underfull \hbox (badness 10000) in paragraph at lines 8617--8618
\TU/CharisSIL(0)/m/n/8 tani\TU/Inter(0)/b/n/7 2. \TU/CharisSIL(0)/m/n/8 Ka-te-g
o-rio de ado-le-

Underfull \hbox (badness 6284) in paragraph at lines 8619--8620
\TU/CharisSIL(0)/m/n/8 da la rodo me-ka-ni-smala de

Package fancyhdr Warning: \headheight is too small (12.0pt): 
(fancyhdr)                Make it at least 16.54997pt, for example:
(fancyhdr)                \setlength{\headheight}{16.54997pt}.
(fancyhdr)                You might also make \topmargin smaller to compensate:

(fancyhdr)                \addtolength{\topmargin}{-4.54997pt}.

[178]
Underfull \hbox (badness 10000) in paragraph at lines 8635--8636
[]\TU/Inter(0)/b/n/8 kle-i-sto-gama[]\TU/CharisSIL(0)/m/it/8 (bot) \TU/CharisSI
L(0)/m/n/8 Di-ce-sas pri

Underfull \hbox (badness 5924) in paragraph at lines 8649--8650
\TU/CharisSIL(0)/m/n/8 beyo qua pro-tek-te-sis da pa-

Underfull \hbox (badness 10000) in paragraph at lines 8655--8656
[]\TU/Inter(0)/b/n/8 klik-tar[]\TU/CharisSIL(0)/m/it/8 (netrans) \TU/CharisSIL(
0)/m/n/8 (alu-dante ula

Underfull \hbox (badness 6445) in paragraph at lines 8661--8662
[]\TU/Inter(0)/b/n/8 kli-ma-to-lo-gio[] \TU/CharisSIL(0)/m/n/8 Stu-dio di la kl
i-

Package fancyhdr Warning: \headheight is too small (12.0pt): 
(fancyhdr)                Make it at least 16.54997pt, for example:
(fancyhdr)                \setlength{\headheight}{16.54997pt}.
(fancyhdr)                You might also make \topmargin smaller to compensate:

(fancyhdr)                \addtolength{\topmargin}{-4.54997pt}.

[179]

Package fancyhdr Warning: \headheight is too small (12.0pt): 
(fancyhdr)                Make it at least 16.54997pt, for example:
(fancyhdr)                \setlength{\headheight}{16.54997pt}.
(fancyhdr)                You might also make \topmargin smaller to compensate:

(fancyhdr)                \addtolength{\topmargin}{-4.54997pt}.

[180]
Underfull \hbox (badness 10000) in paragraph at lines 8717--8718
[]\TU/Inter(0)/b/n/8 kna-u-cio[]\TU/CharisSIL(0)/m/it/8 (bot) \TU/CharisSIL(0)/
m/n/8 Planto her-ba-tra,

Underfull \hbox (badness 10000) in paragraph at lines 8729--8730
\TU/CharisSIL(0)/m/it/8 po-puli, plura na-ci-oni) \TU/CharisSIL(0)/m/n/8 Inter-


Underfull \hbox (badness 10000) in paragraph at lines 8741--8742
\TU/CharisSIL(0)/m/n/8 vas sur la no-palo e do-nas

Underfull \hbox (badness 5548) in paragraph at lines 8751--8752
\TU/CharisSIL(0)/m/n/8 in-di-kas qu-an-ta-foye olca esas

Package fancyhdr Warning: \headheight is too small (12.0pt): 
(fancyhdr)                Make it at least 16.54997pt, for example:
(fancyhdr)                \setlength{\headheight}{16.54997pt}.
(fancyhdr)                You might also make \topmargin smaller to compensate:

(fancyhdr)                \addtolength{\topmargin}{-4.54997pt}.

[181]
Underfull \hbox (badness 6412) in paragraph at lines 8757--8758
\TU/CharisSIL(0)/m/n/8 kon-vexa, *klu-zi-ge-bla per se-

Underfull \hbox (badness 5908) in paragraph at lines 8767--8768
[]\TU/Inter(0)/b/n/8 ko-i-tar[]\TU/CharisSIL(0)/m/it/8 (netrans., kun) (alu-dan
te

Underfull \hbox (badness 7667) in paragraph at lines 8777--8778
[]\TU/Inter(0)/b/n/8 ko-kleo[]\TU/CharisSIL(0)/m/it/8 (zool) \TU/CharisSIL(0)/m
/n/8 Mo-lu-sko ga-ste-ro-

Underfull \hbox (badness 10000) in paragraph at lines 8789--8790
[]\TU/Inter(0)/b/n/8 *ko-la-psar[]\TU/CharisSIL(0)/m/it/8 (netrans) (alu-dante

Package fancyhdr Warning: \headheight is too small (12.0pt): 
(fancyhdr)                Make it at least 16.54997pt, for example:
(fancyhdr)                \setlength{\headheight}{16.54997pt}.
(fancyhdr)                You might also make \topmargin smaller to compensate:

(fancyhdr)                \addtolength{\topmargin}{-4.54997pt}.

[182]
Underfull \hbox (badness 10000) in paragraph at lines 8811--8812
[]\TU/Inter(0)/b/n/8 ko-le-op-tero[]\TU/CharisSIL(0)/m/it/8 (zool) \TU/CharisSI
L(0)/m/n/8 In-sekto kun

Underfull \hbox (badness 7397) in paragraph at lines 8813--8814
[]\TU/Inter(0)/b/n/8 ko-le-rino[]\TU/CharisSIL(0)/m/it/8 (patol) \TU/CharisSIL(
0)/m/n/8 Di-a-reo for-tega

Underfull \hbox (badness 10000) in paragraph at lines 8827--8828
\TU/CharisSIL(0)/m/n/8 po-vas per-ma-nar dum multa

Underfull \hbox (badness 5403) in paragraph at lines 8827--8828
\TU/CharisSIL(0)/m/n/8 tempo sur la aquo-surfaco\TU/CharisSIL(0)/m/it/8 L.

Underfull \hbox (badness 10000) in paragraph at lines 8831--8832
[]\TU/Inter(0)/b/n/8 ko-li-rio[]\TU/CharisSIL(0)/m/it/8 (medicino) \TU/CharisSI
L(0)/m/n/8 Me-di-ka-mento

Underfull \hbox (badness 5105) in paragraph at lines 8841--8842
[]\TU/Inter(0)/b/n/8 ko-lo-di-ono[] \TU/CharisSIL(0)/m/n/8 Sol-vuro ek pulvero-


Underfull \hbox (badness 5288) in paragraph at lines 8845--8846
[]\TU/Inter(0)/b/n/8 ko-lo-ido[]\TU/CharisSIL(0)/m/it/8 (kemio) \TU/CharisSIL(0
)/m/n/8 Kom-po-zajo ne-

Package fancyhdr Warning: \headheight is too small (12.0pt): 
(fancyhdr)                Make it at least 16.54997pt, for example:
(fancyhdr)                \setlength{\headheight}{16.54997pt}.
(fancyhdr)                You might also make \topmargin smaller to compensate:

(fancyhdr)                \addtolength{\topmargin}{-4.54997pt}.

[183]
Underfull \hbox (badness 10000) in paragraph at lines 8857--8858
[]\TU/Inter(0)/b/n/8 ko-lo-qu-into[]\TU/CharisSIL(0)/m/it/8 (bot) \TU/CharisSIL
(0)/m/n/8 Va-ri-e-tato di

Underfull \hbox (badness 6380) in paragraph at lines 8857--8858
\TU/CharisSIL(0)/m/n/8 ku-kom-bro\TU/CharisSIL(0)/m/it/8 L. cu-cu-mis colycyn-

Underfull \hbox (badness 10000) in paragraph at lines 8861--8862
[]\TU/Inter(0)/b/n/8 ko-loro[]\TU/Inter(0)/b/n/7 1. \TU/CharisSIL(0)/m/n/8 Im-p
reso par-ti-ku-lara,

Underfull \hbox (badness 10000) in paragraph at lines 8865--8866
[]\TU/Inter(0)/b/n/8 kol-por-tar[]\TU/CharisSIL(0)/m/it/8 (trans) \TU/CharisSIL
(0)/m/n/8 Por-tar (vari)

Underfull \hbox (badness 10000) in paragraph at lines 8867--8868
[]\TU/Inter(0)/b/n/8 ko-lu-bro[]\TU/CharisSIL(0)/m/it/8 (zool) \TU/CharisSIL(0)
/m/n/8 Rep-tero ne-

Package fancyhdr Warning: \headheight is too small (12.0pt): 
(fancyhdr)                Make it at least 16.54997pt, for example:
(fancyhdr)                \setlength{\headheight}{16.54997pt}.
(fancyhdr)                You might also make \topmargin smaller to compensate:

(fancyhdr)                \addtolength{\topmargin}{-4.54997pt}.

[184]
Underfull \hbox (badness 5756) in paragraph at lines 8909--8910
[]\TU/Inter(0)/b/n/8 ko-men-salo[]\TU/CharisSIL(0)/m/it/8 (biol) \TU/CharisSIL(
0)/m/n/8 Ani-malo qua

Underfull \hbox (badness 7012) in paragraph at lines 8933--8934
\TU/CharisSIL(0)/m/n/8 di komerco-firmo, di banko-

Underfull \hbox (badness 10000) in paragraph at lines 8937--8938
[]\TU/Inter(0)/b/n/8 ko-mo-ci-o-nar[]\TU/CharisSIL(0)/m/it/8 (trans) \TU/Charis
SIL(0)/m/n/8 Shan-ce-li-gar

Package fancyhdr Warning: \headheight is too small (12.0pt): 
(fancyhdr)                Make it at least 16.54997pt, for example:
(fancyhdr)                \setlength{\headheight}{16.54997pt}.
(fancyhdr)                You might also make \topmargin smaller to compensate:

(fancyhdr)                \addtolength{\topmargin}{-4.54997pt}.

[185]
Underfull \hbox (badness 10000) in paragraph at lines 8953--8954
[]\TU/Inter(0)/b/n/8 kom-pa-rar[]\TU/CharisSIL(0)/m/it/8 (trans)\TU/Inter(0)/b/
n/7 1. \TU/CharisSIL(0)/m/n/8 (kom-pa-rar

Underfull \hbox (badness 10000) in paragraph at lines 8985--8986
[]\TU/Inter(0)/b/n/8 kom-pli-men-tar[]\TU/CharisSIL(0)/m/it/8 (trans., pri,

Package fancyhdr Warning: \headheight is too small (12.0pt): 
(fancyhdr)                Make it at least 16.54997pt, for example:
(fancyhdr)                \setlength{\headheight}{16.54997pt}.
(fancyhdr)                You might also make \topmargin smaller to compensate:

(fancyhdr)                \addtolength{\topmargin}{-4.54997pt}.

[186]
Underfull \hbox (badness 10000) in paragraph at lines 8987--8988
[]\TU/Inter(0)/b/n/8 kom-plo-tar[]\TU/CharisSIL(0)/m/it/8 (netrans)\TU/Inter(0)
/b/n/7 1. \TU/CharisSIL(0)/m/n/8 Pro-je-tar,

Underfull \hbox (badness 10000) in paragraph at lines 8993--8994
[]\TU/Inter(0)/b/n/8 kom-po-zar[]\TU/CharisSIL(0)/m/it/8 (trans)\TU/Inter(0)/b/
n/7 1. \TU/CharisSIL(0)/m/n/8 For-ma-car

Underfull \hbox (badness 10000) in paragraph at lines 8993--8994
\TU/CharisSIL(0)/m/n/8 la kom-bino di ele-menti di-

Underfull \hbox (badness 10000) in paragraph at lines 9011--9012
[]\TU/Inter(0)/b/n/8 ko-mu-niar[]\TU/CharisSIL(0)/m/it/8 (netrans) (re-li-gio k
ri-

Underfull \hbox (badness 10000) in paragraph at lines 9021--9022
[]\TU/Inter(0)/b/n/8 kon-cen-trar[]\TU/CharisSIL(0)/m/it/8 (trans)\TU/Inter(0)/
b/n/7 1. \TU/CharisSIL(0)/m/n/8 Asem-blar

Package fancyhdr Warning: \headheight is too small (12.0pt): 
(fancyhdr)                Make it at least 16.54997pt, for example:
(fancyhdr)                \setlength{\headheight}{16.54997pt}.
(fancyhdr)                You might also make \topmargin smaller to compensate:

(fancyhdr)                \addtolength{\topmargin}{-4.54997pt}.

[187]
Underfull \hbox (badness 10000) in paragraph at lines 9039--9040
[]\TU/Inter(0)/b/n/8 kon-ci-liar[]\TU/CharisSIL(0)/m/it/8 (trans)\TU/Inter(0)/b
/n/7 1. \TU/CharisSIL(0)/m/n/8 Ad-duk-tar

Underfull \hbox (badness 10000) in paragraph at lines 9039--9040
\TU/CharisSIL(0)/m/n/8 ad in-ter-kon-kordo pri litijo-

Underfull \hbox (badness 10000) in paragraph at lines 9045--9046
[]\TU/Inter(0)/b/n/8 kon-dam-nar[]\TU/CharisSIL(0)/m/it/8 (trans)\TU/Inter(0)/b
/n/7 1. \TU/CharisSIL(0)/m/n/8 De-kla-rar

Underfull \hbox (badness 5771) in paragraph at lines 9049--9050
[]\TU/Inter(0)/b/n/8 kon-den-sa-toro[]\TU/CharisSIL(0)/m/it/8 (elektro) \TU/Cha
risSIL(0)/m/n/8 Apa-rato

Underfull \hbox (badness 10000) in paragraph at lines 9053--9054
[]\TU/Inter(0)/b/n/8 kon-dilo[]\TU/CharisSIL(0)/m/it/8 (anat) \TU/CharisSIL(0)/
m/n/8 Sa-li-ajo ar-ti-kala,

Underfull \hbox (badness 10000) in paragraph at lines 9055--9056
[]\TU/Inter(0)/b/n/8 kon-di-lono[]\TU/CharisSIL(0)/m/it/8 (patol) \TU/CharisSIL
(0)/m/n/8 Sur-kre-skajo

Underfull \hbox (badness 7221) in paragraph at lines 9081--9082
[]\TU/Inter(0)/b/n/8 kon-fervo[]\TU/CharisSIL(0)/m/it/8 (biol) \TU/CharisSIL(0)
/m/n/8 Speco di algo

Package fancyhdr Warning: \headheight is too small (12.0pt): 
(fancyhdr)                Make it at least 16.54997pt, for example:
(fancyhdr)                \setlength{\headheight}{16.54997pt}.
(fancyhdr)                You might also make \topmargin smaller to compensate:

(fancyhdr)                \addtolength{\topmargin}{-4.54997pt}.

[188]
Underfull \hbox (badness 10000) in paragraph at lines 9091--9092
[]\TU/Inter(0)/b/n/8 kon-fir-mar[]\TU/CharisSIL(0)/m/it/8 (trans)\TU/Inter(0)/b
/n/7 1. \TU/CharisSIL(0)/m/n/8 Igar (ulu)

Underfull \hbox (badness 10000) in paragraph at lines 9097--9098
\TU/CharisSIL(0)/m/n/8 en in-ter-lukto, in-ter-kom-bato

Underfull \hbox (badness 10000) in paragraph at lines 9097--9098
\TU/CharisSIL(0)/m/n/8 la pa-si-oni)\TU/Inter(0)/b/n/7 3. \TU/CharisSIL(0)/m/n/
8 In-ter-kon-te-star,

Overfull \hbox (0.29332pt too wide) in paragraph at lines 9105--9106
[]\TU/Inter(0)/b/n/8 kon-fun-dar[]\TU/CharisSIL(0)/m/it/8 (trans., ad, kun)\TU/
Inter(0)/b/n/7 1. \TU/CharisSIL(0)/m/n/8 Kon-

Underfull \hbox (badness 10000) in paragraph at lines 9109--9110
[]\TU/Inter(0)/b/n/8 kon-glo-me-rato[]\TU/CharisSIL(0)/m/it/8 (mineral) \TU/Cha
risSIL(0)/m/n/8 Bloko

Package fancyhdr Warning: \headheight is too small (12.0pt): 
(fancyhdr)                Make it at least 16.54997pt, for example:
(fancyhdr)                \setlength{\headheight}{16.54997pt}.
(fancyhdr)                You might also make \topmargin smaller to compensate:

(fancyhdr)                \addtolength{\topmargin}{-4.54997pt}.

[189]
Underfull \hbox (badness 10000) in paragraph at lines 9141--9142
[]\TU/Inter(0)/b/n/8 kon-ju-rar[]\TU/CharisSIL(0)/m/it/8 (trans) \TU/CharisSIL(
0)/m/n/8 Eskar-tar, per

Package fancyhdr Warning: \headheight is too small (12.0pt): 
(fancyhdr)                Make it at least 16.54997pt, for example:
(fancyhdr)                \setlength{\headheight}{16.54997pt}.
(fancyhdr)                You might also make \topmargin smaller to compensate:

(fancyhdr)                \addtolength{\topmargin}{-4.54997pt}.

[190]
Underfull \hbox (badness 10000) in paragraph at lines 9169--9170
[]\TU/Inter(0)/b/n/8 kon-ku-ren-car[]\TU/CharisSIL(0)/m/it/8 (trans) \TU/Charis
SIL(0)/m/n/8 (alu-dante

Underfull \hbox (badness 6725) in paragraph at lines 9181--9182
\TU/CharisSIL(0)/m/n/8 bar-kita e pri lia transporto-

Package fancyhdr Warning: \headheight is too small (12.0pt): 
(fancyhdr)                Make it at least 16.54997pt, for example:
(fancyhdr)                \setlength{\headheight}{16.54997pt}.
(fancyhdr)                You might also make \topmargin smaller to compensate:

(fancyhdr)                \addtolength{\topmargin}{-4.54997pt}.

[191]
Underfull \hbox (badness 10000) in paragraph at lines 9187--9188
[]\TU/Inter(0)/b/n/8 kon-sa-krar[]\TU/CharisSIL(0)/m/it/8 (trans., ad) \TU/Char
isSIL(0)/m/n/8 Do-nar

Underfull \hbox (badness 5231) in paragraph at lines 9203--9204
[]\TU/Inter(0)/b/n/8 kon-si-de-rar[]\TU/CharisSIL(0)/m/it/8 (trans) \TU/CharisS
IL(0)/m/n/8 Aten-car sor-

Underfull \hbox (badness 7256) in paragraph at lines 9205--9206
[]\TU/Inter(0)/b/n/8 kon-si-gnar[]\TU/CharisSIL(0)/m/it/8 (trans) \TU/CharisSIL
(0)/m/n/8 Do-nar (kozo

Underfull \hbox (badness 10000) in paragraph at lines 9205--9206
\TU/CharisSIL(0)/m/n/8 kon-ser-venda kom ga-ran-tiivo,

Underfull \hbox (badness 10000) in paragraph at lines 9219--9220
[]\TU/Inter(0)/b/n/8 kon-so-li-dar[]\TU/CharisSIL(0)/m/it/8 (trans., per) \TU/C
harisSIL(0)/m/n/8 (fi-

Underfull \hbox (badness 10000) in paragraph at lines 9225--9226
[]\TU/Inter(0)/b/n/8 kon-so-nan-car[]\TU/CharisSIL(0)/m/it/8 (netrans)\TU/Inter
(0)/b/n/7 1. \TU/CharisSIL(0)/m/n/8 (alu-

Package fancyhdr Warning: \headheight is too small (12.0pt): 
(fancyhdr)                Make it at least 16.54997pt, for example:
(fancyhdr)                \setlength{\headheight}{16.54997pt}.
(fancyhdr)                You might also make \topmargin smaller to compensate:

(fancyhdr)                \addtolength{\topmargin}{-4.54997pt}.

[192]
Underfull \hbox (badness 10000) in paragraph at lines 9243--9244
[]\TU/Inter(0)/b/n/8 kon-sti-tu-car[]\TU/CharisSIL(0)/m/it/8 (trans)\TU/Inter(0
)/b/n/7 1. \TU/CharisSIL(0)/m/n/8 In-sta-lar

Underfull \hbox (badness 10000) in paragraph at lines 9249--9250
[]\TU/Inter(0)/b/n/8 kon-struk-tar[]\TU/CharisSIL(0)/m/it/8 (trans)\TU/Inter(0)
/b/n/7 1. \TU/CharisSIL(0)/m/n/8 Fa-car

Underfull \hbox (badness 10000) in paragraph at lines 9255--9256
[]\TU/Inter(0)/b/n/8 kon-su-mar[]\TU/CharisSIL(0)/m/it/8 (trans)\TU/Inter(0)/b/
n/7 1. \TU/CharisSIL(0)/m/n/8 De-struk-

Underfull \hbox (badness 10000) in paragraph at lines 9263--9264
[]\TU/Inter(0)/b/n/8 kon-tar[]\TU/CharisSIL(0)/m/it/8 (trans) (aritm) \TU/Chari
sSIL(0)/m/n/8 De-ter-mi-

Underfull \hbox (badness 5446) in paragraph at lines 9263--9264
\TU/CharisSIL(0)/m/n/8 nar la re-lato da qu-anto ad

Underfull \hbox (badness 10000) in paragraph at lines 9267--9268
[]\TU/Inter(0)/b/n/8 kon-te-nar[]\TU/CharisSIL(0)/m/it/8 (trans)\TU/Inter(0)/b/
n/7 1. \TU/CharisSIL(0)/m/n/8 Ha-var en

Underfull \hbox (badness 10000) in paragraph at lines 9271--9272
[]\TU/Inter(0)/b/n/8 kon-te-star[]\TU/CharisSIL(0)/m/it/8 (trans) \TU/CharisSIL
(0)/m/n/8 Di-sku-tar ne-

Package fancyhdr Warning: \headheight is too small (12.0pt): 
(fancyhdr)                Make it at least 16.54997pt, for example:
(fancyhdr)                \setlength{\headheight}{16.54997pt}.
(fancyhdr)                You might also make \topmargin smaller to compensate:

(fancyhdr)                \addtolength{\topmargin}{-4.54997pt}.

[193]
Underfull \hbox (badness 10000) in paragraph at lines 9275--9276
[]\TU/Inter(0)/b/n/8 kon-ti-nen-car[]\TU/CharisSIL(0)/m/it/8 (netrans) \TU/Char
isSIL(0)/m/n/8 Ab-ste-nar

Underfull \hbox (badness 6173) in paragraph at lines 9279--9280
[]\TU/Inter(0)/b/n/8 kon-tin-gento[]\TU/Inter(0)/b/n/7 1. \TU/CharisSIL(0)/m/n/
8 (ar-meo). Qu-

Underfull \hbox (badness 10000) in paragraph at lines 9279--9280
\TU/CharisSIL(0)/m/n/8 anto de ar-me-ani qua esas

Underfull \hbox (badness 10000) in paragraph at lines 9279--9280
\TU/CharisSIL(0)/m/n/8 fur-ni-senda singla-yare a la

Underfull \hbox (badness 6220) in paragraph at lines 9281--9282
\TU/CharisSIL(0)/m/n/8 interruptita en spaco od en

Underfull \hbox (badness 10000) in paragraph at lines 9291--9292
[]\TU/Inter(0)/b/n/8 kon-tra-fak-tar[]\TU/CharisSIL(0)/m/it/8 (trans)\TU/Inter(
0)/b/n/7 1. \TU/CharisSIL(0)/m/n/8 Imi-

Underfull \hbox (badness 10000) in paragraph at lines 9291--9292
\TU/CharisSIL(0)/m/n/8 tar o *re-pro-duk-tar kontre-

Underfull \hbox (badness 10000) in paragraph at lines 9291--9292
\TU/CharisSIL(0)/m/n/8 detrimente)\TU/Inter(0)/b/n/7 2. \TU/CharisSIL(0)/m/n/8 
Imi-tar fra-ude

Underfull \hbox (badness 10000) in paragraph at lines 9297--9298
[]\TU/Inter(0)/b/n/8 kon-trak-turo[]\TU/CharisSIL(0)/m/it/8 (patol) \TU/CharisS
IL(0)/m/n/8 Stre-ti-guro,

Package fancyhdr Warning: \headheight is too small (12.0pt): 
(fancyhdr)                Make it at least 16.54997pt, for example:
(fancyhdr)                \setlength{\headheight}{16.54997pt}.
(fancyhdr)                You might also make \topmargin smaller to compensate:

(fancyhdr)                \addtolength{\topmargin}{-4.54997pt}.

[194]
Underfull \hbox (badness 10000) in paragraph at lines 9311--9312
[]\TU/Inter(0)/b/n/8 kon-tre-skarpo[]\TU/CharisSIL(0)/m/it/8 (tekn., mi-li-tart
o)

Underfull \hbox (badness 10000) in paragraph at lines 9317--9318
[]\TU/Inter(0)/b/n/8 kon-tro-lar[]\TU/CharisSIL(0)/m/it/8 (trans)\TU/Inter(0)/b
/n/7 1. \TU/CharisSIL(0)/m/n/8 Sub-mi-sar

Underfull \hbox (badness 10000) in paragraph at lines 9335--9336
[]\TU/Inter(0)/b/n/8 kon-vento[] \TU/CharisSIL(0)/m/n/8 Asem-bli-taro,(maxim-

Underfull \hbox (badness 8000) in paragraph at lines 9337--9338
[]\TU/Inter(0)/b/n/8 kon-ver-gar[]\TU/CharisSIL(0)/m/it/8 (netrans., ad)\TU/Int
er(0)/b/n/7 1. \TU/CharisSIL(0)/m/n/8 (fi-

Underfull \hbox (badness 10000) in paragraph at lines 9349--9350
[]\TU/Inter(0)/b/n/8 kon-vin-kar[]\TU/CharisSIL(0)/m/it/8 (trans., pri) \TU/Cha
risSIL(0)/m/n/8 Duk-tar

Underfull \hbox (badness 10000) in paragraph at lines 9349--9350
\TU/CharisSIL(0)/m/n/8 (ulu) ad agno-skar ulo kom

Package fancyhdr Warning: \headheight is too small (12.0pt): 
(fancyhdr)                Make it at least 16.54997pt, for example:
(fancyhdr)                \setlength{\headheight}{16.54997pt}.
(fancyhdr)                You might also make \topmargin smaller to compensate:

(fancyhdr)                \addtolength{\topmargin}{-4.54997pt}.

[195]
Underfull \hbox (badness 10000) in paragraph at lines 9361--9362
[]\TU/Inter(0)/b/n/8 koo-pe-rar[]\TU/CharisSIL(0)/m/it/8 (netrans) (eko-no-miko
)

Underfull \hbox (badness 10000) in paragraph at lines 9371--9372
[]\TU/Inter(0)/b/n/8 ko-piar[]\TU/CharisSIL(0)/m/it/8 (trans) \TU/CharisSIL(0)/
m/n/8 Re-pro-duk-tar (la

Underfull \hbox (badness 7379) in paragraph at lines 9377--9378
[]\TU/Inter(0)/b/n/8 ko-pu-la-car[]\TU/CharisSIL(0)/m/it/8 (netrans., kun) (alu
-

Package fancyhdr Warning: \headheight is too small (12.0pt): 
(fancyhdr)                Make it at least 16.54997pt, for example:
(fancyhdr)                \setlength{\headheight}{16.54997pt}.
(fancyhdr)                You might also make \topmargin smaller to compensate:

(fancyhdr)                \addtolength{\topmargin}{-4.54997pt}.

[196]
Underfull \hbox (badness 10000) in paragraph at lines 9409--9410
[]\TU/Inter(0)/b/n/8 ko-re-spon-dar[]\TU/CharisSIL(0)/m/it/8 (netrans., kun,

Underfull \hbox (badness 10000) in paragraph at lines 9411--9412
[]\TU/Inter(0)/b/n/8 ko-ri-an-dro[]\TU/Inter(0)/b/n/7 1. \TU/CharisSIL(0)/m/n/8
 (bot.) Planto

Underfull \hbox (badness 10000) in paragraph at lines 9411--9412
\TU/CharisSIL(0)/m/n/8 aro-mata, qua for-ma-cas ge-

Underfull \hbox (badness 5490) in paragraph at lines 9411--9412
\TU/CharisSIL(0)/m/n/8 nero ek la fa-mi-lio « om-be-li-

Package fancyhdr Warning: \headheight is too small (12.0pt): 
(fancyhdr)                Make it at least 16.54997pt, for example:
(fancyhdr)                \setlength{\headheight}{16.54997pt}.
(fancyhdr)                You might also make \topmargin smaller to compensate:

(fancyhdr)                \addtolength{\topmargin}{-4.54997pt}.

[197]
Underfull \hbox (badness 10000) in paragraph at lines 9433--9434
[]\TU/Inter(0)/b/n/8 kor-na-lino[]\TU/CharisSIL(0)/m/it/8 (mineral) \TU/CharisS
IL(0)/m/n/8 Agato mi-

Underfull \hbox (badness 10000) in paragraph at lines 9435--9436
[]\TU/Inter(0)/b/n/8 kor-na-muzo[]\TU/CharisSIL(0)/m/it/8 (muziko) \TU/CharisSI
L(0)/m/n/8 Muzik-

Underfull \hbox (badness 10000) in paragraph at lines 9447--9448
[]\TU/Inter(0)/b/n/8 korno[]\TU/Inter(0)/b/n/7 1. \TU/CharisSIL(0)/m/n/8 Sur-kr
e-skajo ko-na-tra,

Package fancyhdr Warning: \headheight is too small (12.0pt): 
(fancyhdr)                Make it at least 16.54997pt, for example:
(fancyhdr)                \setlength{\headheight}{16.54997pt}.
(fancyhdr)                You might also make \topmargin smaller to compensate:

(fancyhdr)                \addtolength{\topmargin}{-4.54997pt}.

[198]
Overfull \hbox (4.18472pt too wide) in paragraph at lines 9489--9490
[]\TU/Inter(0)/b/n/8 kor-vear[]\TU/CharisSIL(0)/m/it/8 (netrans., por, pri)\TU/
Inter(0)/b/n/7 1. \TU/CharisSIL(0)/m/n/8 (olim).

Package fancyhdr Warning: \headheight is too small (12.0pt): 
(fancyhdr)                Make it at least 16.54997pt, for example:
(fancyhdr)                \setlength{\headheight}{16.54997pt}.
(fancyhdr)                You might also make \topmargin smaller to compensate:

(fancyhdr)                \addtolength{\topmargin}{-4.54997pt}.

[199]
Underfull \hbox (badness 6995) in paragraph at lines 9521--9522
\TU/CharisSIL(0)/m/n/8 ec., de-sti-nita a man-jeso da

Package fancyhdr Warning: \headheight is too small (12.0pt): 
(fancyhdr)                Make it at least 16.54997pt, for example:
(fancyhdr)                \setlength{\headheight}{16.54997pt}.
(fancyhdr)                You might also make \topmargin smaller to compensate:

(fancyhdr)                \addtolength{\topmargin}{-4.54997pt}.

[200]

Package fancyhdr Warning: \headheight is too small (12.0pt): 
(fancyhdr)                Make it at least 16.54997pt, for example:
(fancyhdr)                \setlength{\headheight}{16.54997pt}.
(fancyhdr)                You might also make \topmargin smaller to compensate:

(fancyhdr)                \addtolength{\topmargin}{-4.54997pt}.

[201]
Underfull \hbox (badness 10000) in paragraph at lines 9597--9598
\TU/CharisSIL(0)/m/n/8 iso ek in-ter-se-quo di mi-kra

Package fancyhdr Warning: \headheight is too small (12.0pt): 
(fancyhdr)                Make it at least 16.54997pt, for example:
(fancyhdr)                \setlength{\headheight}{16.54997pt}.
(fancyhdr)                You might also make \topmargin smaller to compensate:

(fancyhdr)                \addtolength{\topmargin}{-4.54997pt}.

[202]
Underfull \hbox (badness 7667) in paragraph at lines 9615--9616
[]\TU/Inter(0)/b/n/8 kre-tino[]\TU/CharisSIL(0)/m/it/8 (patol)\TU/Inter(0)/b/n/
7 1. \TU/CharisSIL(0)/m/n/8 Per-sono ra-ki-

Underfull \hbox (badness 10000) in paragraph at lines 9617--9618
[]\TU/Inter(0)/b/n/8 kreto[] \TU/CharisSIL(0)/m/n/8 Kalko-karbonato amorfa,

Underfull \hbox (badness 10000) in paragraph at lines 9625--9626
[]\TU/Inter(0)/b/n/8 kre-vi-sar[]\TU/Inter(0)/b/n/7 1. \TU/CharisSIL(0)/m/n/8 (
ne-trans.) Su-bi-

Underfull \hbox (badness 5711) in paragraph at lines 9625--9626
\TU/CharisSIL(0)/m/n/8 sar fen-deso plu o min pro-

Underfull \hbox (badness 5908) in paragraph at lines 9643--9644
[]\TU/Inter(0)/b/n/8 kri-no-lino[]\TU/Inter(0)/b/n/7 1. \TU/CharisSIL(0)/m/n/8 
Te-xuro di qua la

Package fancyhdr Warning: \headheight is too small (12.0pt): 
(fancyhdr)                Make it at least 16.54997pt, for example:
(fancyhdr)                \setlength{\headheight}{16.54997pt}.
(fancyhdr)                You might also make \topmargin smaller to compensate:

(fancyhdr)                \addtolength{\topmargin}{-4.54997pt}.

[203]
Underfull \hbox (badness 10000) in paragraph at lines 9663--9664
[]\TU/Inter(0)/b/n/8 kri-sta-lino[]\TU/CharisSIL(0)/m/it/8 (anat) \TU/CharisSIL
(0)/m/n/8 Korpo lenso-

Underfull \hbox (badness 6078) in paragraph at lines 9673--9674
[]\TU/Inter(0)/b/n/8 kri-ti-ci-smo[]\TU/CharisSIL(0)/m/it/8 (filoz) \TU/CharisS
IL(0)/m/n/8 Dok-trino qua

Underfull \hbox (badness 10000) in paragraph at lines 9681--9682
[]\TU/Inter(0)/b/n/8 krizo[]\TU/Inter(0)/b/n/7 1. \TU/CharisSIL(0)/m/n/8 Fazo d
an-je-roza di

Underfull \hbox (badness 10000) in paragraph at lines 9685--9686
[]\TU/Inter(0)/b/n/8 kro-a-sar[]\TU/CharisSIL(0)/m/it/8 (netrans) (alu-dante la


Underfull \hbox (badness 6691) in paragraph at lines 9695--9696
[]\TU/Inter(0)/b/n/8 kro-ma-tino[]\TU/CharisSIL(0)/m/it/8 (biol) \TU/CharisSIL(
0)/m/n/8 Sub-stanco tre

Package fancyhdr Warning: \headheight is too small (12.0pt): 
(fancyhdr)                Make it at least 16.54997pt, for example:
(fancyhdr)                \setlength{\headheight}{16.54997pt}.
(fancyhdr)                You might also make \topmargin smaller to compensate:

(fancyhdr)                \addtolength{\topmargin}{-4.54997pt}.

[204]

Package fancyhdr Warning: \headheight is too small (12.0pt): 
(fancyhdr)                Make it at least 16.54997pt, for example:
(fancyhdr)                \setlength{\headheight}{16.54997pt}.
(fancyhdr)                You might also make \topmargin smaller to compensate:

(fancyhdr)                \addtolength{\topmargin}{-4.54997pt}.

[205]
Underfull \hbox (badness 10000) in paragraph at lines 9755--9756
[]\TU/Inter(0)/b/n/8 krum-plar[]\TU/CharisSIL(0)/m/it/8 (trans) \TU/CharisSIL(0
)/m/n/8 Des-fre-shi-gar

Underfull \hbox (badness 10000) in paragraph at lines 9769--9770
\TU/CharisSIL(0)/m/n/8 espruva, por-ce-lano, me-talo,

Underfull \hbox (badness 10000) in paragraph at lines 9771--9772
[]\TU/Inter(0)/b/n/8 ku-a-far[]\TU/CharisSIL(0)/m/it/8 (trans) \TU/CharisSIL(0)
/m/n/8 Aju-star la ha-

Package fancyhdr Warning: \headheight is too small (12.0pt): 
(fancyhdr)                Make it at least 16.54997pt, for example:
(fancyhdr)                \setlength{\headheight}{16.54997pt}.
(fancyhdr)                You might also make \topmargin smaller to compensate:

(fancyhdr)                \addtolength{\topmargin}{-4.54997pt}.

[206]
Underfull \hbox (badness 10000) in paragraph at lines 9775--9776
[]\TU/Inter(0)/b/n/8 ku-biko[]\TU/CharisSIL(0)/m/it/8 (matem) \TU/CharisSIL(0)/
m/n/8 Equ-a-ci-ono

Underfull \hbox (badness 6927) in paragraph at lines 9793--9794
[]\TU/Inter(0)/b/n/8 ku-kur-bi-ta-ceo[]\TU/CharisSIL(0)/m/it/8 (bot) \TU/Charis
SIL(0)/m/n/8 Fa-mi-lio de

Underfull \hbox (badness 10000) in paragraph at lines 9811--9812
[]\TU/Inter(0)/b/n/8 kul-mi-nar[]\TU/CharisSIL(0)/m/it/8 (netrans)\TU/Inter(0)/
b/n/7 1. \TU/CharisSIL(0)/m/n/8 (astron.)

Package fancyhdr Warning: \headheight is too small (12.0pt): 
(fancyhdr)                Make it at least 16.54997pt, for example:
(fancyhdr)                \setlength{\headheight}{16.54997pt}.
(fancyhdr)                You might also make \topmargin smaller to compensate:

(fancyhdr)                \addtolength{\topmargin}{-4.54997pt}.

[207]
Underfull \hbox (badness 10000) in paragraph at lines 9819--9820
[]\TU/Inter(0)/b/n/8 kul-telo[] \TU/CharisSIL(0)/m/n/8 In-stru-mento mikra-

Underfull \hbox (badness 10000) in paragraph at lines 9829--9830
[]\TU/Inter(0)/b/n/8 ku-mu-lar[]\TU/CharisSIL(0)/m/it/8 (trans)\TU/Inter(0)/b/n
/7 1. \TU/CharisSIL(0)/m/n/8 (ju-ri-spru-

Underfull \hbox (badness 10000) in paragraph at lines 9845--9846
\TU/CharisSIL(0)/m/n/8 omna parto quan fi-nas re-

Package fancyhdr Warning: \headheight is too small (12.0pt): 
(fancyhdr)                Make it at least 16.54997pt, for example:
(fancyhdr)                \setlength{\headheight}{16.54997pt}.
(fancyhdr)                You might also make \topmargin smaller to compensate:

(fancyhdr)                \addtolength{\topmargin}{-4.54997pt}.

[208]
Underfull \hbox (badness 5862) in paragraph at lines 9877--9878
\TU/CharisSIL(0)/m/n/8 cir-ku-las per ve-turo or-di-nara,

Package fancyhdr Warning: \headheight is too small (12.0pt): 
(fancyhdr)                Make it at least 16.54997pt, for example:
(fancyhdr)                \setlength{\headheight}{16.54997pt}.
(fancyhdr)                You might also make \topmargin smaller to compensate:

(fancyhdr)                \addtolength{\topmargin}{-4.54997pt}.

[209]
Underfull \hbox (badness 5105) in paragraph at lines 9899--9900
\TU/CharisSIL(0)/m/n/8 por ce-lar o shir-mar ulo od

Underfull \hbox (badness 10000) in paragraph at lines 9915--9916
[]\TU/Inter(0)/b/n/8 ku-star[]\TU/CharisSIL(0)/m/it/8 (trans)\TU/Inter(0)/b/n/7
 1. \TU/CharisSIL(0)/m/n/8 (alu-dante ob-

Package fancyhdr Warning: \headheight is too small (12.0pt): 
(fancyhdr)                Make it at least 16.54997pt, for example:
(fancyhdr)                \setlength{\headheight}{16.54997pt}.
(fancyhdr)                You might also make \topmargin smaller to compensate:

(fancyhdr)                \addtolength{\topmargin}{-4.54997pt}.

[210]
Underfull \hbox (badness 10000) in paragraph at lines 9948--9949
[]\TU/Inter(0)/b/n/8 la-bi-rin-to-donto[]\TU/CharisSIL(0)/m/it/8 (paleontologio
)

Underfull \hbox (badness 10000) in paragraph at lines 9970--9971
\TU/CharisSIL(0)/m/n/8 poke pro-funda, in-ter in-su-

Package fancyhdr Warning: \headheight is too small (12.0pt): 
(fancyhdr)                Make it at least 16.54997pt, for example:
(fancyhdr)                \setlength{\headheight}{16.54997pt}.
(fancyhdr)                You might also make \topmargin smaller to compensate:

(fancyhdr)                \addtolength{\topmargin}{-4.54997pt}.

[211]
Underfull \hbox (badness 10000) in paragraph at lines 10000--10001
\TU/CharisSIL(0)/m/n/8 cilindri, qui tur-nas inversa-

Underfull \hbox (badness 6204) in paragraph at lines 10000--10001
\TU/CharisSIL(0)/m/n/8 sinse\TU/Inter(0)/b/n/7 2. \TU/CharisSIL(0)/m/n/8 Igar c
i-lin-dro me-tala

Package fancyhdr Warning: \headheight is too small (12.0pt): 
(fancyhdr)                Make it at least 16.54997pt, for example:
(fancyhdr)                \setlength{\headheight}{16.54997pt}.
(fancyhdr)                You might also make \topmargin smaller to compensate:

(fancyhdr)                \addtolength{\topmargin}{-4.54997pt}.

[212]
Underfull \hbox (badness 7362) in paragraph at lines 10018--10019
[]\TU/Inter(0)/b/n/8 lan-dau[] \TU/CharisSIL(0)/m/n/8 Ve-turo quar-rota, kun

Underfull \hbox (badness 5022) in paragraph at lines 10024--10025
\TU/CharisSIL(0)/m/n/8 di di-versa in-stru-menti lan-go-

Package fancyhdr Warning: \headheight is too small (12.0pt): 
(fancyhdr)                Make it at least 16.54997pt, for example:
(fancyhdr)                \setlength{\headheight}{16.54997pt}.
(fancyhdr)                You might also make \topmargin smaller to compensate:

(fancyhdr)                \addtolength{\topmargin}{-4.54997pt}.

[213]
Underfull \hbox (badness 10000) in paragraph at lines 10064--10065
[]\TU/Inter(0)/b/n/8 larvo[]\TU/Inter(0)/b/n/7 1. \TU/CharisSIL(0)/m/n/8 (epoki
 an-ti-qua, en

Package fancyhdr Warning: \headheight is too small (12.0pt): 
(fancyhdr)                Make it at least 16.54997pt, for example:
(fancyhdr)                \setlength{\headheight}{16.54997pt}.
(fancyhdr)                You might also make \topmargin smaller to compensate:

(fancyhdr)                \addtolength{\topmargin}{-4.54997pt}.

[214]

Package fancyhdr Warning: \headheight is too small (12.0pt): 
(fancyhdr)                Make it at least 16.54997pt, for example:
(fancyhdr)                \setlength{\headheight}{16.54997pt}.
(fancyhdr)                You might also make \topmargin smaller to compensate:

(fancyhdr)                \addtolength{\topmargin}{-4.54997pt}.

[215]

Package fancyhdr Warning: \headheight is too small (12.0pt): 
(fancyhdr)                Make it at least 16.54997pt, for example:
(fancyhdr)                \setlength{\headheight}{16.54997pt}.
(fancyhdr)                You might also make \topmargin smaller to compensate:

(fancyhdr)                \addtolength{\topmargin}{-4.54997pt}.

[216]
Underfull \hbox (badness 10000) in paragraph at lines 10204--10205
[]\TU/Inter(0)/b/n/8 le-vi-a-tano[]\TU/CharisSIL(0)/m/it/8 (biblo) \TU/CharisSI
L(0)/m/n/8 Mon-stro ma-

Package fancyhdr Warning: \headheight is too small (12.0pt): 
(fancyhdr)                Make it at least 16.54997pt, for example:
(fancyhdr)                \setlength{\headheight}{16.54997pt}.
(fancyhdr)                You might also make \topmargin smaller to compensate:

(fancyhdr)                \addtolength{\topmargin}{-4.54997pt}.

[217]
Underfull \hbox (badness 10000) in paragraph at lines 10244--10245
[]\TU/Inter(0)/b/n/8 li-cen-sar[]\TU/CharisSIL(0)/m/it/8 (trans) (alu-dante sta
t-

Package fancyhdr Warning: \headheight is too small (12.0pt): 
(fancyhdr)                Make it at least 16.54997pt, for example:
(fancyhdr)                \setlength{\headheight}{16.54997pt}.
(fancyhdr)                You might also make \topmargin smaller to compensate:

(fancyhdr)                \addtolength{\topmargin}{-4.54997pt}.

[218]
Underfull \hbox (badness 6775) in paragraph at lines 10272--10273
[]\TU/Inter(0)/b/n/8 li-kan-tropo[]\TU/CharisSIL(0)/m/it/8 (patol) \TU/CharisSI
L(0)/m/n/8 Per-sono qua

Underfull \hbox (badness 6575) in paragraph at lines 10276--10277
[]\TU/Inter(0)/b/n/8 li-keno[]\TU/CharisSIL(0)/m/it/8 (bot) \TU/CharisSIL(0)/m/
n/8 Planto krip-to-gama

Underfull \hbox (badness 8132) in paragraph at lines 10288--10289
[]\TU/Inter(0)/b/n/8 li-mako[]\TU/CharisSIL(0)/m/it/8 (zool) \TU/CharisSIL(0)/m
/n/8 Mo-lu-sko ga-ste-ro-

Underfull \hbox (badness 7451) in paragraph at lines 10298--10299
[]\TU/Inter(0)/b/n/8 lim-fa-ti-smo[]\TU/CharisSIL(0)/m/it/8 (patol) \TU/CharisS
IL(0)/m/n/8 Ta tem-pe-ra-

Underfull \hbox (badness 10000) in paragraph at lines 10304--10305
[]\TU/Inter(0)/b/n/8 li-mo-nado[] \TU/CharisSIL(0)/m/n/8 Drin-kajo boko-

Package fancyhdr Warning: \headheight is too small (12.0pt): 
(fancyhdr)                Make it at least 16.54997pt, for example:
(fancyhdr)                \setlength{\headheight}{16.54997pt}.
(fancyhdr)                You might also make \topmargin smaller to compensate:

(fancyhdr)                \addtolength{\topmargin}{-4.54997pt}.

[219]
Underfull \hbox (badness 10000) in paragraph at lines 10320--10321
[]\TU/Inter(0)/b/n/8 li-neo[]\TU/Inter(0)/b/n/7 1. \TU/CharisSIL(0)/m/n/8 Strek
o kon-ti-nua qua

Underfull \hbox (badness 10000) in paragraph at lines 10320--10321
\TU/CharisSIL(0)/m/n/8 in-di-kas di-re-ci-ono de-ter-mi-

Underfull \hbox (badness 5345) in paragraph at lines 10320--10321
\TU/CharisSIL(0)/m/n/8 edi-fici di rel-voyo, tram-voyo,

Underfull \hbox (badness 10000) in paragraph at lines 10320--10321
\TU/CharisSIL(0)/m/n/8 autobuso-exploto, aeroplano-

Underfull \hbox (badness 10000) in paragraph at lines 10328--10329
[]\TU/Inter(0)/b/n/8 li-ni-mento[]\TU/CharisSIL(0)/m/it/8 (farmacio) \TU/Charis
SIL(0)/m/n/8 Me-di-ka-

Underfull \hbox (badness 10000) in paragraph at lines 10342--10343
[]\TU/Inter(0)/b/n/8 li-pomo[]\TU/CharisSIL(0)/m/it/8 (patol) \TU/CharisSIL(0)/
m/n/8 Tu-moro gra-

Underfull \hbox (badness 10000) in paragraph at lines 10350--10351
[]\TU/Inter(0)/b/n/8 li-qu-i-da-car[]\TU/CharisSIL(0)/m/it/8 (trans) \TU/Charis
SIL(0)/m/n/8 Kon-klu-zar

Underfull \hbox (badness 10000) in paragraph at lines 10354--10355
[]\TU/Inter(0)/b/n/8 li-rika[]\TU/Inter(0)/b/n/7 1. \TU/CharisSIL(0)/m/n/8 Qua 
kon-te-nas po-emi

Package fancyhdr Warning: \headheight is too small (12.0pt): 
(fancyhdr)                Make it at least 16.54997pt, for example:
(fancyhdr)                \setlength{\headheight}{16.54997pt}.
(fancyhdr)                You might also make \topmargin smaller to compensate:

(fancyhdr)                \addtolength{\topmargin}{-4.54997pt}.

[220]
Underfull \hbox (badness 10000) in paragraph at lines 10364--10365
[]\TU/Inter(0)/b/n/8 li-tar-giro[]\TU/CharisSIL(0)/m/it/8 (kemio) \TU/CharisSIL
(0)/m/n/8 Pro-to-xido di

Package fancyhdr Warning: \headheight is too small (12.0pt): 
(fancyhdr)                Make it at least 16.54997pt, for example:
(fancyhdr)                \setlength{\headheight}{16.54997pt}.
(fancyhdr)                You might also make \topmargin smaller to compensate:

(fancyhdr)                \addtolength{\topmargin}{-4.54997pt}.

[221]
Underfull \hbox (badness 10000) in paragraph at lines 10422--10423
[]\TU/Inter(0)/b/n/8 lo-giko[]\TU/Inter(0)/b/n/7 1. \TU/CharisSIL(0)/m/n/8 La c
i-enco pri lo

Underfull \hbox (badness 10000) in paragraph at lines 10422--10423
\TU/CharisSIL(0)/m/n/8 exakta\TU/Inter(0)/b/n/7 2. \TU/CharisSIL(0)/m/n/8 La ci
-enco pri la

Underfull \hbox (badness 10000) in paragraph at lines 10438--10439
[]\TU/Inter(0)/b/n/8 loko[]\TU/Inter(0)/b/n/7 1. \TU/CharisSIL(0)/m/n/8 Parto d
e-ter-mi-nita ek

Package fancyhdr Warning: \headheight is too small (12.0pt): 
(fancyhdr)                Make it at least 16.54997pt, for example:
(fancyhdr)                \setlength{\headheight}{16.54997pt}.
(fancyhdr)                You might also make \topmargin smaller to compensate:

(fancyhdr)                \addtolength{\topmargin}{-4.54997pt}.

[222]
Underfull \hbox (badness 5359) in paragraph at lines 10464--10465
\TU/CharisSIL(0)/m/n/8 aquo sen-sala, ek la ge-nero

Package fancyhdr Warning: \headheight is too small (12.0pt): 
(fancyhdr)                Make it at least 16.54997pt, for example:
(fancyhdr)                \setlength{\headheight}{16.54997pt}.
(fancyhdr)                You might also make \topmargin smaller to compensate:

(fancyhdr)                \addtolength{\topmargin}{-4.54997pt}.

[223]
Underfull \hbox (badness 10000) in paragraph at lines 10492--10493
[]\TU/Inter(0)/b/n/8 lu-gro[]\TU/CharisSIL(0)/m/it/8 (maronavigado) \TU/CharisS
IL(0)/m/n/8 Milito-

Underfull \hbox (badness 10000) in paragraph at lines 10494--10495
[]\TU/Inter(0)/b/n/8 lu-kano[]\TU/CharisSIL(0)/m/it/8 (zool) \TU/CharisSIL(0)/m
/n/8 In-sekto aloza,

Underfull \hbox (badness 10000) in paragraph at lines 10498--10499
[]\TU/Inter(0)/b/n/8 luk-tar[]\TU/CharisSIL(0)/m/it/8 (netrans., kon-tre, kun,

Underfull \hbox (badness 10000) in paragraph at lines 10508--10509
[]\TU/Inter(0)/b/n/8 lumpo[]\TU/CharisSIL(0)/m/it/8 (mineral) \TU/CharisSIL(0)/
m/n/8 Frag-mento di

Underfull \hbox (badness 10000) in paragraph at lines 10522--10523
[]\TU/Inter(0)/b/n/8 lupo[]\TU/CharisSIL(0)/m/it/8 (optiko) \TU/CharisSIL(0)/m/
n/8 Lenso bi-kon-vexa,

Underfull \hbox (badness 6510) in paragraph at lines 10522--10523
\TU/CharisSIL(0)/m/n/8 uzata por igar aspek-tar plu

Package fancyhdr Warning: \headheight is too small (12.0pt): 
(fancyhdr)                Make it at least 16.54997pt, for example:
(fancyhdr)                \setlength{\headheight}{16.54997pt}.
(fancyhdr)                You might also make \topmargin smaller to compensate:

(fancyhdr)                \addtolength{\topmargin}{-4.54997pt}.

[224]
Underfull \hbox (badness 10000) in paragraph at lines 10534--10535
[]\TU/Inter(0)/b/n/8 lu-stro[]\TU/Inter(0)/b/n/7 1. \TU/CharisSIL(0)/m/n/8 Lu-m
i-zilo su-spen-dita,

Underfull \hbox (badness 10000) in paragraph at lines 10540--10541
\TU/CharisSIL(0)/m/n/8 eki-rar de lua ka-vajo nor-

Underfull \hbox (badness 8056) in paragraph at lines 10557--10558
[]\TU/Inter(0)/b/n/8 mac-kin-tosh[] \TU/CharisSIL(0)/m/n/8 Sorto di muliero-

Package fancyhdr Warning: \headheight is too small (12.0pt): 
(fancyhdr)                Make it at least 16.54997pt, for example:
(fancyhdr)                \setlength{\headheight}{16.54997pt}.
(fancyhdr)                You might also make \topmargin smaller to compensate:

(fancyhdr)                \addtolength{\topmargin}{-4.54997pt}.

[225]
Underfull \hbox (badness 10000) in paragraph at lines 10609--10610
[]\TU/Inter(0)/b/n/8 ma-ka-damo[]\TU/CharisSIL(0)/m/it/8 (tekn) \TU/CharisSIL(0
)/m/n/8 Quaza-

Underfull \hbox (badness 10000) in paragraph at lines 10615--10616
[]\TU/Inter(0)/b/n/8 ma-ka-ro-nio[]\TU/CharisSIL(0)/m/it/8 (Koquarto) \TU/Chari
sSIL(0)/m/n/8 Nutro-

Package fancyhdr Warning: \headheight is too small (12.0pt): 
(fancyhdr)                Make it at least 16.54997pt, for example:
(fancyhdr)                \setlength{\headheight}{16.54997pt}.
(fancyhdr)                You might also make \topmargin smaller to compensate:

(fancyhdr)                \addtolength{\topmargin}{-4.54997pt}.

[226]
Underfull \hbox (badness 6625) in paragraph at lines 10617--10618
[]\TU/Inter(0)/b/n/8 ma-ka-rono[]\TU/CharisSIL(0)/m/it/8 (Koquarto) \TU/CharisS
IL(0)/m/n/8 Pa-sto ek

Underfull \hbox (badness 6032) in paragraph at lines 10621--10622
[]\TU/Inter(0)/b/n/8 ma-kio[]\TU/CharisSIL(0)/m/it/8 (zool) \TU/CharisSIL(0)/m/
n/8 Si-mio kun longa

Underfull \hbox (badness 7925) in paragraph at lines 10625--10626
\TU/CharisSIL(0)/m/n/8 ma-ku-leti diversa-kolora, qua,

Underfull \hbox (badness 10000) in paragraph at lines 10627--10628
[]\TU/Inter(0)/b/n/8 ma-kro-nu-kleo[]\TU/CharisSIL(0)/m/it/8 (biol) \TU/CharisS
IL(0)/m/n/8 La ma-xim

Underfull \hbox (badness 10000) in paragraph at lines 10649--10650
[]\TU/Inter(0)/b/n/8 ma-le-di-kar[]\TU/CharisSIL(0)/m/it/8 (trans)\TU/Inter(0)/
b/n/7 1. \TU/CharisSIL(0)/m/n/8 Advo-kar

Package fancyhdr Warning: \headheight is too small (12.0pt): 
(fancyhdr)                Make it at least 16.54997pt, for example:
(fancyhdr)                \setlength{\headheight}{16.54997pt}.
(fancyhdr)                You might also make \topmargin smaller to compensate:

(fancyhdr)                \addtolength{\topmargin}{-4.54997pt}.

[227]
Underfull \hbox (badness 5036) in paragraph at lines 10669--10670
\TU/CharisSIL(0)/m/n/8 fitanta, por maro-balno, por

Underfull \hbox (badness 10000) in paragraph at lines 10683--10684
[]\TU/Inter(0)/b/n/8 man-da-reno[]\TU/CharisSIL(0)/m/it/8 (olim) \TU/CharisSIL(
0)/m/n/8 En Chi-nia,

Underfull \hbox (badness 6995) in paragraph at lines 10683--10684
\TU/CharisSIL(0)/m/n/8 granda stat-employato, ci-vila

Underfull \hbox (badness 10000) in paragraph at lines 10693--10694
[]\TU/Inter(0)/b/n/8 man-do-lino[]\TU/CharisSIL(0)/m/it/8 (muziko) \TU/CharisSI
L(0)/m/n/8 Muzik-

Underfull \hbox (badness 10000) in paragraph at lines 10695--10696
[]\TU/Inter(0)/b/n/8 man-doro[]\TU/CharisSIL(0)/m/it/8 (muziko) \TU/CharisSIL(0
)/m/n/8 Muzik-

Package fancyhdr Warning: \headheight is too small (12.0pt): 
(fancyhdr)                Make it at least 16.54997pt, for example:
(fancyhdr)                \setlength{\headheight}{16.54997pt}.
(fancyhdr)                You might also make \topmargin smaller to compensate:

(fancyhdr)                \addtolength{\topmargin}{-4.54997pt}.

[228]

Package fancyhdr Warning: \headheight is too small (12.0pt): 
(fancyhdr)                Make it at least 16.54997pt, for example:
(fancyhdr)                \setlength{\headheight}{16.54997pt}.
(fancyhdr)                You might also make \topmargin smaller to compensate:

(fancyhdr)                \addtolength{\topmargin}{-4.54997pt}.

[229]
Underfull \hbox (badness 5954) in paragraph at lines 10747--10748
[]\TU/Inter(0)/b/n/8 man-sardo[]\TU/Inter(0)/b/n/7 1. \TU/CharisSIL(0)/m/n/8 Te
kto di qua la

Underfull \hbox (badness 10000) in paragraph at lines 10747--10748
\TU/CharisSIL(0)/m/n/8 kar-pen-turo esas qu-aze rup-

Underfull \hbox (badness 10000) in paragraph at lines 10775--10776
[]\TU/Inter(0)/b/n/8 ma-ra-smo[]\TU/CharisSIL(0)/m/it/8 (patol) \TU/CharisSIL(0
)/m/n/8 Lan-goro qua

Package fancyhdr Warning: \headheight is too small (12.0pt): 
(fancyhdr)                Make it at least 16.54997pt, for example:
(fancyhdr)                \setlength{\headheight}{16.54997pt}.
(fancyhdr)                You might also make \topmargin smaller to compensate:

(fancyhdr)                \addtolength{\topmargin}{-4.54997pt}.

[230]
Underfull \hbox (badness 10000) in paragraph at lines 10807--10808
[]\TU/Inter(0)/b/n/8 mar-kezo[]\TU/Inter(0)/b/n/7 1. \TU/CharisSIL(0)/m/n/8 (ol
im) Chefo di

Underfull \hbox (badness 10000) in paragraph at lines 10807--10808
\TU/CharisSIL(0)/m/n/8 do-meno an la fron-ti-ero di

Package fancyhdr Warning: \headheight is too small (12.0pt): 
(fancyhdr)                Make it at least 16.54997pt, for example:
(fancyhdr)                \setlength{\headheight}{16.54997pt}.
(fancyhdr)                You might also make \topmargin smaller to compensate:

(fancyhdr)                \addtolength{\topmargin}{-4.54997pt}.

[231]
Underfull \hbox (badness 10000) in paragraph at lines 10825--10826
[]\TU/Inter(0)/b/n/8 ma-ro-dar[]\TU/CharisSIL(0)/m/it/8 (netrans)\TU/Inter(0)/b
/n/7 1. \TU/CharisSIL(0)/m/n/8 (alu-dante

Underfull \hbox (badness 10000) in paragraph at lines 10831--10832
[]\TU/Inter(0)/b/n/8 mar-qu-izo[] \TU/CharisSIL(0)/m/n/8 Avan-tekto, maxim-

Underfull \hbox (badness 10000) in paragraph at lines 10839--10840
[]\TU/Inter(0)/b/n/8 mar-su-pi-alo[]\TU/CharisSIL(0)/m/it/8 (zool) \TU/CharisSI
L(0)/m/n/8 Qu-a-dri-pedo

Package fancyhdr Warning: \headheight is too small (12.0pt): 
(fancyhdr)                Make it at least 16.54997pt, for example:
(fancyhdr)                \setlength{\headheight}{16.54997pt}.
(fancyhdr)                You might also make \topmargin smaller to compensate:

(fancyhdr)                \addtolength{\topmargin}{-4.54997pt}.

[232]
Underfull \hbox (badness 10000) in paragraph at lines 10865--10866
[]\TU/Inter(0)/b/n/8 ma-siva[] \TU/CharisSIL(0)/m/n/8 Qua esas maso kom-

Underfull \hbox (badness 10000) in paragraph at lines 10883--10884
[]\TU/Inter(0)/b/n/8 ma-sto-donto[]\TU/CharisSIL(0)/m/it/8 (paleontol) \TU/Char
isSIL(0)/m/n/8 Ma-mi-

Package fancyhdr Warning: \headheight is too small (12.0pt): 
(fancyhdr)                Make it at least 16.54997pt, for example:
(fancyhdr)                \setlength{\headheight}{16.54997pt}.
(fancyhdr)                You might also make \topmargin smaller to compensate:

(fancyhdr)                \addtolength{\topmargin}{-4.54997pt}.

[233]
Underfull \hbox (badness 10000) in paragraph at lines 10917--10918
[]\TU/Inter(0)/b/n/8 ma-u-zo-leo[] \TU/CharisSIL(0)/m/n/8 Tombo mo-nu-

Underfull \hbox (badness 10000) in paragraph at lines 10921--10922
\TU/CharisSIL(0)/m/n/8 somito pri la eso-maniero

Underfull \hbox (badness 10000) in paragraph at lines 10921--10922
\TU/CharisSIL(0)/m/n/8 quan ex-pre-sas ad-jek-tivo od

Underfull \hbox (badness 10000) in paragraph at lines 10927--10928
[]\TU/Inter(0)/b/n/8 ma-yo-nezo[]\TU/CharisSIL(0)/m/it/8 (koquarto) \TU/CharisS
IL(0)/m/n/8 Sa-uco

Underfull \hbox (badness 7576) in paragraph at lines 10937--10938
[]\TU/Inter(0)/b/n/8 me[]\TU/CharisSIL(0)/m/it/8 (gram) \TU/CharisSIL(0)/m/n/8 
Pro-nomo per-so-nala,

Underfull \hbox (badness 10000) in paragraph at lines 10939--10940
[]\TU/Inter(0)/b/n/8 me-an-dro[]\TU/CharisSIL(0)/m/it/8 (arkitekt. Greka)

Package fancyhdr Warning: \headheight is too small (12.0pt): 
(fancyhdr)                Make it at least 16.54997pt, for example:
(fancyhdr)                \setlength{\headheight}{16.54997pt}.
(fancyhdr)                You might also make \topmargin smaller to compensate:

(fancyhdr)                \addtolength{\topmargin}{-4.54997pt}.

[234]
Underfull \hbox (badness 10000) in paragraph at lines 10975--10976
[]\TU/Inter(0)/b/n/8 me-ga-fono[]\TU/CharisSIL(0)/m/it/8 (akustiko) \TU/CharisS
IL(0)/m/n/8 Apa-rato

Underfull \hbox (badness 7722) in paragraph at lines 10981--10982
[]\TU/Inter(0)/b/n/8 me-ga-sporo[]\TU/CharisSIL(0)/m/it/8 (biol) \TU/CharisSIL(
0)/m/n/8 Si-no-nimo di

Underfull \hbox (badness 10000) in paragraph at lines 10989--10990
[]\TU/Inter(0)/b/n/8 me-ka-niko[] \TU/CharisSIL(0)/m/n/8 La ci-enco di la

Package fancyhdr Warning: \headheight is too small (12.0pt): 
(fancyhdr)                Make it at least 16.54997pt, for example:
(fancyhdr)                \setlength{\headheight}{16.54997pt}.
(fancyhdr)                You might also make \topmargin smaller to compensate:

(fancyhdr)                \addtolength{\topmargin}{-4.54997pt}.

[235]
Underfull \hbox (badness 6380) in paragraph at lines 11005--11006
[]\TU/Inter(0)/b/n/8 me-li-nito[]\TU/CharisSIL(0)/m/it/8 (kemio) \TU/CharisSIL(
0)/m/n/8 Mi-xuro ex-plo-

Underfull \hbox (badness 5175) in paragraph at lines 11007--11008
\TU/CharisSIL(0)/m/n/8 aquo al-ko-ho-li-zita e stomako-

Underfull \hbox (badness 10000) in paragraph at lines 11019--11020
[]\TU/Inter(0)/b/n/8 me-lo-pear[]\TU/CharisSIL(0)/m/it/8 (netrans) \TU/CharisSI
L(0)/m/n/8 Kan-tar rit-

Underfull \hbox (badness 10000) in paragraph at lines 11021--11022
[]\TU/Inter(0)/b/n/8 mem[]\TU/CharisSIL(0)/m/it/8 (gram) \TU/CharisSIL(0)/m/n/8
 Manier-adverbo

Package fancyhdr Warning: \headheight is too small (12.0pt): 
(fancyhdr)                Make it at least 16.54997pt, for example:
(fancyhdr)                \setlength{\headheight}{16.54997pt}.
(fancyhdr)                You might also make \topmargin smaller to compensate:

(fancyhdr)                \addtolength{\topmargin}{-4.54997pt}.

[236]
Underfull \hbox (badness 10000) in paragraph at lines 11087--11088
[]\TU/Inter(0)/b/n/8 mer-kato[]\TU/Inter(0)/b/n/7 1. \TU/CharisSIL(0)/m/n/8 Lok
o pu-blika ube

Package fancyhdr Warning: \headheight is too small (12.0pt): 
(fancyhdr)                Make it at least 16.54997pt, for example:
(fancyhdr)                \setlength{\headheight}{16.54997pt}.
(fancyhdr)                You might also make \topmargin smaller to compensate:

(fancyhdr)                \addtolength{\topmargin}{-4.54997pt}.

[237]
Underfull \hbox (badness 7613) in paragraph at lines 11103--11104
[]\TU/Inter(0)/b/n/8 me-ro-to-mio[]\TU/CharisSIL(0)/m/it/8 (biol) \TU/CharisSIL
(0)/m/n/8 Ope-raco qua

Underfull \hbox (badness 10000) in paragraph at lines 11123--11124
[]\TU/Inter(0)/b/n/8 me-ta-fra-zar[]\TU/CharisSIL(0)/m/it/8 (trans) \TU/CharisS
IL(0)/m/n/8 In-ter-pre-tar

Package fancyhdr Warning: \headheight is too small (12.0pt): 
(fancyhdr)                Make it at least 16.54997pt, for example:
(fancyhdr)                \setlength{\headheight}{16.54997pt}.
(fancyhdr)                You might also make \topmargin smaller to compensate:

(fancyhdr)                \addtolength{\topmargin}{-4.54997pt}.

[238]
Underfull \hbox (badness 5771) in paragraph at lines 11141--11142
\TU/CharisSIL(0)/m/n/8 CH4 ek la hi-do-kar-bidi sa-tu-

Underfull \hbox (badness 10000) in paragraph at lines 11151--11152
[]\TU/Inter(0)/b/n/8 me-tem-psi-koso[] \TU/CharisSIL(0)/m/n/8 Dok-trino qua

Underfull \hbox (badness 6575) in paragraph at lines 11151--11152
\TU/CharisSIL(0)/m/n/8 agno-skas exi-sti in-ter-se-qu-anta,

Underfull \hbox (badness 10000) in paragraph at lines 11157--11158
[]\TU/Inter(0)/b/n/8 me-ti-leno[]\TU/CharisSIL(0)/m/it/8 (kemio) \TU/CharisSIL(
0)/m/n/8 Ra-diko di-va-

Underfull \hbox (badness 10000) in paragraph at lines 11169--11170
[]\TU/Inter(0)/b/n/8 me-topo[]\TU/CharisSIL(0)/m/it/8 (arkitekturo) \TU/CharisS
IL(0)/m/n/8 In-ter-spaco

Package fancyhdr Warning: \headheight is too small (12.0pt): 
(fancyhdr)                Make it at least 16.54997pt, for example:
(fancyhdr)                \setlength{\headheight}{16.54997pt}.
(fancyhdr)                You might also make \topmargin smaller to compensate:

(fancyhdr)                \addtolength{\topmargin}{-4.54997pt}.

[239]
Underfull \hbox (badness 10000) in paragraph at lines 11179--11180
[]\TU/Inter(0)/b/n/8 me-tro-nomo[]\TU/CharisSIL(0)/m/it/8 (muziko) \TU/CharisSI
L(0)/m/n/8 In-stru-

Underfull \hbox (badness 10000) in paragraph at lines 11181--11182
[]\TU/Inter(0)/b/n/8 me-tro-po-lito[]\TU/CharisSIL(0)/m/it/8 (eklezio Greka)

Package fancyhdr Warning: \headheight is too small (12.0pt): 
(fancyhdr)                Make it at least 16.54997pt, for example:
(fancyhdr)                \setlength{\headheight}{16.54997pt}.
(fancyhdr)                You might also make \topmargin smaller to compensate:

(fancyhdr)                \addtolength{\topmargin}{-4.54997pt}.

[240]
Underfull \hbox (badness 5985) in paragraph at lines 11219--11220
[]\TU/Inter(0)/b/n/8 mi-kao[]\TU/CharisSIL(0)/m/it/8 (mineral) \TU/CharisSIL(0)
/m/n/8 Si-li-kato alu-mi-

Underfull \hbox (badness 10000) in paragraph at lines 11239--11240
[]\TU/Inter(0)/b/n/8 mi-kro-me-tro[]\TU/CharisSIL(0)/m/it/8 (metrologio) \TU/Ch
arisSIL(0)/m/n/8 In-stru-

Underfull \hbox (badness 7504) in paragraph at lines 11265--11266
[]\TU/Inter(0)/b/n/8 mi-li-ara[]\TU/CharisSIL(0)/m/it/8 (medic) \TU/CharisSIL(0
)/m/n/8 Qua pro-duk-tas,

Package fancyhdr Warning: \headheight is too small (12.0pt): 
(fancyhdr)                Make it at least 16.54997pt, for example:
(fancyhdr)                \setlength{\headheight}{16.54997pt}.
(fancyhdr)                You might also make \topmargin smaller to compensate:

(fancyhdr)                \addtolength{\topmargin}{-4.54997pt}.

[241]

Package fancyhdr Warning: \headheight is too small (12.0pt): 
(fancyhdr)                Make it at least 16.54997pt, for example:
(fancyhdr)                \setlength{\headheight}{16.54997pt}.
(fancyhdr)                You might also make \topmargin smaller to compensate:

(fancyhdr)                \addtolength{\topmargin}{-4.54997pt}.

[242]
Underfull \hbox (badness 10000) in paragraph at lines 11315--11316
\TU/CharisSIL(0)/m/n/8 di plumbo, sub-stanco farba,

Underfull \hbox (badness 10000) in paragraph at lines 11319--11320
[]\TU/Inter(0)/b/n/8 mi-no-ri-tato[] \TU/CharisSIL(0)/m/n/8 La qu-anto mi-nim

Underfull \hbox (badness 5133) in paragraph at lines 11329--11330
[]\TU/Inter(0)/b/n/8 mi-nuto[]\TU/Inter(0)/b/n/7 1. \TU/CharisSIL(0)/m/n/8 Si-s
a-de-kima parto di

Underfull \hbox (badness 7649) in paragraph at lines 11349--11350
[]\TU/Inter(0)/b/n/8 mi-ri-a-podo[]\TU/CharisSIL(0)/m/it/8 (zool) \TU/CharisSIL
(0)/m/n/8 Ani-malo ar-ti-

Underfull \hbox (badness 10000) in paragraph at lines 11355--11356
[]\TU/Inter(0)/b/n/8 mir-me-ko-le-ono[]\TU/CharisSIL(0)/m/it/8 (zool) \TU/Chari
sSIL(0)/m/n/8 In-sekto,

Underfull \hbox (badness 10000) in paragraph at lines 11357--11358
[]\TU/Inter(0)/b/n/8 miro[]\TU/CharisSIL(0)/m/it/8 (bot) \TU/CharisSIL(0)/m/n/8
 Gumo-rezino aro-

Package fancyhdr Warning: \headheight is too small (12.0pt): 
(fancyhdr)                Make it at least 16.54997pt, for example:
(fancyhdr)                \setlength{\headheight}{16.54997pt}.
(fancyhdr)                You might also make \topmargin smaller to compensate:

(fancyhdr)                \addtolength{\topmargin}{-4.54997pt}.

[243]
Underfull \hbox (badness 5667) in paragraph at lines 11361--11362
[]\TU/Inter(0)/b/n/8 mirto[]\TU/CharisSIL(0)/m/it/8 (bot) \TU/CharisSIL(0)/m/n/
8 Ar-bo-reto kun flori

Package fancyhdr Warning: \headheight is too small (12.0pt): 
(fancyhdr)                Make it at least 16.54997pt, for example:
(fancyhdr)                \setlength{\headheight}{16.54997pt}.
(fancyhdr)                You might also make \topmargin smaller to compensate:

(fancyhdr)                \addtolength{\topmargin}{-4.54997pt}.

[244]
Underfull \hbox (badness 10000) in paragraph at lines 11413--11414
[]\TU/Inter(0)/b/n/8 mo-de-rar[]\TU/CharisSIL(0)/m/it/8 (trans) \TU/CharisSIL(0
)/m/n/8 Fo-ri-gar de

Underfull \hbox (badness 8113) in paragraph at lines 11417--11418
[]\TU/Inter(0)/b/n/8 mo-de-sta[]\TU/Inter(0)/b/n/7 1. \TU/CharisSIL(0)/m/n/8 Fo
r lu-xego, brilo,

Package fancyhdr Warning: \headheight is too small (12.0pt): 
(fancyhdr)                Make it at least 16.54997pt, for example:
(fancyhdr)                \setlength{\headheight}{16.54997pt}.
(fancyhdr)                You might also make \topmargin smaller to compensate:

(fancyhdr)                \addtolength{\topmargin}{-4.54997pt}.

[245]
Underfull \hbox (badness 7704) in paragraph at lines 11433--11434
\TU/CharisSIL(0)/m/n/8 ulo) la ob-jekto di desprizo-

Underfull \hbox (badness 10000) in paragraph at lines 11437--11438
[]\TU/Inter(0)/b/n/8 mola[]\TU/Inter(0)/b/n/7 1. \TU/CharisSIL(0)/m/n/8 Qua ce-
das fa-cile ye

Underfull \hbox (badness 6268) in paragraph at lines 11449--11450
[]\TU/Inter(0)/b/n/8 mo-libdo[]\TU/CharisSIL(0)/m/it/8 (kemio) \TU/CharisSIL(0)
/m/n/8 Korpo sim-pla,

Package fancyhdr Warning: \headheight is too small (12.0pt): 
(fancyhdr)                Make it at least 16.54997pt, for example:
(fancyhdr)                \setlength{\headheight}{16.54997pt}.
(fancyhdr)                You might also make \topmargin smaller to compensate:

(fancyhdr)                \addtolength{\topmargin}{-4.54997pt}.

[246]
Underfull \hbox (badness 10000) in paragraph at lines 11483--11484
[]\TU/Inter(0)/b/n/8 mo-ni-sto[] \TU/CharisSIL(0)/m/n/8 Adepto di mo-ni-

Underfull \hbox (badness 10000) in paragraph at lines 11485--11486
[]\TU/Inter(0)/b/n/8 mo-ni-toro[] \TU/CharisSIL(0)/m/n/8 Milito-navo, di tun-

Underfull \hbox (badness 10000) in paragraph at lines 11489--11490
[]\TU/Inter(0)/b/n/8 mo-no-droma[]\TU/CharisSIL(0)/m/it/8 (matem) \TU/CharisSIL
(0)/m/n/8 Fun-ci-ono

Underfull \hbox (badness 5460) in paragraph at lines 11489--11490
\TU/CharisSIL(0)/m/n/8 mo-no-droma, in-terne di areo

Underfull \hbox (badness 6332) in paragraph at lines 11493--11494
[]\TU/Inter(0)/b/n/8 mo-no-gena[]\TU/CharisSIL(0)/m/it/8 (biol) \TU/CharisSIL(0
)/m/n/8 Qua agas ta

Underfull \hbox (badness 10000) in paragraph at lines 11505--11506
[]\TU/Inter(0)/b/n/8 mo-no-kroma[] \TU/CharisSIL(0)/m/n/8 Qua esas un-

Underfull \hbox (badness 10000) in paragraph at lines 11507--11508
[]\TU/Inter(0)/b/n/8 mo-no-lito[] \TU/CharisSIL(0)/m/n/8 Mo-nu-mento (ko-lono,

Underfull \hbox (badness 10000) in paragraph at lines 11515--11516
[]\TU/Inter(0)/b/n/8 mo-no-sperma[]\TU/CharisSIL(0)/m/it/8 (bot) \TU/CharisSIL(
0)/m/n/8 Di qua la

Underfull \hbox (badness 10000) in paragraph at lines 11517--11518
[]\TU/Inter(0)/b/n/8 mo-no-te-i-smo[] \TU/CharisSIL(0)/m/n/8 Kredo ye deo

Underfull \hbox (badness 5008) in paragraph at lines 11523--11524
\TU/CharisSIL(0)/m/n/8 esas kontre-natura. (mi-tol.)

Underfull \hbox (badness 10000) in paragraph at lines 11523--11524
\TU/CharisSIL(0)/m/n/8 Ento ma-li-gna, kun formo

Package fancyhdr Warning: \headheight is too small (12.0pt): 
(fancyhdr)                Make it at least 16.54997pt, for example:
(fancyhdr)                \setlength{\headheight}{16.54997pt}.
(fancyhdr)                You might also make \topmargin smaller to compensate:

(fancyhdr)                \addtolength{\topmargin}{-4.54997pt}.

[247]
Underfull \hbox (badness 10000) in paragraph at lines 11529--11530
[]\TU/Inter(0)/b/n/8 mon-trar[]\TU/CharisSIL(0)/m/it/8 (trans., ad)\TU/Inter(0)
/b/n/7 1. \TU/CharisSIL(0)/m/n/8 Vi-di-

Underfull \hbox (badness 10000) in paragraph at lines 11541--11542
[]\TU/Inter(0)/b/n/8 mor-dar[]\TU/CharisSIL(0)/m/it/8 (trans)\TU/Inter(0)/b/n/7
 1. \TU/CharisSIL(0)/m/n/8 En-ta-mar per

Underfull \hbox (badness 10000) in paragraph at lines 11567--11568
[]\TU/Inter(0)/b/n/8 mor-ta-delo[] \TU/CharisSIL(0)/m/n/8 Grosa so-ci-sego ek

Underfull \hbox (badness 10000) in paragraph at lines 11569--11570
[]\TU/Inter(0)/b/n/8 mor-tar[]\TU/CharisSIL(0)/m/it/8 (netrans) \TU/CharisSIL(0
)/m/n/8 Ce-sar vi-var.

Package fancyhdr Warning: \headheight is too small (12.0pt): 
(fancyhdr)                Make it at least 16.54997pt, for example:
(fancyhdr)                \setlength{\headheight}{16.54997pt}.
(fancyhdr)                You might also make \topmargin smaller to compensate:

(fancyhdr)                \addtolength{\topmargin}{-4.54997pt}.

[248]
Underfull \hbox (badness 10000) in paragraph at lines 11573--11574
[]\TU/Inter(0)/b/n/8 mor-tezo[]\TU/CharisSIL(0)/m/it/8 (teknol) \TU/CharisSIL(0
)/m/n/8 En-ta-li-uro en

Underfull \hbox (badness 6876) in paragraph at lines 11587--11588
[]\TU/Inter(0)/b/n/8 mo-skito[]\TU/CharisSIL(0)/m/it/8 (zool) \TU/CharisSIL(0)/
m/n/8 In-sekto dip-tera,

Underfull \hbox (badness 10000) in paragraph at lines 11607--11608
[]\TU/Inter(0)/b/n/8 mo-vi-mento[]\TU/CharisSIL(0)/m/it/8 (muziko) \TU/CharisSI
L(0)/m/n/8 Rapideso-

Underfull \hbox (badness 10000) in paragraph at lines 11617--11618
[]\TU/Inter(0)/b/n/8 mu-ci-lajo[]\TU/Inter(0)/b/n/7 1. \TU/CharisSIL(0)/m/n/8 S
ub-stanco vi-skoza

Underfull \hbox (badness 10000) in paragraph at lines 11617--11618
\TU/CharisSIL(0)/m/n/8 quan kon-te-nas ula ve-je-

Package fancyhdr Warning: \headheight is too small (12.0pt): 
(fancyhdr)                Make it at least 16.54997pt, for example:
(fancyhdr)                \setlength{\headheight}{16.54997pt}.
(fancyhdr)                You might also make \topmargin smaller to compensate:

(fancyhdr)                \addtolength{\topmargin}{-4.54997pt}.

[249]
Underfull \hbox (badness 5091) in paragraph at lines 11625--11626
\TU/CharisSIL(0)/m/n/8 Sar-di-nia, Gre-kia)\TU/CharisSIL(0)/m/it/8 L. ovis mu-

Underfull \hbox (badness 10000) in paragraph at lines 11643--11644
[]\TU/Inter(0)/b/n/8 mul-ti-forma[]\TU/CharisSIL(0)/m/it/8 (matem) \TU/CharisSI
L(0)/m/n/8 Fun-ci-ono

Underfull \hbox (badness 10000) in paragraph at lines 11659--11660
[]\TU/Inter(0)/b/n/8 mur-mu-rar[]\TU/CharisSIL(0)/m/it/8 (netrans)\TU/Inter(0)/
b/n/7 1. \TU/CharisSIL(0)/m/n/8 Ex-ha-lar

Underfull \hbox (badness 10000) in paragraph at lines 11659--11660
\TU/CharisSIL(0)/m/n/8 qu-aza la-mento ma-tida, ne-

Underfull \hbox (badness 5622) in paragraph at lines 11667--11668
\TU/CharisSIL(0)/m/n/8 la fa-mi-lio « mu-skidi »\TU/CharisSIL(0)/m/it/8 L. 
mu-

Package fancyhdr Warning: \headheight is too small (12.0pt): 
(fancyhdr)                Make it at least 16.54997pt, for example:
(fancyhdr)                \setlength{\headheight}{16.54997pt}.
(fancyhdr)                You might also make \topmargin smaller to compensate:

(fancyhdr)                \addtolength{\topmargin}{-4.54997pt}.

[250]
Underfull \hbox (badness 10000) in paragraph at lines 11681--11682
[]\TU/Inter(0)/b/n/8 mu-slo[]\TU/CharisSIL(0)/m/it/8 (zool) \TU/CharisSIL(0)/m/
n/8 Mo-lu-sko bi-valva,

Underfull \hbox (badness 10000) in paragraph at lines 11687--11688
[]\TU/Inter(0)/b/n/8 mu-star[]\TU/CharisSIL(0)/m/it/8 (trans) \TU/CharisSIL(0)/
m/n/8 Ko-ak-te-sar ne-

Underfull \hbox (badness 10000) in paragraph at lines 11695--11696
[]\TU/Inter(0)/b/n/8 mu-ti-lar[]\TU/CharisSIL(0)/m/it/8 (trans)\TU/Inter(0)/b/n
/7 1. \TU/CharisSIL(0)/m/n/8 Al-te-rar (la

Package fancyhdr Warning: \headheight is too small (12.0pt): 
(fancyhdr)                Make it at least 16.54997pt, for example:
(fancyhdr)                \setlength{\headheight}{16.54997pt}.
(fancyhdr)                You might also make \topmargin smaller to compensate:

(fancyhdr)                \addtolength{\topmargin}{-4.54997pt}.

[251]
Underfull \hbox (badness 10000) in paragraph at lines 11730--11731
[]\TU/Inter(0)/b/n/8 naf-ta-lino[]\TU/CharisSIL(0)/m/it/8 (kemio) \TU/CharisSIL
(0)/m/n/8 Hi-dro-kar-bido

Underfull \hbox (badness 10000) in paragraph at lines 11754--11755
[]\TU/Inter(0)/b/n/8 nar-ko-tar[]\TU/CharisSIL(0)/m/it/8 (netrans) \TU/CharisSI
L(0)/m/n/8 Esar en ta

Underfull \hbox (badness 5652) in paragraph at lines 11756--11757
[]\TU/Inter(0)/b/n/8 nar-valo[]\TU/CharisSIL(0)/m/it/8 (zool) \TU/CharisSIL(0)/
m/n/8 Ce-ta-ceo di qua

Package fancyhdr Warning: \headheight is too small (12.0pt): 
(fancyhdr)                Make it at least 16.54997pt, for example:
(fancyhdr)                \setlength{\headheight}{16.54997pt}.
(fancyhdr)                You might also make \topmargin smaller to compensate:

(fancyhdr)                \addtolength{\topmargin}{-4.54997pt}.

[252]
Underfull \hbox (badness 10000) in paragraph at lines 11770--11771
[]\TU/Inter(0)/b/n/8 na-u-fra-jar[]\TU/CharisSIL(0)/m/it/8 (netrans) \TU/Charis
SIL(0)/m/n/8 Di-ce-sas pri

Underfull \hbox (badness 10000) in paragraph at lines 11800--11801
[]\TU/Inter(0)/b/n/8 ne-go-ciar[]\TU/CharisSIL(0)/m/it/8 (trans) \TU/CharisSIL(
0)/m/n/8 Me-di-a-car por

Underfull \hbox (badness 10000) in paragraph at lines 11806--11807
[]\TU/Inter(0)/b/n/8 ne-kro-bi-oso[]\TU/CharisSIL(0)/m/it/8 (patol) \TU/CharisS
IL(0)/m/n/8 Mo-di-fi-keso

Underfull \hbox (badness 10000) in paragraph at lines 11812--11813
[]\TU/Inter(0)/b/n/8 ne-kro-polo[]\TU/Inter(0)/b/n/7 1. \TU/CharisSIL(0)/m/n/8 
(epoki an-ti-qua)

Package fancyhdr Warning: \headheight is too small (12.0pt): 
(fancyhdr)                Make it at least 16.54997pt, for example:
(fancyhdr)                \setlength{\headheight}{16.54997pt}.
(fancyhdr)                You might also make \topmargin smaller to compensate:

(fancyhdr)                \addtolength{\topmargin}{-4.54997pt}.

[253]
Underfull \hbox (badness 10000) in paragraph at lines 11826--11827
[]\TU/Inter(0)/b/n/8 ne-o-la-marc-ki-smo[]\TU/CharisSIL(0)/m/it/8 (biol) \TU/Ch
arisSIL(0)/m/n/8 Te-o-rio

Underfull \hbox (badness 10000) in paragraph at lines 11842--11843
[]\TU/Inter(0)/b/n/8 ne-re-ido[]\TU/CharisSIL(0)/m/it/8 (mitol) \TU/CharisSIL(0
)/m/n/8 Nimfo di

Underfull \hbox (badness 10000) in paragraph at lines 11860--11861
[]\TU/Inter(0)/b/n/8 ne-vral-gio[]\TU/CharisSIL(0)/m/it/8 (patol) \TU/CharisSIL
(0)/m/n/8 Do-loro ner-

Package fancyhdr Warning: \headheight is too small (12.0pt): 
(fancyhdr)                Make it at least 16.54997pt, for example:
(fancyhdr)                \setlength{\headheight}{16.54997pt}.
(fancyhdr)                You might also make \topmargin smaller to compensate:

(fancyhdr)                \addtolength{\topmargin}{-4.54997pt}.

[254]
Underfull \hbox (badness 10000) in paragraph at lines 11890--11891
[]\TU/Inter(0)/b/n/8 ni-ke-lino[]\TU/CharisSIL(0)/m/it/8 (kemio) \TU/CharisSIL(
0)/m/n/8 Alo-yuro ek

Underfull \hbox (badness 10000) in paragraph at lines 11894--11895
[]\TU/Inter(0)/b/n/8 ni-ko-tino[]\TU/CharisSIL(0)/m/it/8 (kemio) \TU/CharisSIL(
0)/m/n/8 Al-ka-lo-ido ve-

Underfull \hbox (badness 5622) in paragraph at lines 11910--11911
[]\TU/Inter(0)/b/n/8 *ni-uzo[]\TU/CharisSIL(0)/m/it/8 (tekn) \TU/CharisSIL(0)/m
/n/8 (alu-dante jur-nali,

Package fancyhdr Warning: \headheight is too small (12.0pt): 
(fancyhdr)                Make it at least 16.54997pt, for example:
(fancyhdr)                \setlength{\headheight}{16.54997pt}.
(fancyhdr)                You might also make \topmargin smaller to compensate:

(fancyhdr)                \addtolength{\topmargin}{-4.54997pt}.

[255]
Underfull \hbox (badness 10000) in paragraph at lines 11940--11941
[]\TU/Inter(0)/b/n/8 no-mado[] \TU/CharisSIL(0)/m/n/8 Qua ne ha-vas re-zi-

Underfull \hbox (badness 10000) in paragraph at lines 11948--11949
[]\TU/Inter(0)/b/n/8 no-mi-nar[]\TU/CharisSIL(0)/m/it/8 (trans) \TU/CharisSIL(0
)/m/n/8 Gran-tar ti-tulo,

Underfull \hbox (badness 10000) in paragraph at lines 11950--11951
[]\TU/Inter(0)/b/n/8 no-mi-na-tivo[]\TU/CharisSIL(0)/m/it/8 (gram)\TU/Inter(0)/
b/n/7 1. \TU/CharisSIL(0)/m/n/8 Deklino-

Underfull \hbox (badness 10000) in paragraph at lines 11960--11961
\TU/CharisSIL(0)/m/n/8 kak-tuso\TU/CharisSIL(0)/m/it/8 L. opun-tia co-co-i-nil-
li-

Package fancyhdr Warning: \headheight is too small (12.0pt): 
(fancyhdr)                Make it at least 16.54997pt, for example:
(fancyhdr)                \setlength{\headheight}{16.54997pt}.
(fancyhdr)                You might also make \topmargin smaller to compensate:

(fancyhdr)                \addtolength{\topmargin}{-4.54997pt}.

[256]
Underfull \hbox (badness 5431) in paragraph at lines 11978--11979
\TU/CharisSIL(0)/m/n/8 uzante por lo la formo ofi-

Underfull \hbox (badness 10000) in paragraph at lines 11982--11983
[]\TU/Inter(0)/b/n/8 nova[]\TU/Inter(0)/b/n/7 1. \TU/CharisSIL(0)/m/n/8 Qua apa
-ras une-sma-

Underfull \hbox (badness 10000) in paragraph at lines 11984--11985
\TU/CharisSIL(0)/m/n/8 pagina) pri aven-turo in-te-re-

Underfull \hbox (badness 10000) in paragraph at lines 11986--11987
[]\TU/Inter(0)/b/n/8 no-vem-bro[] \TU/CharisSIL(0)/m/n/8 La mo-nato dek-ed-

Underfull \hbox (badness 10000) in paragraph at lines 12002--12003
[]\TU/Inter(0)/b/n/8 nudlo[]\TU/CharisSIL(0)/m/it/8 (koquarto) \TU/CharisSIL(0)
/m/n/8 Sin-gla de la

Package fancyhdr Warning: \headheight is too small (12.0pt): 
(fancyhdr)                Make it at least 16.54997pt, for example:
(fancyhdr)                \setlength{\headheight}{16.54997pt}.
(fancyhdr)                You might also make \topmargin smaller to compensate:

(fancyhdr)                \addtolength{\topmargin}{-4.54997pt}.

[257]
Underfull \hbox (badness 10000) in paragraph at lines 12030--12031
[]\TU/Inter(0)/b/n/8 nun-cio[] \TU/CharisSIL(0)/m/n/8 Am-ba-sa-di-sto di la

Underfull \hbox (badness 5119) in paragraph at lines 12036--12037
\TU/CharisSIL(0)/m/n/8 la kozi ne-cesa por lua sub-

Underfull \hbox (badness 10000) in paragraph at lines 12045--12046
[]\TU/Inter(0)/b/n/8 obe-li-sko[] \TU/CharisSIL(0)/m/n/8 Mo-nu-mento (maxim-

Underfull \hbox (badness 10000) in paragraph at lines 12045--12046
\TU/CharisSIL(0)/m/n/8 multa-kaze mo-no-lita) ta-liita

Underfull \hbox (badness 10000) in paragraph at lines 12045--12046
\TU/CharisSIL(0)/m/n/8 forme di agulo qu-a-dran-

Underfull \hbox (badness 10000) in paragraph at lines 12053--12054
\TU/CharisSIL(0)/m/n/8 ronde, uzata por si-glar ku-

Package fancyhdr Warning: \headheight is too small (12.0pt): 
(fancyhdr)                Make it at least 16.54997pt, for example:
(fancyhdr)                \setlength{\headheight}{16.54997pt}.
(fancyhdr)                You might also make \topmargin smaller to compensate:

(fancyhdr)                \addtolength{\topmargin}{-4.54997pt}.

[258]
Underfull \hbox (badness 6001) in paragraph at lines 12073--12074
[]\TU/Inter(0)/b/n/8 ob-ser-var[]\TU/CharisSIL(0)/m/it/8 (trans) \TU/CharisSIL(
0)/m/n/8 Re-gar-dar kun

Underfull \hbox (badness 10000) in paragraph at lines 12077--12078
[]\TU/Inter(0)/b/n/8 ob-si-di-ano[]\TU/CharisSIL(0)/m/it/8 (mineral) \TU/Charis
SIL(0)/m/n/8 Sub-stanco

Underfull \hbox (badness 10000) in paragraph at lines 12077--12078
\TU/CharisSIL(0)/m/n/8 obskure-verda, te-naca, bele-

Underfull \hbox (badness 10000) in paragraph at lines 12079--12080
[]\TU/Inter(0)/b/n/8 ob-skura[]\TU/Inter(0)/b/n/7 1. \TU/CharisSIL(0)/m/n/8 Qua
 esas sen-

Underfull \hbox (badness 10000) in paragraph at lines 12089--12090
[]\TU/Inter(0)/b/n/8 ob-struk-tar[]\TU/CharisSIL(0)/m/it/8 (trans)\TU/Inter(0)/
b/n/7 1. \TU/CharisSIL(0)/m/n/8 Em-ba-ra-

Underfull \hbox (badness 10000) in paragraph at lines 12109--12110
\TU/CharisSIL(0)/m/n/8 per mo-vado al-ter-nanta kon-

Package fancyhdr Warning: \headheight is too small (12.0pt): 
(fancyhdr)                Make it at least 16.54997pt, for example:
(fancyhdr)                \setlength{\headheight}{16.54997pt}.
(fancyhdr)                You might also make \topmargin smaller to compensate:

(fancyhdr)                \addtolength{\topmargin}{-4.54997pt}.

[259]
Underfull \hbox (badness 10000) in paragraph at lines 12129--12130
[]\TU/Inter(0)/b/n/8 odo-rar[]\TU/CharisSIL(0)/m/it/8 (netrans) (alu-dante ula

Underfull \hbox (badness 10000) in paragraph at lines 12141--12142
[]\TU/Inter(0)/b/n/8 ofi-kle-ido[]\TU/CharisSIL(0)/m/it/8 (muziko) \TU/CharisSI
L(0)/m/n/8 Sufl-

Underfull \hbox (badness 10000) in paragraph at lines 12161--12162
[]\TU/Inter(0)/b/n/8 oka-rino[]\TU/CharisSIL(0)/m/it/8 (muziko) \TU/CharisSIL(0
)/m/n/8 Muzik-

Underfull \hbox (badness 10000) in paragraph at lines 12163--12164
[]\TU/Inter(0)/b/n/8 oka-zi-ono[]\TU/Inter(0)/b/n/7 1. \TU/CharisSIL(0)/m/n/8 C
ir-kon-stanco qua

Underfull \hbox (badness 10000) in paragraph at lines 12163--12164
\TU/CharisSIL(0)/m/n/8 even-tas opor-tune\TU/Inter(0)/b/n/7 2. \TU/CharisSIL(0)
/m/n/8 Cir-kon-

Package fancyhdr Warning: \headheight is too small (12.0pt): 
(fancyhdr)                Make it at least 16.54997pt, for example:
(fancyhdr)                \setlength{\headheight}{16.54997pt}.
(fancyhdr)                You might also make \topmargin smaller to compensate:

(fancyhdr)                \addtolength{\topmargin}{-4.54997pt}.

[260]
Underfull \hbox (badness 10000) in paragraph at lines 12187--12188
\TU/CharisSIL(0)/m/n/8 astro) Ce-lar per in-ter-po-zar

Underfull \hbox (badness 5681) in paragraph at lines 12213--12214
[]\TU/Inter(0)/b/n/8 omento[]\TU/CharisSIL(0)/m/it/8 (kirurgio) \TU/CharisSIL(0
)/m/n/8 Granda ri-fal-

Package fancyhdr Warning: \headheight is too small (12.0pt): 
(fancyhdr)                Make it at least 16.54997pt, for example:
(fancyhdr)                \setlength{\headheight}{16.54997pt}.
(fancyhdr)                You might also make \topmargin smaller to compensate:

(fancyhdr)                \addtolength{\topmargin}{-4.54997pt}.

[261]
Underfull \hbox (badness 10000) in paragraph at lines 12227--12228
[]\TU/Inter(0)/b/n/8 ona-gro[]\TU/Inter(0)/b/n/7 1. \TU/CharisSIL(0)/m/n/8 (zoo
l.) Asno so-

Underfull \hbox (badness 5260) in paragraph at lines 12227--12228
\TU/CharisSIL(0)/m/n/8 vaja\TU/Inter(0)/b/n/7 2. \TU/CharisSIL(0)/m/n/8 (mi-li-
tarto). *Asiejo-

Underfull \hbox (badness 10000) in paragraph at lines 12249--12250
[]\TU/Inter(0)/b/n/8 oo-ge-nezo[]\TU/CharisSIL(0)/m/it/8 (biol) \TU/CharisSIL(0
)/m/n/8 For-maco di

Underfull \hbox (badness 5924) in paragraph at lines 12253--12254
[]\TU/Inter(0)/b/n/8 oo-lito[]\TU/CharisSIL(0)/m/it/8 (geol) \TU/CharisSIL(0)/m
/n/8 Kal-kajo ek mi-kra

Underfull \hbox (badness 10000) in paragraph at lines 12265--12266
[]\TU/Inter(0)/b/n/8 opalo[]\TU/CharisSIL(0)/m/it/8 (geol) \TU/CharisSIL(0)/m/n
/8 La-pido vol-ka-nala,

Package fancyhdr Warning: \headheight is too small (12.0pt): 
(fancyhdr)                Make it at least 16.54997pt, for example:
(fancyhdr)                \setlength{\headheight}{16.54997pt}.
(fancyhdr)                You might also make \topmargin smaller to compensate:

(fancyhdr)                \addtolength{\topmargin}{-4.54997pt}.

[262]
Underfull \hbox (badness 10000) in paragraph at lines 12273--12274
[]\TU/Inter(0)/b/n/8 opi-ato[]\TU/Inter(0)/b/n/7 1. \TU/CharisSIL(0)/m/n/8 Elek
-tu-a-rio opi-u-

Underfull \hbox (badness 5548) in paragraph at lines 12275--12276
[]\TU/Inter(0)/b/n/8 opi-ni-o-nar[]\TU/CharisSIL(0)/m/it/8 (netrans) \TU/Charis
SIL(0)/m/n/8 Enun-car to

Underfull \hbox (badness 10000) in paragraph at lines 12281--12282
[]\TU/Inter(0)/b/n/8 opo-del-doko[]\TU/CharisSIL(0)/m/it/8 (farmacio) \TU/Chari
sSIL(0)/m/n/8 Me-di-ka-

Underfull \hbox (badness 10000) in paragraph at lines 12311--12312
\TU/CharisSIL(0)/m/n/8 qua iras, propra-move, ula

Package fancyhdr Warning: \headheight is too small (12.0pt): 
(fancyhdr)                Make it at least 16.54997pt, for example:
(fancyhdr)                \setlength{\headheight}{16.54997pt}.
(fancyhdr)                You might also make \topmargin smaller to compensate:

(fancyhdr)                \addtolength{\topmargin}{-4.54997pt}.

[263]
Underfull \hbox (badness 10000) in paragraph at lines 12323--12324
[]\TU/Inter(0)/b/n/8 or-do-nanco[]\TU/CharisSIL(0)/m/it/8 (armeo)\TU/Inter(0)/b
/n/7 1. \TU/CharisSIL(0)/m/n/8 Ser-vi-sto

Underfull \hbox (badness 10000) in paragraph at lines 12327--12328
[]\TU/Inter(0)/b/n/8 ore-li-ono[]\TU/CharisSIL(0)/m/it/8 (patol) \TU/CharisSIL(
0)/m/n/8 In-fluro di la

Underfull \hbox (badness 7486) in paragraph at lines 12343--12344
\TU/CharisSIL(0)/m/n/8 de ele-menti, koor-di-nita tale

Underfull \hbox (badness 10000) in paragraph at lines 12343--12344
\TU/CharisSIL(0)/m/n/8 ke exe-ku-te-sas fun-ci-ono spe-

Underfull \hbox (badness 6876) in paragraph at lines 12359--12360
[]\TU/Inter(0)/b/n/8 ori-gino[]\TU/Inter(0)/b/n/7 1. \TU/CharisSIL(0)/m/n/8 Dep
arto-punto (loko,

Package fancyhdr Warning: \headheight is too small (12.0pt): 
(fancyhdr)                Make it at least 16.54997pt, for example:
(fancyhdr)                \setlength{\headheight}{16.54997pt}.
(fancyhdr)                You might also make \topmargin smaller to compensate:

(fancyhdr)                \addtolength{\topmargin}{-4.54997pt}.

[264]
Underfull \hbox (badness 10000) in paragraph at lines 12385--12386
[]\TU/Inter(0)/b/n/8 oro-gra-fio[] \TU/CharisSIL(0)/m/n/8 De-skripto di la

Underfull \hbox (badness 10000) in paragraph at lines 12413--12414
[]\TU/Inter(0)/b/n/8 or-top-tika[]\TU/CharisSIL(0)/m/it/8 (matem) (pri kurvo)

Package fancyhdr Warning: \headheight is too small (12.0pt): 
(fancyhdr)                Make it at least 16.54997pt, for example:
(fancyhdr)                \setlength{\headheight}{16.54997pt}.
(fancyhdr)                You might also make \topmargin smaller to compensate:

(fancyhdr)                \addtolength{\topmargin}{-4.54997pt}.

[265]
Underfull \hbox (badness 5022) in paragraph at lines 12451--12452
[]\TU/Inter(0)/b/n/8 otal-gio[]\TU/CharisSIL(0)/m/it/8 (patol) \TU/CharisSIL(0)
/m/n/8 Ne-vral-gio di la

Package fancyhdr Warning: \headheight is too small (12.0pt): 
(fancyhdr)                Make it at least 16.54997pt, for example:
(fancyhdr)                \setlength{\headheight}{16.54997pt}.
(fancyhdr)                You might also make \topmargin smaller to compensate:

(fancyhdr)                \addtolength{\topmargin}{-4.54997pt}.

[266]
Underfull \hbox (badness 10000) in paragraph at lines 12479--12480
[]\TU/Inter(0)/b/n/8 oxi-dazo[]\TU/CharisSIL(0)/m/it/8 (kemio bi-o-lo-gi-ala) \
TU/CharisSIL(0)/m/n/8 Fer-

Underfull \hbox (badness 10000) in paragraph at lines 12496--12497
[]\TU/Inter(0)/b/n/8 pa-car[]\TU/CharisSIL(0)/m/it/8 (netrans)\TU/Inter(0)/b/n/
7 1. \TU/CharisSIL(0)/m/n/8 Ne mi-li-

Package fancyhdr Warning: \headheight is too small (12.0pt): 
(fancyhdr)                Make it at least 16.54997pt, for example:
(fancyhdr)                \setlength{\headheight}{16.54997pt}.
(fancyhdr)                You might also make \topmargin smaller to compensate:

(fancyhdr)                \addtolength{\topmargin}{-4.54997pt}.

[267]
Underfull \hbox (badness 10000) in paragraph at lines 12502--12503
[]\TU/Inter(0)/b/n/8 pa-delo[] \TU/CharisSIL(0)/m/n/8 Im-ple-mento ko-qu-e-yala
,

Underfull \hbox (badness 10000) in paragraph at lines 12528--12529
\TU/CharisSIL(0)/m/n/8 in-ter-li-gita, en-vol-vita ad-

Package fancyhdr Warning: \headheight is too small (12.0pt): 
(fancyhdr)                Make it at least 16.54997pt, for example:
(fancyhdr)                \setlength{\headheight}{16.54997pt}.
(fancyhdr)                You might also make \topmargin smaller to compensate:

(fancyhdr)                \addtolength{\topmargin}{-4.54997pt}.

[268]
Underfull \hbox (badness 10000) in paragraph at lines 12558--12559
[]\TU/Inter(0)/b/n/8 pa-le-stro[]\TU/CharisSIL(0)/m/it/8 (en la epoki an-ti-qua
)

Underfull \hbox (badness 10000) in paragraph at lines 12562--12563
[]\TU/Inter(0)/b/n/8 pa-li-a-tar[]\TU/CharisSIL(0)/m/it/8 (trans) \TU/CharisSIL
(0)/m/n/8 Min-gra-vi-gar

Underfull \hbox (badness 10000) in paragraph at lines 12564--12565
[]\TU/Inter(0)/b/n/8 pa-lim-pse-sto[]\TU/CharisSIL(0)/m/it/8 (paleogr) \TU/Char
isSIL(0)/m/n/8 Ma-nu-

Underfull \hbox (badness 10000) in paragraph at lines 12570--12571
[]\TU/Inter(0)/b/n/8 pa-li-sado[]\TU/Inter(0)/b/n/7 1. \TU/CharisSIL(0)/m/n/8 K
lo-zilo ek planki,

Package fancyhdr Warning: \headheight is too small (12.0pt): 
(fancyhdr)                Make it at least 16.54997pt, for example:
(fancyhdr)                \setlength{\headheight}{16.54997pt}.
(fancyhdr)                You might also make \topmargin smaller to compensate:

(fancyhdr)                \addtolength{\topmargin}{-4.54997pt}.

[269]
Underfull \hbox (badness 10000) in paragraph at lines 12634--12635
[]\TU/Inter(0)/b/n/8 pan-mi-xio[]\TU/CharisSIL(0)/m/it/8 (biol) \TU/CharisSIL(0
)/m/n/8 Par-to-preno da

Underfull \hbox (badness 7869) in paragraph at lines 12640--12641
[]\TU/Inter(0)/b/n/8 pan-sar[]\TU/CharisSIL(0)/m/it/8 (trans) (ki-rurg) \TU/Cha
risSIL(0)/m/n/8 Trak-tar

Underfull \hbox (badness 8019) in paragraph at lines 12662--12663
[]\TU/Inter(0)/b/n/8 pa-pa-vero[]\TU/CharisSIL(0)/m/it/8 (bot) \TU/CharisSIL(0)
/m/n/8 Planto nar-ko-ti-

Package fancyhdr Warning: \headheight is too small (12.0pt): 
(fancyhdr)                Make it at least 16.54997pt, for example:
(fancyhdr)                \setlength{\headheight}{16.54997pt}.
(fancyhdr)                You might also make \topmargin smaller to compensate:

(fancyhdr)                \addtolength{\topmargin}{-4.54997pt}.

[270]
Underfull \hbox (badness 10000) in paragraph at lines 12678--12679
[]\TU/Inter(0)/b/n/8 pa-priko[]\TU/CharisSIL(0)/m/it/8 (bot) \TU/CharisSIL(0)/m
/n/8 Va-ri-e-tato di pi-

Underfull \hbox (badness 5862) in paragraph at lines 12686--12687
[]\TU/Inter(0)/b/n/8 pa-ra-bolo[]\TU/Inter(0)/b/n/7 1. \TU/CharisSIL(0)/m/n/8 (
re-to-riko) Ale-go-rio

Underfull \hbox (badness 10000) in paragraph at lines 12702--12703
[]\TU/Inter(0)/b/n/8 pa-ra-fra-zar[]\TU/CharisSIL(0)/m/it/8 (trans) \TU/CharisS
IL(0)/m/n/8 De-ve-lo-par

Underfull \hbox (badness 7362) in paragraph at lines 12704--12705
[]\TU/Inter(0)/b/n/8 pa-ra-grafo[] \TU/CharisSIL(0)/m/n/8 Seg-mento di cha-pi-

Underfull \hbox (badness 7256) in paragraph at lines 12708--12709
[]\TU/Inter(0)/b/n/8 pa-ra-lela[]\TU/CharisSIL(0)/m/it/8 (geom) (alu-dante rekt
i,

Underfull \hbox (badness 10000) in paragraph at lines 12710--12711
[]\TU/Inter(0)/b/n/8 pa-ra-le-le-pi-pedo[]\TU/CharisSIL(0)/m/it/8 (geom) \TU/Ch
arisSIL(0)/m/n/8 So-lido

Package fancyhdr Warning: \headheight is too small (12.0pt): 
(fancyhdr)                Make it at least 16.54997pt, for example:
(fancyhdr)                \setlength{\headheight}{16.54997pt}.
(fancyhdr)                You might also make \topmargin smaller to compensate:

(fancyhdr)                \addtolength{\topmargin}{-4.54997pt}.

[271]
Underfull \hbox (badness 10000) in paragraph at lines 12716--12717
[]\TU/Inter(0)/b/n/8 pa-ra-lo-gi-smo[] \TU/CharisSIL(0)/m/n/8 Re-zono ne-ko-

Underfull \hbox (badness 6157) in paragraph at lines 12724--12725
[]\TU/Inter(0)/b/n/8 pa-ra-nu-kle-ino[]\TU/CharisSIL(0)/m/it/8 (kemio biol) \TU
/CharisSIL(0)/m/n/8 Sub-

Underfull \hbox (badness 10000) in paragraph at lines 12728--12729
[]\TU/Inter(0)/b/n/8 pa-ra-pla-smo[]\TU/CharisSIL(0)/m/it/8 (kemio biol) \TU/Ch
arisSIL(0)/m/n/8 Sub-

Underfull \hbox (badness 5161) in paragraph at lines 12746--12747
[]\TU/Inter(0)/b/n/8 par-he-lio[]\TU/CharisSIL(0)/m/it/8 (astron) \TU/CharisSIL
(0)/m/n/8 Fe-no-meno lu-

Package fancyhdr Warning: \headheight is too small (12.0pt): 
(fancyhdr)                Make it at least 16.54997pt, for example:
(fancyhdr)                \setlength{\headheight}{16.54997pt}.
(fancyhdr)                You might also make \topmargin smaller to compensate:

(fancyhdr)                \addtolength{\topmargin}{-4.54997pt}.

[272]
Underfull \hbox (badness 6526) in paragraph at lines 12760--12761
[]\TU/Inter(0)/b/n/8 par-le-men-tar[]\TU/CharisSIL(0)/m/it/8 (netrans) \TU/Char
isSIL(0)/m/n/8 Kon-fe-rar,

Underfull \hbox (badness 7433) in paragraph at lines 12762--12763
[]\TU/Inter(0)/b/n/8 paro[]\TU/Inter(0)/b/n/7 1. \TU/CharisSIL(0)/m/n/8 Duo de 
kozi od ani-

Underfull \hbox (badness 10000) in paragraph at lines 12764--12765
[]\TU/Inter(0)/b/n/8 pa-ro-diar[]\TU/CharisSIL(0)/m/it/8 (trans) \TU/CharisSIL(
0)/m/n/8 Imi-tar, de-for-

Underfull \hbox (badness 10000) in paragraph at lines 12764--12765
\TU/CharisSIL(0)/m/n/8 mante (lu) bur-le-ske, verko

Underfull \hbox (badness 10000) in paragraph at lines 12768--12769
\TU/CharisSIL(0)/m/n/8 artikulo-linguo\TU/Inter(0)/b/n/7 2. \TU/CharisSIL(0)/m/
n/8 Ex-pre-sar

Underfull \hbox (badness 10000) in paragraph at lines 12768--12769
\TU/CharisSIL(0)/m/n/8 sua penso per la artikulo-

Underfull \hbox (badness 5847) in paragraph at lines 12788--12789
\TU/CharisSIL(0)/m/n/8 a-tro) Ta parto di spektaklo-

Underfull \hbox (badness 10000) in paragraph at lines 12796--12797
[]\TU/Inter(0)/b/n/8 par-ti-kulo[]\TU/Inter(0)/b/n/7 1. \TU/CharisSIL(0)/m/n/8 
Parto mi-krega di

Package fancyhdr Warning: \headheight is too small (12.0pt): 
(fancyhdr)                Make it at least 16.54997pt, for example:
(fancyhdr)                \setlength{\headheight}{16.54997pt}.
(fancyhdr)                You might also make \topmargin smaller to compensate:

(fancyhdr)                \addtolength{\topmargin}{-4.54997pt}.

[273]
Underfull \hbox (badness 10000) in paragraph at lines 12808--12809
[]\TU/Inter(0)/b/n/8 par-tu-rar[]\TU/CharisSIL(0)/m/it/8 (trans) (alu-dante pa-


Underfull \hbox (badness 10000) in paragraph at lines 12814--12815
[]\TU/Inter(0)/b/n/8 pa-sa-jar[]\TU/CharisSIL(0)/m/it/8 (netrans) \TU/CharisSIL
(0)/m/n/8 Vo-ya-jar per

Underfull \hbox (badness 6741) in paragraph at lines 12826--12827
\TU/CharisSIL(0)/m/n/8 pe-tu-oza, di la psiko ad to

Underfull \hbox (badness 10000) in paragraph at lines 12842--12843
[]\TU/Inter(0)/b/n/8 pa-steto[] \TU/CharisSIL(0)/m/n/8 Ku-kajo qua kon-te-nas

Package fancyhdr Warning: \headheight is too small (12.0pt): 
(fancyhdr)                Make it at least 16.54997pt, for example:
(fancyhdr)                \setlength{\headheight}{16.54997pt}.
(fancyhdr)                You might also make \topmargin smaller to compensate:

(fancyhdr)                \addtolength{\topmargin}{-4.54997pt}.

[274]
Underfull \hbox (badness 5667) in paragraph at lines 12852--12853
\TU/CharisSIL(0)/m/n/8 qua edu-kas e gar-das be-sti-o-

Underfull \hbox (badness 10000) in paragraph at lines 12876--12877
[]\TU/Inter(0)/b/n/8 pa-to-gena[]\TU/CharisSIL(0)/m/it/8 (patol) \TU/CharisSIL(
0)/m/n/8 Qua ge-ni-tas

Underfull \hbox (badness 5302) in paragraph at lines 12884--12885
[]\TU/Inter(0)/b/n/8 pa-tri-arko[]\TU/Inter(0)/b/n/7 1. \TU/CharisSIL(0)/m/n/8 
(bi-blo). Familio-

Underfull \hbox (badness 10000) in paragraph at lines 12892--12893
[]\TU/Inter(0)/b/n/8 pa-tri-ota[] \TU/CharisSIL(0)/m/n/8 De-vota por sua pa-

Package fancyhdr Warning: \headheight is too small (12.0pt): 
(fancyhdr)                Make it at least 16.54997pt, for example:
(fancyhdr)                \setlength{\headheight}{16.54997pt}.
(fancyhdr)                You might also make \topmargin smaller to compensate:

(fancyhdr)                \addtolength{\topmargin}{-4.54997pt}.

[275]
Underfull \hbox (badness 10000) in paragraph at lines 12910--12911
[]\TU/Inter(0)/b/n/8 pa-vi-li-ono[]\TU/Inter(0)/b/n/7 1. \TU/CharisSIL(0)/m/n/8
 Edi-fico qua su-

Underfull \hbox (badness 10000) in paragraph at lines 12910--12911
\TU/CharisSIL(0)/m/n/8 per-sta-cas la kon-struk-turi ce-

Underfull \hbox (badness 10000) in paragraph at lines 12916--12917
[]\TU/Inter(0)/b/n/8 pa-vo-rar[]\TU/CharisSIL(0)/m/it/8 (netrans) \TU/CharisSIL
(0)/m/n/8 Su-bi-sar ta

Package fancyhdr Warning: \headheight is too small (12.0pt): 
(fancyhdr)                Make it at least 16.54997pt, for example:
(fancyhdr)                \setlength{\headheight}{16.54997pt}.
(fancyhdr)                You might also make \topmargin smaller to compensate:

(fancyhdr)                \addtolength{\topmargin}{-4.54997pt}.

[276]
Underfull \hbox (badness 10000) in paragraph at lines 12954--12955
[]\TU/Inter(0)/b/n/8 pe-jo-ra-tiva[]\TU/CharisSIL(0)/m/it/8 (gram) \TU/CharisSI
L(0)/m/n/8 Qua do-nas

Underfull \hbox (badness 10000) in paragraph at lines 12954--12955
\TU/CharisSIL(0)/m/n/8 senco des-fa-vo-roza, de-spri-zi-

Underfull \hbox (badness 5189) in paragraph at lines 12964--12965
\TU/CharisSIL(0)/m/n/8 quan kon-te-nas la frukti ma-

Package fancyhdr Warning: \headheight is too small (12.0pt): 
(fancyhdr)                Make it at least 16.54997pt, for example:
(fancyhdr)                \setlength{\headheight}{16.54997pt}.
(fancyhdr)                You might also make \topmargin smaller to compensate:

(fancyhdr)                \addtolength{\topmargin}{-4.54997pt}.

[277]
Underfull \hbox (badness 6944) in paragraph at lines 13008--13009
[]\TU/Inter(0)/b/n/8 pen-den-tivo[]\TU/CharisSIL(0)/m/it/8 (arkitekt) \TU/Chari
sSIL(0)/m/n/8 Parto de

Underfull \hbox (badness 5519) in paragraph at lines 13012--13013
[]\TU/Inter(0)/b/n/8 pe-ne-trar[]\TU/Inter(0)/b/n/7 1. \TU/CharisSIL(0)/m/n/8 (
ne-trans.) Eni-rar

Underfull \hbox (badness 10000) in paragraph at lines 13018--13019
[]\TU/Inter(0)/b/n/8 pe-ni-ten-car[]\TU/CharisSIL(0)/m/it/8 (netrans) (re-li-

Underfull \hbox (badness 10000) in paragraph at lines 13022--13023
[]\TU/Inter(0)/b/n/8 pen-si-o-nar[]\TU/CharisSIL(0)/m/it/8 (trans) \TU/CharisSI
L(0)/m/n/8 Pa-gar sen-

Underfull \hbox (badness 10000) in paragraph at lines 13022--13023
\TU/CharisSIL(0)/m/n/8 intermanke, sive a stat-

Underfull \hbox (badness 10000) in paragraph at lines 13032--13033
[]\TU/Inter(0)/b/n/8 pen-ta-me-tro[] \TU/CharisSIL(0)/m/n/8 Verso de kin

Underfull \hbox (badness 10000) in paragraph at lines 13034--13035
[]\TU/Inter(0)/b/n/8 pen-tatlo[]\TU/CharisSIL(0)/m/it/8 (en la epoki an-ti-qua)


Package fancyhdr Warning: \headheight is too small (12.0pt): 
(fancyhdr)                Make it at least 16.54997pt, for example:
(fancyhdr)                \setlength{\headheight}{16.54997pt}.
(fancyhdr)                You might also make \topmargin smaller to compensate:

(fancyhdr)                \addtolength{\topmargin}{-4.54997pt}.

[278]
Underfull \hbox (badness 10000) in paragraph at lines 13050--13051
[]\TU/Inter(0)/b/n/8 per-char[]\TU/CharisSIL(0)/m/it/8 (netrans) (alu-dante la

Underfull \hbox (badness 10000) in paragraph at lines 13104--13105
\TU/CharisSIL(0)/m/n/8 juro\TU/Inter(0)/b/n/7 2. \TU/CharisSIL(0)/m/n/8 Vi-o-la
-car sua juro-

Package fancyhdr Warning: \headheight is too small (12.0pt): 
(fancyhdr)                Make it at least 16.54997pt, for example:
(fancyhdr)                \setlength{\headheight}{16.54997pt}.
(fancyhdr)                You might also make \topmargin smaller to compensate:

(fancyhdr)                \addtolength{\topmargin}{-4.54997pt}.

[279]
Underfull \hbox (badness 10000) in paragraph at lines 13106--13107
[]\TU/Inter(0)/b/n/8 per-ka-lino[] \TU/CharisSIL(0)/m/n/8 Per-kalo tin-tita e

Underfull \hbox (badness 10000) in paragraph at lines 13112--13113
[]\TU/Inter(0)/b/n/8 per-ku-tar[]\TU/CharisSIL(0)/m/it/8 (trans)\TU/Inter(0)/b/
n/7 1. \TU/CharisSIL(0)/m/n/8 (me-di-cino).

Underfull \hbox (badness 10000) in paragraph at lines 13126--13127
\TU/CharisSIL(0)/m/n/8 bro di la judicio-korto re-

Underfull \hbox (badness 10000) in paragraph at lines 13130--13131
[]\TU/Inter(0)/b/n/8 pe-rono[]\TU/CharisSIL(0)/m/it/8 (arkitekt) \TU/CharisSIL(
0)/m/n/8 Eska-lero de

Underfull \hbox (badness 5954) in paragraph at lines 13144--13145
[]\TU/Inter(0)/b/n/8 per-qu-i-si-tar[]\TU/CharisSIL(0)/m/it/8 (netrans) \TU/Cha
risSIL(0)/m/n/8 (che ulu).

Underfull \hbox (badness 10000) in paragraph at lines 13148--13149
[]\TU/Inter(0)/b/n/8 per-se-quar[]\TU/CharisSIL(0)/m/it/8 (trans) \TU/CharisSIL
(0)/m/n/8 Se-quar pro-

Underfull \hbox (badness 10000) in paragraph at lines 13150--13151
[]\TU/Inter(0)/b/n/8 per-se-ve-rar[]\TU/CharisSIL(0)/m/it/8 (netrans) \TU/Chari
sSIL(0)/m/n/8 Per-ma-nar

Package fancyhdr Warning: \headheight is too small (12.0pt): 
(fancyhdr)                Make it at least 16.54997pt, for example:
(fancyhdr)                \setlength{\headheight}{16.54997pt}.
(fancyhdr)                You might also make \topmargin smaller to compensate:

(fancyhdr)                \addtolength{\topmargin}{-4.54997pt}.

[280]
Underfull \hbox (badness 10000) in paragraph at lines 13158--13159
[]\TU/Inter(0)/b/n/8 per-si-star[]\TU/CharisSIL(0)/m/it/8 (netrans) \TU/CharisS
IL(0)/m/n/8 Per-ma-nar

Underfull \hbox (badness 10000) in paragraph at lines 13164--13165
[]\TU/Inter(0)/b/n/8 per-su-a-dar[]\TU/CharisSIL(0)/m/it/8 (trans) (ulu,

Underfull \hbox (badness 10000) in paragraph at lines 13166--13167
[]\TU/Inter(0)/b/n/8 per-tur-bar[]\TU/CharisSIL(0)/m/it/8 (trans)\TU/Inter(0)/b
/n/7 1. \TU/CharisSIL(0)/m/n/8 De-sor-di-nar

Underfull \hbox (badness 8038) in paragraph at lines 13172--13173
[]\TU/Inter(0)/b/n/8 per-versa[] \TU/CharisSIL(0)/m/n/8 Qua ha-vas ten-denci

Underfull \hbox (badness 10000) in paragraph at lines 13172--13173
\TU/CharisSIL(0)/m/n/8 o gu-sto ne-normala, kontre-

Underfull \hbox (badness 10000) in paragraph at lines 13186--13187
[]\TU/Inter(0)/b/n/8 pe-tardo[]\TU/Inter(0)/b/n/7 1. \TU/CharisSIL(0)/m/n/8 Ex-
plo-zivo por de-

Underfull \hbox (badness 10000) in paragraph at lines 13204--13205
[]\TU/Inter(0)/b/n/8 pe-tro-selo[]\TU/CharisSIL(0)/m/it/8 (bot) \TU/CharisSIL(0
)/m/n/8 Planto legum-

Underfull \hbox (badness 10000) in paragraph at lines 13204--13205
\TU/CharisSIL(0)/m/n/8 uzata pre-ci-pue kom kon-di-

Package fancyhdr Warning: \headheight is too small (12.0pt): 
(fancyhdr)                Make it at least 16.54997pt, for example:
(fancyhdr)                \setlength{\headheight}{16.54997pt}.
(fancyhdr)                You might also make \topmargin smaller to compensate:

(fancyhdr)                \addtolength{\topmargin}{-4.54997pt}.

[281]
Underfull \hbox (badness 10000) in paragraph at lines 13206--13207
\TU/CharisSIL(0)/m/n/8 vi-va-ceso per agito bru-i-soza;

Underfull \hbox (badness 10000) in paragraph at lines 13208--13209
[]\TU/Inter(0)/b/n/8 pe-tu-nio[]\TU/CharisSIL(0)/m/it/8 (bot) \TU/CharisSIL(0)/
m/n/8 Or-na-men-tala

Underfull \hbox (badness 5345) in paragraph at lines 13232--13233
\TU/CharisSIL(0)/m/n/8 celi, ek la fa-mi-lio « fal-ko-ni-

Underfull \hbox (badness 5711) in paragraph at lines 13242--13243
[]\TU/Inter(0)/b/n/8 pi-kar[]\TU/CharisSIL(0)/m/it/8 (trans)\TU/Inter(0)/b/n/7 
1. \TU/CharisSIL(0)/m/n/8 En-ta-mar ne-pro-

Package fancyhdr Warning: \headheight is too small (12.0pt): 
(fancyhdr)                Make it at least 16.54997pt, for example:
(fancyhdr)                \setlength{\headheight}{16.54997pt}.
(fancyhdr)                You might also make \topmargin smaller to compensate:

(fancyhdr)                \addtolength{\topmargin}{-4.54997pt}.

[282]
Underfull \hbox (badness 10000) in paragraph at lines 13254--13255
[]\TU/Inter(0)/b/n/8 pik-tar[]\TU/CharisSIL(0)/m/it/8 (trans) \TU/CharisSIL(0)/
m/n/8 Re-pre-zen-tar per

Underfull \hbox (badness 10000) in paragraph at lines 13280--13281
[]\TU/Inter(0)/b/n/8 pi-na-klo[]\TU/CharisSIL(0)/m/it/8 (arkitekt) \TU/CharisSI
L(0)/m/n/8 Tekto-

Package fancyhdr Warning: \headheight is too small (12.0pt): 
(fancyhdr)                Make it at least 16.54997pt, for example:
(fancyhdr)                \setlength{\headheight}{16.54997pt}.
(fancyhdr)                You might also make \topmargin smaller to compensate:

(fancyhdr)                \addtolength{\topmargin}{-4.54997pt}.

[283]
Underfull \hbox (badness 5548) in paragraph at lines 13294--13295
[]\TU/Inter(0)/b/n/8 pi-nio[]\TU/CharisSIL(0)/m/it/8 (bot) \TU/CharisSIL(0)/m/n
/8 Sorto di pino qua

Underfull \hbox (badness 10000) in paragraph at lines 13330--13331
[]\TU/Inter(0)/b/n/8 pi-riko[]\TU/CharisSIL(0)/m/it/8 (prozodio an-ti-qua) \TU/
CharisSIL(0)/m/n/8 Pedo

Package fancyhdr Warning: \headheight is too small (12.0pt): 
(fancyhdr)                Make it at least 16.54997pt, for example:
(fancyhdr)                \setlength{\headheight}{16.54997pt}.
(fancyhdr)                You might also make \topmargin smaller to compensate:

(fancyhdr)                \addtolength{\topmargin}{-4.54997pt}.

[284]
Underfull \hbox (badness 10000) in paragraph at lines 13332--13333
[]\TU/Inter(0)/b/n/8 pi-rito[]\TU/CharisSIL(0)/m/it/8 (mineral) \TU/CharisSIL(0
)/m/n/8 Sul-furo me-tala

Underfull \hbox (badness 6268) in paragraph at lines 13336--13337
[]\TU/Inter(0)/b/n/8 pi-ro-galo[]\TU/CharisSIL(0)/m/it/8 (kemio) \TU/CharisSIL(
0)/m/n/8 1-2-3 C6 H3

Underfull \hbox (badness 10000) in paragraph at lines 13346--13347
[]\TU/Inter(0)/b/n/8 pi-ro-ni-smo[]\TU/CharisSIL(0)/m/it/8 (filoz) \TU/CharisSI
L(0)/m/n/8 Dok-trino da

Package fancyhdr Warning: \headheight is too small (12.0pt): 
(fancyhdr)                Make it at least 16.54997pt, for example:
(fancyhdr)                \setlength{\headheight}{16.54997pt}.
(fancyhdr)                You might also make \topmargin smaller to compensate:

(fancyhdr)                \addtolength{\topmargin}{-4.54997pt}.

[285]
Underfull \hbox (badness 10000) in paragraph at lines 13378--13379
[]\TU/Inter(0)/b/n/8 pi-voto[]\TU/CharisSIL(0)/m/it/8 (mekan)\TU/Inter(0)/b/n/7
 1. \TU/CharisSIL(0)/m/n/8 Su-por-tilo di

Underfull \hbox (badness 10000) in paragraph at lines 13378--13379
\TU/CharisSIL(0)/m/n/8 la axo cir-kum qua ro-ta-cas

Underfull \hbox (badness 10000) in paragraph at lines 13402--13403
[]\TU/Inter(0)/b/n/8 pla-ni-me-trio[] \TU/CharisSIL(0)/m/n/8 Parto di ge-o-me-

Package fancyhdr Warning: \headheight is too small (12.0pt): 
(fancyhdr)                Make it at least 16.54997pt, for example:
(fancyhdr)                \setlength{\headheight}{16.54997pt}.
(fancyhdr)                You might also make \topmargin smaller to compensate:

(fancyhdr)                \addtolength{\topmargin}{-4.54997pt}.

[286]
Underfull \hbox (badness 5050) in paragraph at lines 13424--13425
[]\TU/Inter(0)/b/n/8 pla-smo[]\TU/CharisSIL(0)/m/it/8 (biol) \TU/CharisSIL(0)/m
/n/8 Parto li-qu-ida di

Underfull \hbox (badness 10000) in paragraph at lines 13428--13429
[]\TU/Inter(0)/b/n/8 pla-smo-dio[]\TU/CharisSIL(0)/m/it/8 (parazitologio) \TU/C
harisSIL(0)/m/n/8 Pa-ra-

Underfull \hbox (badness 10000) in paragraph at lines 13432--13433
[]\TU/Inter(0)/b/n/8 pla-smo-somo[]\TU/CharisSIL(0)/m/it/8 (histologio) \TU/Cha
risSIL(0)/m/n/8 Nu-kle-

Underfull \hbox (badness 10000) in paragraph at lines 13438--13439
\TU/CharisSIL(0)/m/n/8 ecepte la rezervo-substanci,

Underfull \hbox (badness 10000) in paragraph at lines 13438--13439
\TU/CharisSIL(0)/m/n/8 la ek-sekrecaji, la envelopo-

Package fancyhdr Warning: \headheight is too small (12.0pt): 
(fancyhdr)                Make it at least 16.54997pt, for example:
(fancyhdr)                \setlength{\headheight}{16.54997pt}.
(fancyhdr)                You might also make \topmargin smaller to compensate:

(fancyhdr)                \addtolength{\topmargin}{-4.54997pt}.

[287]
Underfull \hbox (badness 10000) in paragraph at lines 13456--13457
[]\TU/Inter(0)/b/n/8 plat-formo[]\TU/Inter(0)/b/n/7 1. \TU/CharisSIL(0)/m/n/8 K
o-vrilo ho-ri-zon-

Underfull \hbox (badness 10000) in paragraph at lines 13456--13457
\TU/CharisSIL(0)/m/n/8 tala di domo sen tekto-

Underfull \hbox (badness 10000) in paragraph at lines 13470--13471
\TU/CharisSIL(0)/m/n/8 pro-ce-sala) ko-ram la ju-di-cii-

Underfull \hbox (badness 10000) in paragraph at lines 13474--13475
[]\TU/Inter(0)/b/n/8 plek-tro[]\TU/CharisSIL(0)/m/it/8 (epoki an-ti-qua) \TU/Ch
arisSIL(0)/m/n/8 Mi-kra

Package fancyhdr Warning: \headheight is too small (12.0pt): 
(fancyhdr)                Make it at least 16.54997pt, for example:
(fancyhdr)                \setlength{\headheight}{16.54997pt}.
(fancyhdr)                You might also make \topmargin smaller to compensate:

(fancyhdr)                \addtolength{\topmargin}{-4.54997pt}.

[288]
Underfull \hbox (badness 10000) in paragraph at lines 13510--13511
[]\TU/Inter(0)/b/n/8 plinto[]\TU/CharisSIL(0)/m/it/8 (arkitekt)\TU/Inter(0)/b/n
/7 1. \TU/CharisSIL(0)/m/n/8 Ta-bulo qu-

Underfull \hbox (badness 10000) in paragraph at lines 13510--13511
\TU/CharisSIL(0)/m/n/8 a-drata qua for-ma-cas so-

Underfull \hbox (badness 10000) in paragraph at lines 13524--13525
[]\TU/Inter(0)/b/n/8 plu-gar[]\TU/CharisSIL(0)/m/it/8 (trans) \TU/CharisSIL(0)/
m/n/8 Aper-tar kultivo-

Underfull \hbox (badness 10000) in paragraph at lines 13536--13537
[]\TU/Inter(0)/b/n/8 plus[]\TU/Inter(0)/b/n/7 1. \TU/CharisSIL(0)/m/n/8 Ul-tre 
to; ad-jun-tenda

Package fancyhdr Warning: \headheight is too small (12.0pt): 
(fancyhdr)                Make it at least 16.54997pt, for example:
(fancyhdr)                \setlength{\headheight}{16.54997pt}.
(fancyhdr)                You might also make \topmargin smaller to compensate:

(fancyhdr)                \addtolength{\topmargin}{-4.54997pt}.

[289]
Underfull \hbox (badness 6157) in paragraph at lines 13542--13543
[]\TU/Inter(0)/b/n/8 plu-to-kra-tio[] \TU/CharisSIL(0)/m/n/8 Gu-verno da la ri-


Underfull \hbox (badness 5431) in paragraph at lines 13560--13561
[]\TU/Inter(0)/b/n/8 po-do-ido[]\TU/CharisSIL(0)/m/it/8 (matem) \TU/CharisSIL(0
)/m/n/8 Sin-gla de la

Underfull \hbox (badness 10000) in paragraph at lines 13562--13563
[]\TU/Inter(0)/b/n/8 po-emo[] \TU/CharisSIL(0)/m/n/8 Ver-saro pa-sa-ble

Package fancyhdr Warning: \headheight is too small (12.0pt): 
(fancyhdr)                Make it at least 16.54997pt, for example:
(fancyhdr)                \setlength{\headheight}{16.54997pt}.
(fancyhdr)                You might also make \topmargin smaller to compensate:

(fancyhdr)                \addtolength{\topmargin}{-4.54997pt}.

[290]
Underfull \hbox (badness 10000) in paragraph at lines 13602--13603
[]\TU/Inter(0)/b/n/8 po-li-kroma[] \TU/CharisSIL(0)/m/n/8 Qua esas plura-

Underfull \hbox (badness 6708) in paragraph at lines 13612--13613
\TU/CharisSIL(0)/m/n/8 la kapo ha-vas pe-ri-fe-rie pal-

Underfull \hbox (badness 10000) in paragraph at lines 13628--13629
[]\TU/Inter(0)/b/n/8 po-li-tiko[]\TU/Inter(0)/b/n/7 1. \TU/CharisSIL(0)/m/n/8 L
a arto gu-ver-nar

Underfull \hbox (badness 10000) in paragraph at lines 13628--13629
\TU/CharisSIL(0)/m/n/8 stato\TU/Inter(0)/b/n/7 2. \TU/CharisSIL(0)/m/n/8 La ma-
ni-ero di gu-

Package fancyhdr Warning: \headheight is too small (12.0pt): 
(fancyhdr)                Make it at least 16.54997pt, for example:
(fancyhdr)                \setlength{\headheight}{16.54997pt}.
(fancyhdr)                You might also make \topmargin smaller to compensate:

(fancyhdr)                \addtolength{\topmargin}{-4.54997pt}.

[291]
Underfull \hbox (badness 7256) in paragraph at lines 13656--13657
[]\TU/Inter(0)/b/n/8 pomo[]\TU/CharisSIL(0)/m/it/8 (bot) \TU/CharisSIL(0)/m/n/8
 Frukto sfera, kun

Underfull \hbox (badness 5431) in paragraph at lines 13662--13663
\TU/CharisSIL(0)/m/n/8 zega, quan onu vi-di-gas pro

Underfull \hbox (badness 5771) in paragraph at lines 13668--13669
[]\TU/Inter(0)/b/n/8 pon-de-rar[]\TU/CharisSIL(0)/m/it/8 (trans)\TU/Inter(0)/b/
n/7 1. \TU/CharisSIL(0)/m/n/8 Me-zu-rar la

Underfull \hbox (badness 10000) in paragraph at lines 13676--13677
[]\TU/Inter(0)/b/n/8 pon-ti-fiko[]\TU/Inter(0)/b/n/7 1. \TU/CharisSIL(0)/m/n/8 
Pa-storo di re-li-

Underfull \hbox (badness 5008) in paragraph at lines 13676--13677
\TU/CharisSIL(0)/m/n/8 gio\TU/Inter(0)/b/n/7 2. \TU/CharisSIL(0)/m/n/8 Che la k
a-to-liki :- epi-

Package fancyhdr Warning: \headheight is too small (12.0pt): 
(fancyhdr)                Make it at least 16.54997pt, for example:
(fancyhdr)                \setlength{\headheight}{16.54997pt}.
(fancyhdr)                You might also make \topmargin smaller to compensate:

(fancyhdr)                \addtolength{\topmargin}{-4.54997pt}.

[292]
Underfull \hbox (badness 6625) in paragraph at lines 13692--13693
[]\TU/Inter(0)/b/n/8 po-pu-lara[]\TU/Inter(0)/b/n/7 1. \TU/CharisSIL(0)/m/n/8 Q
ua esas kom-pre-

Underfull \hbox (badness 6792) in paragraph at lines 13706--13707
\TU/CharisSIL(0)/m/n/8 ge-nero « alio »\TU/CharisSIL(0)/m/it/8 L. al-lium p
or-

Underfull \hbox (badness 10000) in paragraph at lines 13708--13709
[]\TU/Inter(0)/b/n/8 por-firo[]\TU/CharisSIL(0)/m/it/8 (mineral) \TU/CharisSIL(
0)/m/n/8 Roko harda,

Underfull \hbox (badness 10000) in paragraph at lines 13710--13711
[]\TU/Inter(0)/b/n/8 po-ri-smo[]\TU/CharisSIL(0)/m/it/8 (geom) (an-ti-que) \TU/
CharisSIL(0)/m/n/8 Te-o-

Package fancyhdr Warning: \headheight is too small (12.0pt): 
(fancyhdr)                Make it at least 16.54997pt, for example:
(fancyhdr)                \setlength{\headheight}{16.54997pt}.
(fancyhdr)                You might also make \topmargin smaller to compensate:

(fancyhdr)                \addtolength{\topmargin}{-4.54997pt}.

[293]
Underfull \hbox (badness 6380) in paragraph at lines 13736--13737
[]\TU/Inter(0)/b/n/8 por-tu-lako[]\TU/CharisSIL(0)/m/it/8 (bot) \TU/CharisSIL(0
)/m/n/8 Supo-planto di

Underfull \hbox (badness 6364) in paragraph at lines 13750--13751
\TU/CharisSIL(0)/m/n/8 ko-mu-ni-kar kun la parto ex-

Underfull \hbox (badness 5077) in paragraph at lines 13758--13759
[]\TU/Inter(0)/b/n/8 post-po-zi-ci-ono[]\TU/CharisSIL(0)/m/it/8 (gram) \TU/Char
isSIL(0)/m/n/8 Par-ti-kulo

Underfull \hbox (badness 10000) in paragraph at lines 13766--13767
[]\TU/Inter(0)/b/n/8 po-stu-rar[]\TU/CharisSIL(0)/m/it/8 (netrans)\TU/Inter(0)/
b/n/7 1. \TU/CharisSIL(0)/m/n/8 (alu-dante

Underfull \hbox (badness 10000) in paragraph at lines 13776--13777
\TU/CharisSIL(0)/m/n/8 po-vas im-po-zar sua au-to-ri-

Package fancyhdr Warning: \headheight is too small (12.0pt): 
(fancyhdr)                Make it at least 16.54997pt, for example:
(fancyhdr)                \setlength{\headheight}{16.54997pt}.
(fancyhdr)                You might also make \topmargin smaller to compensate:

(fancyhdr)                \addtolength{\topmargin}{-4.54997pt}.

[294]
Underfull \hbox (badness 10000) in paragraph at lines 13808--13809
\TU/CharisSIL(0)/m/n/8 ulu (en ofico, pro-fe-si-ono,

Underfull \hbox (badness 10000) in paragraph at lines 13818--13819
[]\TU/Inter(0)/b/n/8 pre-ci-piso[]\TU/Inter(0)/b/n/7 1. \TU/CharisSIL(0)/m/n/8 
Pento tre

Underfull \hbox (badness 10000) in paragraph at lines 13822--13823
[]\TU/Inter(0)/b/n/8 pre-ci-pua[]\TU/Inter(0)/b/n/7 1. \TU/CharisSIL(0)/m/n/8 L
a ma-xim im-por-

Underfull \hbox (badness 10000) in paragraph at lines 13824--13825
\TU/CharisSIL(0)/m/n/8 in-klu-zita, li-mi-ti-zita, de-ter-mi-

Package fancyhdr Warning: \headheight is too small (12.0pt): 
(fancyhdr)                Make it at least 16.54997pt, for example:
(fancyhdr)                \setlength{\headheight}{16.54997pt}.
(fancyhdr)                You might also make \topmargin smaller to compensate:

(fancyhdr)                \addtolength{\topmargin}{-4.54997pt}.

[295]
Underfull \hbox (badness 10000) in paragraph at lines 13840--13841
[]\TU/Inter(0)/b/n/8 pre-fo-li-a-ci-ono[]\TU/CharisSIL(0)/m/it/8 (bot) \TU/Char
isSIL(0)/m/n/8 Dispozeso-

Underfull \hbox (badness 10000) in paragraph at lines 13842--13843
[]\TU/Inter(0)/b/n/8 pre-gar[]\TU/CharisSIL(0)/m/it/8 (trans., ulu, pri o

Underfull \hbox (badness 10000) in paragraph at lines 13846--13847
[]\TU/Inter(0)/b/n/8 pre-kara[]\TU/CharisSIL(0)/m/it/8 (Yurocienco) \TU/CharisS
IL(0)/m/n/8 Gran-tita

Underfull \hbox (badness 10000) in paragraph at lines 13864--13865
[]\TU/Inter(0)/b/n/8 pre-nar[]\TU/CharisSIL(0)/m/it/8 (trans., de, ek) \TU/Char
isSIL(0)/m/n/8 En-

Underfull \hbox (badness 10000) in paragraph at lines 13868--13869
[]\TU/Inter(0)/b/n/8 pre-pon-de-rar[]\TU/CharisSIL(0)/m/it/8 (netrans., pri, en
,

Underfull \hbox (badness 6252) in paragraph at lines 13874--13875
[]\TU/Inter(0)/b/n/8 pre-ro-ga-tivo[] \TU/CharisSIL(0)/m/n/8 Yuro atri-bu-ita a
d

Package fancyhdr Warning: \headheight is too small (12.0pt): 
(fancyhdr)                Make it at least 16.54997pt, for example:
(fancyhdr)                \setlength{\headheight}{16.54997pt}.
(fancyhdr)                You might also make \topmargin smaller to compensate:

(fancyhdr)                \addtolength{\topmargin}{-4.54997pt}.

[296]
Underfull \hbox (badness 10000) in paragraph at lines 13908--13909
[]\TU/Inter(0)/b/n/8 pre-ven-tar[]\TU/CharisSIL(0)/m/it/8 (trans) \TU/CharisSIL
(0)/m/n/8 Im-pe-dar la

Underfull \hbox (badness 7186) in paragraph at lines 13910--13911
\TU/CharisSIL(0)/m/n/8 la kazi kri-mi-nala en la ar-

Underfull \hbox (badness 10000) in paragraph at lines 13924--13925
[]\TU/Inter(0)/b/n/8 pri-ma-dono[] \TU/CharisSIL(0)/m/n/8 Kan-ti-stino fa-moza,


Underfull \hbox (badness 6396) in paragraph at lines 13928--13929
[]\TU/Inter(0)/b/n/8 pri-mato[]\TU/CharisSIL(0)/m/it/8 (eklezio ka-tol) \TU/Cha
risSIL(0)/m/n/8 Ar-ki-e-pi-

Package fancyhdr Warning: \headheight is too small (12.0pt): 
(fancyhdr)                Make it at least 16.54997pt, for example:
(fancyhdr)                \setlength{\headheight}{16.54997pt}.
(fancyhdr)                You might also make \topmargin smaller to compensate:

(fancyhdr)                \addtolength{\topmargin}{-4.54997pt}.

[297]
Underfull \hbox (badness 10000) in paragraph at lines 13978--13979
[]\TU/Inter(0)/b/n/8 pro-ce-si-o-nar[]\TU/CharisSIL(0)/m/it/8 (netrans)\TU/Inte
r(0)/b/n/7 1. \TU/CharisSIL(0)/m/n/8 I(alu-

Package fancyhdr Warning: \headheight is too small (12.0pt): 
(fancyhdr)                Make it at least 16.54997pt, for example:
(fancyhdr)                \setlength{\headheight}{16.54997pt}.
(fancyhdr)                You might also make \topmargin smaller to compensate:

(fancyhdr)                \addtolength{\topmargin}{-4.54997pt}.

[298]
Underfull \hbox (badness 10000) in paragraph at lines 14002--14003
[]\TU/Inter(0)/b/n/8 pro-fe-si-ono[] \TU/CharisSIL(0)/m/n/8 Sorto di agado

Underfull \hbox (badness 5189) in paragraph at lines 14012--14013
[]\TU/Inter(0)/b/n/8 pro-fi-tar[]\TU/CharisSIL(0)/m/it/8 (trans)\TU/Inter(0)/b/
n/7 1. \TU/CharisSIL(0)/m/n/8 Ek-ti-rar avan-

Underfull \hbox (badness 5288) in paragraph at lines 14022--14023
\TU/CharisSIL(0)/m/n/8 de ter-mini, in-ter qui la ra-

Package fancyhdr Warning: \headheight is too small (12.0pt): 
(fancyhdr)                Make it at least 16.54997pt, for example:
(fancyhdr)                \setlength{\headheight}{16.54997pt}.
(fancyhdr)                You might also make \topmargin smaller to compensate:

(fancyhdr)                \addtolength{\topmargin}{-4.54997pt}.

[299]
Underfull \hbox (badness 8075) in paragraph at lines 14032--14033
[]\TU/Inter(0)/b/n/8 pro-kla-mar[]\TU/CharisSIL(0)/m/it/8 (trans) \TU/CharisSIL
(0)/m/n/8 Anun-car pu-

Underfull \hbox (badness 10000) in paragraph at lines 14046--14047
[]\TU/Inter(0)/b/n/8 pro-le-pso[]\TU/CharisSIL(0)/m/it/8 (retoriko) \TU/CharisS
IL(0)/m/n/8 Fi-guro qua

Underfull \hbox (badness 10000) in paragraph at lines 14066--14067
[]\TU/Inter(0)/b/n/8 pro-mul-gar[]\TU/CharisSIL(0)/m/it/8 (trans) \TU/CharisSIL
(0)/m/n/8 Pu-bli-ki-gar

Package fancyhdr Warning: \headheight is too small (12.0pt): 
(fancyhdr)                Make it at least 16.54997pt, for example:
(fancyhdr)                \setlength{\headheight}{16.54997pt}.
(fancyhdr)                You might also make \topmargin smaller to compensate:

(fancyhdr)                \addtolength{\topmargin}{-4.54997pt}.

[300]
Underfull \hbox (badness 10000) in paragraph at lines 14080--14081
[]\TU/Inter(0)/b/n/8 pro-pa-gar[]\TU/CharisSIL(0)/m/it/8 (trans) \TU/CharisSIL(
0)/m/n/8 Di-sko-no-ci-gar

Underfull \hbox (badness 6078) in paragraph at lines 14080--14081
\TU/CharisSIL(0)/m/n/8 por plu-mul-ti-gar (sua) de-cen-

Underfull \hbox (badness 10000) in paragraph at lines 14086--14087
[]\TU/Inter(0)/b/n/8 pro-po-zar[]\TU/CharisSIL(0)/m/it/8 (trans) (ad)\TU/Inter(
0)/b/n/7 1. \TU/CharisSIL(0)/m/n/8 Po-zar

Underfull \hbox (badness 10000) in paragraph at lines 14098--14099
[]\TU/Inter(0)/b/n/8 pro-ro-gar[]\TU/Inter(0)/b/n/7 1. \TU/CharisSIL(0)/m/n/8 (
yu-ro-ci-enco) Ajor-

Underfull \hbox (badness 10000) in paragraph at lines 14114--14115
[]\TU/Inter(0)/b/n/8 pro-stato[]\TU/CharisSIL(0)/m/it/8 (anat) \TU/CharisSIL(0)
/m/n/8 Glando si-tu-ita

Package fancyhdr Warning: \headheight is too small (12.0pt): 
(fancyhdr)                Make it at least 16.54997pt, for example:
(fancyhdr)                \setlength{\headheight}{16.54997pt}.
(fancyhdr)                You might also make \topmargin smaller to compensate:

(fancyhdr)                \addtolength{\topmargin}{-4.54997pt}.

[301]
Underfull \hbox (badness 10000) in paragraph at lines 14120--14121
[]\TU/Inter(0)/b/n/8 pro-sti-tu-car[]\TU/CharisSIL(0)/m/it/8 (trans)\TU/Inter(0
)/b/n/7 1. \TU/CharisSIL(0)/m/n/8 (alu-dante

Underfull \hbox (badness 6493) in paragraph at lines 14132--14133
[]\TU/Inter(0)/b/n/8 pro-te-ci-o-nar[]\TU/CharisSIL(0)/m/it/8 (trans) (eko-no-m
iko)

Underfull \hbox (badness 5403) in paragraph at lines 14138--14139
[]\TU/Inter(0)/b/n/8 pro-tek-to-rato[]\TU/CharisSIL(0)/m/it/8 (politiko) \TU/Ch
arisSIL(0)/m/n/8 De-pendo

Package fancyhdr Warning: \headheight is too small (12.0pt): 
(fancyhdr)                Make it at least 16.54997pt, for example:
(fancyhdr)                \setlength{\headheight}{16.54997pt}.
(fancyhdr)                You might also make \topmargin smaller to compensate:

(fancyhdr)                \addtolength{\topmargin}{-4.54997pt}.

[302]
Underfull \hbox (badness 10000) in paragraph at lines 14154--14155
[]\TU/Inter(0)/b/n/8 pro-to-pla-smo[]\TU/CharisSIL(0)/m/it/8 (biol) \TU/CharisS
IL(0)/m/n/8 Sub-stanco

Underfull \hbox (badness 5490) in paragraph at lines 14162--14163
\TU/CharisSIL(0)/m/n/8 jeso prak-ti-kala, uzata da la

Underfull \hbox (badness 6284) in paragraph at lines 14172--14173
[]\TU/Inter(0)/b/n/8 pro-vo-kar[]\TU/CharisSIL(0)/m/it/8 (trans., ad) \TU/Chari
sSIL(0)/m/n/8 Eci-tar a

Package fancyhdr Warning: \headheight is too small (12.0pt): 
(fancyhdr)                Make it at least 16.54997pt, for example:
(fancyhdr)                \setlength{\headheight}{16.54997pt}.
(fancyhdr)                You might also make \topmargin smaller to compensate:

(fancyhdr)                \addtolength{\topmargin}{-4.54997pt}.

[303]
Underfull \hbox (badness 10000) in paragraph at lines 14200--14201
[]\TU/Inter(0)/b/n/8 pru-ri-tar[]\TU/CharisSIL(0)/m/it/8 (netrans) \TU/CharisSI
L(0)/m/n/8 Tale pri-klar

Underfull \hbox (badness 10000) in paragraph at lines 14206--14207
[]\TU/Inter(0)/b/n/8 psal-mo-diar[]\TU/CharisSIL(0)/m/it/8 (trans)\TU/Inter(0)/
b/n/7 1. \TU/CharisSIL(0)/m/n/8 (kirko).

Package fancyhdr Warning: \headheight is too small (12.0pt): 
(fancyhdr)                Make it at least 16.54997pt, for example:
(fancyhdr)                \setlength{\headheight}{16.54997pt}.
(fancyhdr)                You might also make \topmargin smaller to compensate:

(fancyhdr)                \addtolength{\topmargin}{-4.54997pt}.

[304]
Underfull \hbox (badness 10000) in paragraph at lines 14284--14285
[]\TU/Inter(0)/b/n/8 pul-sar[]\TU/CharisSIL(0)/m/it/8 (trans)\TU/Inter(0)/b/n/7
 1. \TU/CharisSIL(0)/m/n/8 Di-pla-sar per

Package fancyhdr Warning: \headheight is too small (12.0pt): 
(fancyhdr)                Make it at least 16.54997pt, for example:
(fancyhdr)                \setlength{\headheight}{16.54997pt}.
(fancyhdr)                You might also make \topmargin smaller to compensate:

(fancyhdr)                \addtolength{\topmargin}{-4.54997pt}.

[305]
Underfull \hbox (badness 10000) in paragraph at lines 14324--14325
[]\TU/Inter(0)/b/n/8 pur-gar[]\TU/CharisSIL(0)/m/it/8 (trans)\TU/Inter(0)/b/n/7
 1. \TU/CharisSIL(0)/m/n/8 Ku-ra-car per

Underfull \hbox (badness 10000) in paragraph at lines 14332--14333
[]\TU/Inter(0)/b/n/8 puso[]\TU/CharisSIL(0)/m/it/8 (patol) \TU/CharisSIL(0)/m/n
/8 Hu-moro mor-bala,

Package fancyhdr Warning: \headheight is too small (12.0pt): 
(fancyhdr)                Make it at least 16.54997pt, for example:
(fancyhdr)                \setlength{\headheight}{16.54997pt}.
(fancyhdr)                You might also make \topmargin smaller to compensate:

(fancyhdr)                \addtolength{\topmargin}{-4.54997pt}.

[306]
Underfull \hbox (badness 10000) in paragraph at lines 14353--14354
[]\TU/Inter(0)/b/n/8 qu-a-drato[]\TU/CharisSIL(0)/m/it/8 (geom) \TU/CharisSIL(0
)/m/n/8 Qu-a-dri-an-gulo

Underfull \hbox (badness 5592) in paragraph at lines 14363--14364
[]\TU/Inter(0)/b/n/8 qu-a-dri-li-ono[]\TU/CharisSIL(0)/m/it/8 (aritm) \TU/Chari
sSIL(0)/m/n/8 Mil bi-li-oni.

Underfull \hbox (badness 10000) in paragraph at lines 14367--14368
[]\TU/Inter(0)/b/n/8 qu-a-dri-remo[]\TU/CharisSIL(0)/m/it/8 (navig) \TU/CharisS
IL(0)/m/n/8 Navo kun

Package fancyhdr Warning: \headheight is too small (12.0pt): 
(fancyhdr)                Make it at least 16.54997pt, for example:
(fancyhdr)                \setlength{\headheight}{16.54997pt}.
(fancyhdr)                You might also make \topmargin smaller to compensate:

(fancyhdr)                \addtolength{\topmargin}{-4.54997pt}.

[307]
Underfull \hbox (badness 10000) in paragraph at lines 14385--14386
[]\TU/Inter(0)/b/n/8 qu-anta[] \TU/CharisSIL(0)/m/n/8 Vorto qua in-di-kas la

Underfull \hbox (badness 5274) in paragraph at lines 14385--14386
\TU/CharisSIL(0)/m/n/8 grado di mul-teso. (Ko-re-la-

Underfull \hbox (badness 10000) in paragraph at lines 14397--14398
[]\TU/Inter(0)/b/n/8 qu-ar-tebo[]\TU/CharisSIL(0)/m/it/8 (muziko)\TU/Inter(0)/b
/n/7 1. \TU/CharisSIL(0)/m/n/8 Mu-zi-kajo

Underfull \hbox (badness 10000) in paragraph at lines 14407--14408
[]\TU/Inter(0)/b/n/8 qu-arto[]\TU/Inter(0)/b/n/7 1. \TU/CharisSIL(0)/m/n/8 (mu-
ziko). Grado

Underfull \hbox (badness 7613) in paragraph at lines 14407--14408
\TU/CharisSIL(0)/m/n/8 qu-a-re-sma di la skalo di-a-to-

Package fancyhdr Warning: \headheight is too small (12.0pt): 
(fancyhdr)                Make it at least 16.54997pt, for example:
(fancyhdr)                \setlength{\headheight}{16.54997pt}.
(fancyhdr)                You might also make \topmargin smaller to compensate:

(fancyhdr)                \addtolength{\topmargin}{-4.54997pt}.

[308]
Underfull \hbox (badness 10000) in paragraph at lines 14451--14452
[]\TU/Inter(0)/b/n/8 qu-ino[]\TU/CharisSIL(0)/m/it/8 (bot) (far-ma-cio) \TU/Cha
risSIL(0)/m/n/8 Kor-tico

Underfull \hbox (badness 7613) in paragraph at lines 14457--14458
[]\TU/Inter(0)/b/n/8 qu-in-talo[]\TU/CharisSIL(0)/m/it/8 (mezur-sistemo me-tral
a)

Package fancyhdr Warning: \headheight is too small (12.0pt): 
(fancyhdr)                Make it at least 16.54997pt, for example:
(fancyhdr)                \setlength{\headheight}{16.54997pt}.
(fancyhdr)                You might also make \topmargin smaller to compensate:

(fancyhdr)                \addtolength{\topmargin}{-4.54997pt}.

[309]

Package fancyhdr Warning: \headheight is too small (12.0pt): 
(fancyhdr)                Make it at least 16.54997pt, for example:
(fancyhdr)                \setlength{\headheight}{16.54997pt}.
(fancyhdr)                You might also make \topmargin smaller to compensate:

(fancyhdr)                \addtolength{\topmargin}{-4.54997pt}.

[310]
Underfull \hbox (badness 5288) in paragraph at lines 14512--14513
\TU/CharisSIL(0)/m/n/8 cianuro di ba-rio o di tung-

Package fancyhdr Warning: \headheight is too small (12.0pt): 
(fancyhdr)                Make it at least 16.54997pt, for example:
(fancyhdr)                \setlength{\headheight}{16.54997pt}.
(fancyhdr)                You might also make \topmargin smaller to compensate:

(fancyhdr)                \addtolength{\topmargin}{-4.54997pt}.

[311]
Underfull \hbox (badness 8000) in paragraph at lines 14580--14581
[]\TU/Inter(0)/b/n/8 ra-pida[]\TU/Inter(0)/b/n/7 1. \TU/CharisSIL(0)/m/n/8 Qua 
par-ku-ras multa

Package fancyhdr Warning: \headheight is too small (12.0pt): 
(fancyhdr)                Make it at least 16.54997pt, for example:
(fancyhdr)                \setlength{\headheight}{16.54997pt}.
(fancyhdr)                You might also make \topmargin smaller to compensate:

(fancyhdr)                \addtolength{\topmargin}{-4.54997pt}.

[312]
Underfull \hbox (badness 5374) in paragraph at lines 14608--14609
[]\TU/Inter(0)/b/n/8 ra-teno[]\TU/CharisSIL(0)/m/it/8 (tekn) \TU/CharisSIL(0)/m
/n/8 Stofo ek la-no-fili

Package fancyhdr Warning: \headheight is too small (12.0pt): 
(fancyhdr)                Make it at least 16.54997pt, for example:
(fancyhdr)                \setlength{\headheight}{16.54997pt}.
(fancyhdr)                You might also make \topmargin smaller to compensate:

(fancyhdr)                \addtolength{\topmargin}{-4.54997pt}.

[313]
Underfull \hbox (badness 10000) in paragraph at lines 14638--14639
[]\TU/Inter(0)/b/n/8 re-al-garo[]\TU/CharisSIL(0)/m/it/8 (kemio) \TU/CharisSIL(
0)/m/n/8 Reda arseno-

Underfull \hbox (badness 5119) in paragraph at lines 14656--14657
[]\TU/Inter(0)/b/n/8 re-ce-siva[]\TU/CharisSIL(0)/m/it/8 (biol) \TU/CharisSIL(0
)/m/n/8 Di-ce-sas, pri la

Underfull \hbox (badness 6559) in paragraph at lines 14680--14681
[]\TU/Inter(0)/b/n/8 re-du-ito[] \TU/CharisSIL(0)/m/n/8 For-ti-fi-kajo kon-stru
k-tita

Underfull \hbox (badness 10000) in paragraph at lines 14680--14681
\TU/CharisSIL(0)/m/n/8 dop al-tra por pro-lon-gar la

Package fancyhdr Warning: \headheight is too small (12.0pt): 
(fancyhdr)                Make it at least 16.54997pt, for example:
(fancyhdr)                \setlength{\headheight}{16.54997pt}.
(fancyhdr)                You might also make \topmargin smaller to compensate:

(fancyhdr)                \addtolength{\topmargin}{-4.54997pt}.

[314]
Underfull \hbox (badness 10000) in paragraph at lines 14684--14685
[]\TU/Inter(0)/b/n/8 re-duto[]\TU/CharisSIL(0)/m/it/8 (milit-arto) \TU/CharisSI
L(0)/m/n/8 For-ti-fi-kajo

Underfull \hbox (badness 5726) in paragraph at lines 14684--14685
\TU/CharisSIL(0)/m/n/8 aparta, tote klo-zita (*kluza),

Underfull \hbox (badness 10000) in paragraph at lines 14702--14703
[]\TU/Inter(0)/b/n/8 re-frak-tar[]\TU/CharisSIL(0)/m/it/8 (trans) (fi-ziko) \TU
/CharisSIL(0)/m/n/8 Igar

Overfull \hbox (3.26822pt too wide) in paragraph at lines 14714--14715
[]\TU/Inter(0)/b/n/8 re-fu-zar[]\TU/CharisSIL(0)/m/it/8 (trans)\TU/Inter(0)/b/n
/7 1. \TU/CharisSIL(0)/m/n/8 Ne-grantar\TU/Inter(0)/b/n/7 2. \TU/CharisSIL(0)/m
/n/8 Ne-

Underfull \hbox (badness 10000) in paragraph at lines 14724--14725
[]\TU/Inter(0)/b/n/8 re-ge-ne-rar[]\TU/CharisSIL(0)/m/it/8 (trans)\TU/Inter(0)/
b/n/7 1. \TU/CharisSIL(0)/m/n/8 Re-pro-duk-

Underfull \hbox (badness 7522) in paragraph at lines 14724--14725
\TU/CharisSIL(0)/m/n/8 tar (parto de-struk-tita)\TU/Inter(0)/b/n/7 2. \TU/Chari
sSIL(0)/m/n/8 Ri-

Package fancyhdr Warning: \headheight is too small (12.0pt): 
(fancyhdr)                Make it at least 16.54997pt, for example:
(fancyhdr)                \setlength{\headheight}{16.54997pt}.
(fancyhdr)                You might also make \topmargin smaller to compensate:

(fancyhdr)                \addtolength{\topmargin}{-4.54997pt}.

[315]
Underfull \hbox (badness 6141) in paragraph at lines 14748--14749
\TU/CharisSIL(0)/m/n/8 onu de-kla-ra-bis de-ka-dinta de

Underfull \hbox (badness 6125) in paragraph at lines 14754--14755
[]\TU/Inter(0)/b/n/8 rejo[]\TU/Inter(0)/b/n/7 1. \TU/CharisSIL(0)/m/n/8 Chefo s
u-ve-rena di ula

Underfull \hbox (badness 7522) in paragraph at lines 14756--14757
[]\TU/Inter(0)/b/n/8 re-kal-kar[]\TU/CharisSIL(0)/m/it/8 (trans) (sol-duro, e c
)

Underfull \hbox (badness 10000) in paragraph at lines 14760--14761
[]\TU/Inter(0)/b/n/8 re-ka-pi-tu-lar[]\TU/CharisSIL(0)/m/it/8 (trans) \TU/Chari
sSIL(0)/m/n/8 Re-zu-mar,

Underfull \hbox (badness 5119) in paragraph at lines 14764--14765
[]\TU/Inter(0)/b/n/8 re-kla-mar[]\TU/CharisSIL(0)/m/it/8 (netrans., pri) \TU/Ch
arisSIL(0)/m/n/8 La-u-dar

Package fancyhdr Warning: \headheight is too small (12.0pt): 
(fancyhdr)                Make it at least 16.54997pt, for example:
(fancyhdr)                \setlength{\headheight}{16.54997pt}.
(fancyhdr)                You might also make \topmargin smaller to compensate:

(fancyhdr)                \addtolength{\topmargin}{-4.54997pt}.

[316]
Underfull \hbox (badness 5563) in paragraph at lines 14774--14775
[]\TU/Inter(0)/b/n/8 re-kom-pen-sar[]\TU/CharisSIL(0)/m/it/8 (trans., pro, per)


Package fancyhdr Warning: \headheight is too small (12.0pt): 
(fancyhdr)                Make it at least 16.54997pt, for example:
(fancyhdr)                \setlength{\headheight}{16.54997pt}.
(fancyhdr)                You might also make \topmargin smaller to compensate:

(fancyhdr)                \addtolength{\topmargin}{-4.54997pt}.

[317]
Underfull \hbox (badness 10000) in paragraph at lines 14808--14809
[]\TU/Inter(0)/b/n/8 re-le-gar[]\TU/CharisSIL(0)/m/it/8 (trans)\TU/Inter(0)/b/n
/7 1. \TU/CharisSIL(0)/m/n/8 (yuro-cienco,

Underfull \hbox (badness 5388) in paragraph at lines 14808--14809
\TU/CharisSIL(0)/m/n/8 li-ti-kala\TU/Inter(0)/b/n/7 2. \TU/CharisSIL(0)/m/n/8 (
nun, en Fran-cia).

Underfull \hbox (badness 10000) in paragraph at lines 14824--14825
[]\TU/Inter(0)/b/n/8 re-mar-kar[]\TU/CharisSIL(0)/m/it/8 (trans) \TU/CharisSIL(
0)/m/n/8 Aten-car ne-

Underfull \hbox (badness 10000) in paragraph at lines 14836--14837
[]\TU/Inter(0)/b/n/8 re-mor-kar[]\TU/CharisSIL(0)/m/it/8 (trans)\TU/Inter(0)/b/
n/7 1. \TU/CharisSIL(0)/m/n/8 (alu-dante

Underfull \hbox (badness 10000) in paragraph at lines 14842--14843
[]\TU/Inter(0)/b/n/8 rem-paro[]\TU/CharisSIL(0)/m/it/8 (militarto) \TU/CharisSI
L(0)/m/n/8 Cirkuito-

Package fancyhdr Warning: \headheight is too small (12.0pt): 
(fancyhdr)                Make it at least 16.54997pt, for example:
(fancyhdr)                \setlength{\headheight}{16.54997pt}.
(fancyhdr)                You might also make \topmargin smaller to compensate:

(fancyhdr)                \addtolength{\topmargin}{-4.54997pt}.

[318]
Underfull \hbox (badness 10000) in paragraph at lines 14874--14875
[]\TU/Inter(0)/b/n/8 re-o-tro-pi-smo[]\TU/CharisSIL(0)/m/it/8 (biol) \TU/Charis
SIL(0)/m/n/8 Re-o-tak-ti-smo

Underfull \hbox (badness 10000) in paragraph at lines 14886--14887
[]\TU/Inter(0)/b/n/8 re-per-ku-tar[]\TU/CharisSIL(0)/m/it/8 (trans) \TU/CharisS
IL(0)/m/n/8 Pro-duk-tar

Package fancyhdr Warning: \headheight is too small (12.0pt): 
(fancyhdr)                Make it at least 16.54997pt, for example:
(fancyhdr)                \setlength{\headheight}{16.54997pt}.
(fancyhdr)                You might also make \topmargin smaller to compensate:

(fancyhdr)                \addtolength{\topmargin}{-4.54997pt}.

[319]
Underfull \hbox (badness 10000) in paragraph at lines 14898--14899
[]\TU/Inter(0)/b/n/8 re-po-zar[]\TU/CharisSIL(0)/m/it/8 (netrans)\TU/Inter(0)/b
/n/7 1. \TU/CharisSIL(0)/m/n/8 Ja-car en

Underfull \hbox (badness 10000) in paragraph at lines 14902--14903
[]\TU/Inter(0)/b/n/8 re-pre-za-lar[]\TU/CharisSIL(0)/m/it/8 (netrans) (kon-

Underfull \hbox (badness 6380) in paragraph at lines 14908--14909
[]\TU/Inter(0)/b/n/8 re-pro-char[]\TU/CharisSIL(0)/m/it/8 (trans., ad) \TU/Char
isSIL(0)/m/n/8 Im-pu-tar

Underfull \hbox (badness 5475) in paragraph at lines 14920--14921
[]\TU/Inter(0)/b/n/8 re-pu-gnar[]\TU/CharisSIL(0)/m/it/8 (trans) \TU/CharisSIL(
0)/m/n/8 Pro-duk-tar an-

Underfull \hbox (badness 5147) in paragraph at lines 14920--14921
\TU/CharisSIL(0)/m/n/8 ti-pa-tio ne-vin-ke-bla, ne-re-pre-se-

Underfull \hbox (badness 10000) in paragraph at lines 14922--14923
[]\TU/Inter(0)/b/n/8 re-pul-sar[]\TU/CharisSIL(0)/m/it/8 (trans)\TU/Inter(0)/b/
n/7 1. \TU/CharisSIL(0)/m/n/8 Pul-sar ad-

Underfull \hbox (badness 10000) in paragraph at lines 14926--14927
[]\TU/Inter(0)/b/n/8 re-qu-iem[]\TU/CharisSIL(0)/m/it/8 (Liturgio ka-to-

Underfull \hbox (badness 10000) in paragraph at lines 14926--14927
\TU/CharisSIL(0)/m/it/8 lika)\TU/Inter(0)/b/n/7 1. \TU/CharisSIL(0)/m/n/8 Prego
 por la mor-

Underfull \hbox (badness 10000) in paragraph at lines 14932--14933
[]\TU/Inter(0)/b/n/8 re-si-pi-cen-car[]\TU/CharisSIL(0)/m/it/8 (netrans) \TU/Ch
arisSIL(0)/m/n/8 Re-pen-

Underfull \hbox (badness 10000) in paragraph at lines 14932--14933
\TU/CharisSIL(0)/m/n/8 tar ye ma-ni-ero qua even-ti-

Package fancyhdr Warning: \headheight is too small (12.0pt): 
(fancyhdr)                Make it at least 16.54997pt, for example:
(fancyhdr)                \setlength{\headheight}{16.54997pt}.
(fancyhdr)                You might also make \topmargin smaller to compensate:

(fancyhdr)                \addtolength{\topmargin}{-4.54997pt}.

[320]

Package fancyhdr Warning: \headheight is too small (12.0pt): 
(fancyhdr)                Make it at least 16.54997pt, for example:
(fancyhdr)                \setlength{\headheight}{16.54997pt}.
(fancyhdr)                You might also make \topmargin smaller to compensate:

(fancyhdr)                \addtolength{\topmargin}{-4.54997pt}.

[321]
Underfull \hbox (badness 10000) in paragraph at lines 14988--14989
[]\TU/Inter(0)/b/n/8 re-tu-shar[]\TU/CharisSIL(0)/m/it/8 (trans) \TU/CharisSIL(
0)/m/n/8 Ri-laboreskar

Underfull \hbox (badness 6625) in paragraph at lines 14994--14995
[]\TU/Inter(0)/b/n/8 re-var[]\TU/CharisSIL(0)/m/it/8 (netrans., pri) \TU/Charis
SIL(0)/m/n/8 La-sar sua

Underfull \hbox (badness 10000) in paragraph at lines 14996--14997
\TU/CharisSIL(0)/m/n/8 no-ci-gar (to quo esis ce-

Underfull \hbox (badness 10000) in paragraph at lines 15002--15003
[]\TU/Inter(0)/b/n/8 re-ver-be-rar[]\TU/CharisSIL(0)/m/it/8 (trans) \TU/CharisS
IL(0)/m/n/8 (fi-ziko).(alu-

Underfull \hbox (badness 10000) in paragraph at lines 15004--15005
[]\TU/Inter(0)/b/n/8 re-ve-ren-car[]\TU/CharisSIL(0)/m/it/8 (trans) \TU/CharisS
IL(0)/m/n/8 Mo-var sua

Underfull \hbox (badness 5548) in paragraph at lines 15004--15005
\TU/CharisSIL(0)/m/n/8 qua ma-ni-fe-stas re-spekto pro-

Underfull \hbox (badness 10000) in paragraph at lines 15010--15011
[]\TU/Inter(0)/b/n/8 re-vi-zar[]\TU/CharisSIL(0)/m/it/8 (trans) \TU/CharisSIL(0
)/m/n/8 Sub-mi-sar itere

Package fancyhdr Warning: \headheight is too small (12.0pt): 
(fancyhdr)                Make it at least 16.54997pt, for example:
(fancyhdr)                \setlength{\headheight}{16.54997pt}.
(fancyhdr)                You might also make \topmargin smaller to compensate:

(fancyhdr)                \addtolength{\topmargin}{-4.54997pt}.

[322]

Package fancyhdr Warning: \headheight is too small (12.0pt): 
(fancyhdr)                Make it at least 16.54997pt, for example:
(fancyhdr)                \setlength{\headheight}{16.54997pt}.
(fancyhdr)                You might also make \topmargin smaller to compensate:

(fancyhdr)                \addtolength{\topmargin}{-4.54997pt}.

[323]

Package fancyhdr Warning: \headheight is too small (12.0pt): 
(fancyhdr)                Make it at least 16.54997pt, for example:
(fancyhdr)                \setlength{\headheight}{16.54997pt}.
(fancyhdr)                You might also make \topmargin smaller to compensate:

(fancyhdr)                \addtolength{\topmargin}{-4.54997pt}.

[324]
Underfull \hbox (badness 7631) in paragraph at lines 15100--15101
\TU/CharisSIL(0)/m/n/8 fri-tita) kra-kanta qu-ale pano-

Underfull \hbox (badness 10000) in paragraph at lines 15104--15105
\TU/CharisSIL(0)/m/n/8 gar, ni-hi-li-gar (in-ter-kon-sente)

Underfull \hbox (badness 10000) in paragraph at lines 15106--15107
[]\TU/Inter(0)/b/n/8 ritmo[]\TU/CharisSIL(0)/m/it/8 (muziko) \TU/CharisSIL(0)/m
/n/8 Aparo inter-

Underfull \hbox (badness 10000) in paragraph at lines 15140--15141
[]\TU/Inter(0)/b/n/8 ro-do-den-dro[]\TU/CharisSIL(0)/m/it/8 (bot) \TU/CharisSIL
(0)/m/n/8 Ge-nero de

Package fancyhdr Warning: \headheight is too small (12.0pt): 
(fancyhdr)                Make it at least 16.54997pt, for example:
(fancyhdr)                \setlength{\headheight}{16.54997pt}.
(fancyhdr)                You might also make \topmargin smaller to compensate:

(fancyhdr)                \addtolength{\topmargin}{-4.54997pt}.

[325]
Underfull \hbox (badness 10000) in paragraph at lines 15150--15151
[]\TU/Inter(0)/b/n/8 roko[]\TU/Inter(0)/b/n/7 1. \TU/CharisSIL(0)/m/n/8 Blo-keg
o de pe-tro tre

Underfull \hbox (badness 10000) in paragraph at lines 15150--15151
\TU/CharisSIL(0)/m/n/8 re-zi-stiva qua re-te-ne-sas da

Underfull \hbox (badness 6725) in paragraph at lines 15158--15159
[]\TU/Inter(0)/b/n/8 ro-manco[]\TU/Inter(0)/b/n/7 1. \TU/CharisSIL(0)/m/n/8 Mi-
kra kan-sono di

Underfull \hbox (badness 10000) in paragraph at lines 15172--15173
[]\TU/Inter(0)/b/n/8 ron-kar[]\TU/CharisSIL(0)/m/it/8 (netrans) \TU/CharisSIL(0
)/m/n/8 Emi-sar, dor-

Package fancyhdr Warning: \headheight is too small (12.0pt): 
(fancyhdr)                Make it at least 16.54997pt, for example:
(fancyhdr)                \setlength{\headheight}{16.54997pt}.
(fancyhdr)                You might also make \topmargin smaller to compensate:

(fancyhdr)                \addtolength{\topmargin}{-4.54997pt}.

[326]
Underfull \hbox (badness 5652) in paragraph at lines 15182--15183
[]\TU/Inter(0)/b/n/8 ro-smaro[]\TU/CharisSIL(0)/m/it/8 (zool) \TU/CharisSIL(0)/
m/n/8 Ma-mi-fero am-fi-

Underfull \hbox (badness 10000) in paragraph at lines 15192--15193
\TU/CharisSIL(0)/m/n/8 Mo-var su cir-kum sua axo

Underfull \hbox (badness 10000) in paragraph at lines 15212--15213
[]\TU/Inter(0)/b/n/8 ro-ya-li-smo[] \TU/CharisSIL(0)/m/n/8 Mento mo-nar-kii-

Package fancyhdr Warning: \headheight is too small (12.0pt): 
(fancyhdr)                Make it at least 16.54997pt, for example:
(fancyhdr)                \setlength{\headheight}{16.54997pt}.
(fancyhdr)                You might also make \topmargin smaller to compensate:

(fancyhdr)                \addtolength{\topmargin}{-4.54997pt}.

[327]

Package fancyhdr Warning: \headheight is too small (12.0pt): 
(fancyhdr)                Make it at least 16.54997pt, for example:
(fancyhdr)                \setlength{\headheight}{16.54997pt}.
(fancyhdr)                You might also make \topmargin smaller to compensate:

(fancyhdr)                \addtolength{\topmargin}{-4.54997pt}.

[328]

Package fancyhdr Warning: \headheight is too small (12.0pt): 
(fancyhdr)                Make it at least 16.54997pt, for example:
(fancyhdr)                \setlength{\headheight}{16.54997pt}.
(fancyhdr)                You might also make \topmargin smaller to compensate:

(fancyhdr)                \addtolength{\topmargin}{-4.54997pt}.

[329]
Underfull \hbox (badness 10000) in paragraph at lines 15307--15308
[]\TU/Inter(0)/b/n/8 sa-firo[] \TU/CharisSIL(0)/m/n/8 La-pido bri-loza, bele

Underfull \hbox (badness 10000) in paragraph at lines 15333--15334
[]\TU/Inter(0)/b/n/8 sa-kri-fi-kar[]\TU/Inter(0)/b/n/7 1. \TU/CharisSIL(0)/m/n/
8 (trans.) (re-li-

Package fancyhdr Warning: \headheight is too small (12.0pt): 
(fancyhdr)                Make it at least 16.54997pt, for example:
(fancyhdr)                \setlength{\headheight}{16.54997pt}.
(fancyhdr)                You might also make \topmargin smaller to compensate:

(fancyhdr)                \addtolength{\topmargin}{-4.54997pt}.

[330]
Underfull \hbox (badness 10000) in paragraph at lines 15387--15388
\TU/CharisSIL(0)/m/n/8 per la de-sku-plo di pa-fo-se-

Package fancyhdr Warning: \headheight is too small (12.0pt): 
(fancyhdr)                Make it at least 16.54997pt, for example:
(fancyhdr)                \setlength{\headheight}{16.54997pt}.
(fancyhdr)                You might also make \topmargin smaller to compensate:

(fancyhdr)                \addtolength{\topmargin}{-4.54997pt}.

[331]
Underfull \hbox (badness 10000) in paragraph at lines 15425--15426
\TU/CharisSIL(0)/m/n/8 ek la fa-mi-lio « kom-po-zaji »,

Package fancyhdr Warning: \headheight is too small (12.0pt): 
(fancyhdr)                Make it at least 16.54997pt, for example:
(fancyhdr)                \setlength{\headheight}{16.54997pt}.
(fancyhdr)                You might also make \topmargin smaller to compensate:

(fancyhdr)                \addtolength{\topmargin}{-4.54997pt}.

[332]
Underfull \hbox (badness 10000) in paragraph at lines 15461--15462
[]\TU/Inter(0)/b/n/8 sar-ka-smo[] \TU/CharisSIL(0)/m/n/8 Moko, iro-nio mor-

Underfull \hbox (badness 10000) in paragraph at lines 15473--15474
[]\TU/Inter(0)/b/n/8 sar-ko-pla-smo[]\TU/CharisSIL(0)/m/it/8 (histol) \TU/Chari
sSIL(0)/m/n/8 Pro-to-pla-

Package fancyhdr Warning: \headheight is too small (12.0pt): 
(fancyhdr)                Make it at least 16.54997pt, for example:
(fancyhdr)                \setlength{\headheight}{16.54997pt}.
(fancyhdr)                You might also make \topmargin smaller to compensate:

(fancyhdr)                \addtolength{\topmargin}{-4.54997pt}.

[333]
Underfull \hbox (badness 10000) in paragraph at lines 15491--15492
[]\TU/Inter(0)/b/n/8 sa-tis-fa-car[]\TU/CharisSIL(0)/m/it/8 (trans., per)\TU/In
ter(0)/b/n/7 1. \TU/CharisSIL(0)/m/n/8 Igar

Underfull \hbox (badness 10000) in paragraph at lines 15507--15508
[]\TU/Inter(0)/b/n/8 sa-vano[]\TU/CharisSIL(0)/m/it/8 (geogr) \TU/CharisSIL(0)/
m/n/8 Granda sulo-

Underfull \hbox (badness 10000) in paragraph at lines 15519--15520
[]\TU/Inter(0)/b/n/8 sa-xo-fono[]\TU/CharisSIL(0)/m/it/8 (muziko) \TU/CharisSIL
(0)/m/n/8 In-stru-mento

Package fancyhdr Warning: \headheight is too small (12.0pt): 
(fancyhdr)                Make it at least 16.54997pt, for example:
(fancyhdr)                \setlength{\headheight}{16.54997pt}.
(fancyhdr)                You might also make \topmargin smaller to compensate:

(fancyhdr)                \addtolength{\topmargin}{-4.54997pt}.

[334]
Underfull \hbox (badness 10000) in paragraph at lines 15539--15540
[]\TU/Inter(0)/b/n/8 se-duk-tar[]\TU/CharisSIL(0)/m/it/8 (trans., per) \TU/Char
isSIL(0)/m/n/8 Ve-ni-gar

Underfull \hbox (badness 10000) in paragraph at lines 15547--15548
[]\TU/Inter(0)/b/n/8 se-gre-ga-car[]\TU/CharisSIL(0)/m/it/8 (trans) \TU/CharisS
IL(0)/m/n/8 Se-pa-rar

Underfull \hbox (badness 10000) in paragraph at lines 15553--15554
[]\TU/Inter(0)/b/n/8 *se-ifo[] \TU/CharisSIL(0)/m/n/8 Ko-fro ek me-talo, kun

Package fancyhdr Warning: \headheight is too small (12.0pt): 
(fancyhdr)                Make it at least 16.54997pt, for example:
(fancyhdr)                \setlength{\headheight}{16.54997pt}.
(fancyhdr)                You might also make \topmargin smaller to compensate:

(fancyhdr)                \addtolength{\topmargin}{-4.54997pt}.

[335]
Underfull \hbox (badness 10000) in paragraph at lines 15585--15586
[]\TU/Inter(0)/b/n/8 se-lek-tar[]\TU/CharisSIL(0)/m/it/8 (trans)\TU/Inter(0)/b/
n/7 1. \TU/CharisSIL(0)/m/n/8 Pre-nar pre-

Underfull \hbox (badness 10000) in paragraph at lines 15607--15608
[]\TU/Inter(0)/b/n/8 se-mino[]\TU/CharisSIL(0)/m/it/8 (bot) \TU/CharisSIL(0)/m/
n/8 Parto di frukto

Package fancyhdr Warning: \headheight is too small (12.0pt): 
(fancyhdr)                Make it at least 16.54997pt, for example:
(fancyhdr)                \setlength{\headheight}{16.54997pt}.
(fancyhdr)                You might also make \topmargin smaller to compensate:

(fancyhdr)                \addtolength{\topmargin}{-4.54997pt}.

[336]
Underfull \hbox (badness 10000) in paragraph at lines 15613--15614
[]\TU/Inter(0)/b/n/8 sem-per-vivo[]\TU/CharisSIL(0)/m/it/8 (bot) \TU/CharisSIL(
0)/m/n/8 Planto dika-

Underfull \hbox (badness 10000) in paragraph at lines 15615--15616
[]\TU/Inter(0)/b/n/8 sem-pre[]\TU/Inter(0)/b/n/7 1. \TU/CharisSIL(0)/m/n/8 «
 En la tempo fu-

Underfull \hbox (badness 6173) in paragraph at lines 15615--15616
\TU/CharisSIL(0)/m/n/8 kazo »\TU/Inter(0)/b/n/7 2. \TU/CharisSIL(0)/m/n/8 «
 En la tempo pa-

Underfull \hbox (badness 10000) in paragraph at lines 15635--15636
[]\TU/Inter(0)/b/n/8 sen-sa-ci-ono[] \TU/CharisSIL(0)/m/n/8 In-te-re-seso o

Underfull \hbox (badness 5431) in paragraph at lines 15647--15648
[]\TU/Inter(0)/b/n/8 sen-ti-mento[] \TU/CharisSIL(0)/m/n/8 Psiko-movo, psiko-

Package fancyhdr Warning: \headheight is too small (12.0pt): 
(fancyhdr)                Make it at least 16.54997pt, for example:
(fancyhdr)                \setlength{\headheight}{16.54997pt}.
(fancyhdr)                You might also make \topmargin smaller to compensate:

(fancyhdr)                \addtolength{\topmargin}{-4.54997pt}.

[337]
Underfull \hbox (badness 10000) in paragraph at lines 15679--15680
[]\TU/Inter(0)/b/n/8 se-qu-e-strar[]\TU/CharisSIL(0)/m/it/8 (trans) (yu-ro-ci-e
nco)

Underfull \hbox (badness 10000) in paragraph at lines 15701--15702
\TU/CharisSIL(0)/m/n/8 se-gun lego (*leyo) de-ter-mi-

Underfull \hbox (badness 7291) in paragraph at lines 15701--15702
\TU/CharisSIL(0)/m/n/8 nita\TU/Inter(0)/b/n/7 2. \TU/CharisSIL(0)/m/n/8 In-ter-
se-qu-en-taro kon-ti-

Package fancyhdr Warning: \headheight is too small (12.0pt): 
(fancyhdr)                Make it at least 16.54997pt, for example:
(fancyhdr)                \setlength{\headheight}{16.54997pt}.
(fancyhdr)                You might also make \topmargin smaller to compensate:

(fancyhdr)                \addtolength{\topmargin}{-4.54997pt}.

[338]
Underfull \hbox (badness 6428) in paragraph at lines 15709--15710
[]\TU/Inter(0)/b/n/8 sero[]\TU/CharisSIL(0)/m/it/8 (patol)\TU/Inter(0)/b/n/7 1.
 \TU/CharisSIL(0)/m/n/8 Li-qu-ido aqu-a-tra

Underfull \hbox (badness 10000) in paragraph at lines 15713--15714
[]\TU/Inter(0)/b/n/8 ser-pen-tino[]\TU/CharisSIL(0)/m/it/8 (mineral) \TU/Charis
SIL(0)/m/n/8 Si-li-kato

Underfull \hbox (badness 10000) in paragraph at lines 15713--15714
\TU/CharisSIL(0)/m/n/8 di ma-gne-zio, kun ma-kuli

Underfull \hbox (badness 10000) in paragraph at lines 15725--15726
[]\TU/Inter(0)/b/n/8 ser-valo[]\TU/CharisSIL(0)/m/it/8 (zool) \TU/CharisSIL(0)/
m/n/8 Tigro-kato di

Underfull \hbox (badness 10000) in paragraph at lines 15743--15744
[]\TU/Inter(0)/b/n/8 se-vi-ciar[]\TU/CharisSIL(0)/m/it/8 (ad) \TU/CharisSIL(0)/
m/n/8 (ne-trans.)(yu-ro-ci-

Package fancyhdr Warning: \headheight is too small (12.0pt): 
(fancyhdr)                Make it at least 16.54997pt, for example:
(fancyhdr)                \setlength{\headheight}{16.54997pt}.
(fancyhdr)                You might also make \topmargin smaller to compensate:

(fancyhdr)                \addtolength{\topmargin}{-4.54997pt}.

[339]
Underfull \hbox (badness 6268) in paragraph at lines 15771--15772
[]\TU/Inter(0)/b/n/8 sfin-tero[]\TU/CharisSIL(0)/m/it/8 (anat) \TU/CharisSIL(0)
/m/n/8 Mu-skulo cir-klo-

Underfull \hbox (badness 6220) in paragraph at lines 15779--15780
[]\TU/Inter(0)/b/n/8 shafto[]\TU/Inter(0)/b/n/7 1. \TU/CharisSIL(0)/m/n/8 Longa
 man-cho li-gna

Underfull \hbox (badness 10000) in paragraph at lines 15783--15784
[]\TU/Inter(0)/b/n/8 sha-kalo[]\TU/CharisSIL(0)/m/it/8 (zool) \TU/CharisSIL(0)/
m/n/8 Kar-na-vido de

Package fancyhdr Warning: \headheight is too small (12.0pt): 
(fancyhdr)                Make it at least 16.54997pt, for example:
(fancyhdr)                \setlength{\headheight}{16.54997pt}.
(fancyhdr)                You might also make \topmargin smaller to compensate:

(fancyhdr)                \addtolength{\topmargin}{-4.54997pt}.

[340]
Underfull \hbox (badness 10000) in paragraph at lines 15793--15794
[]\TU/Inter(0)/b/n/8 sha-loto[]\TU/CharisSIL(0)/m/it/8 (bot) \TU/CharisSIL(0)/m
/n/8 Planto legum-

Underfull \hbox (badness 10000) in paragraph at lines 15817--15818
[]\TU/Inter(0)/b/n/8 she-iko[] \TU/CharisSIL(0)/m/n/8 Chefo di tri-buo de

Package fancyhdr Warning: \headheight is too small (12.0pt): 
(fancyhdr)                Make it at least 16.54997pt, for example:
(fancyhdr)                \setlength{\headheight}{16.54997pt}.
(fancyhdr)                You might also make \topmargin smaller to compensate:

(fancyhdr)                \addtolength{\topmargin}{-4.54997pt}.

[341]
Underfull \hbox (badness 5460) in paragraph at lines 15825--15826
\TU/CharisSIL(0)/m/n/8 (maxim-multa-kaze) krum-plita,

Package fancyhdr Warning: \headheight is too small (12.0pt): 
(fancyhdr)                Make it at least 16.54997pt, for example:
(fancyhdr)                \setlength{\headheight}{16.54997pt}.
(fancyhdr)                You might also make \topmargin smaller to compensate:

(fancyhdr)                \addtolength{\topmargin}{-4.54997pt}.

[342]
Underfull \hbox (badness 6284) in paragraph at lines 15871--15872
[]\TU/Inter(0)/b/n/8 si-fono[]\TU/CharisSIL(0)/m/it/8 (tekn) \TU/CharisSIL(0)/m
/n/8 Apa-rato U-forma,

Underfull \hbox (badness 10000) in paragraph at lines 15895--15896
[]\TU/Inter(0)/b/n/8 si-len-car[]\TU/CharisSIL(0)/m/it/8 (netrans) \TU/CharisSI
L(0)/m/n/8 Nule bru-i-

Package fancyhdr Warning: \headheight is too small (12.0pt): 
(fancyhdr)                Make it at least 16.54997pt, for example:
(fancyhdr)                \setlength{\headheight}{16.54997pt}.
(fancyhdr)                You might also make \topmargin smaller to compensate:

(fancyhdr)                \addtolength{\topmargin}{-4.54997pt}.

[343]
Underfull \hbox (badness 5817) in paragraph at lines 15909--15910
[]\TU/Inter(0)/b/n/8 si-li-quo[]\TU/CharisSIL(0)/m/it/8 (bot) \TU/CharisSIL(0)/
m/n/8 Frukto longa, bi-

Underfull \hbox (badness 10000) in paragraph at lines 15915--15916
[]\TU/Inter(0)/b/n/8 si-lo-gi-smo[]\TU/CharisSIL(0)/m/it/8 (logiko) \TU/CharisS
IL(0)/m/n/8 Re-zono for-

Underfull \hbox (badness 7558) in paragraph at lines 15925--15926
[]\TU/Inter(0)/b/n/8 sil-vio[]\TU/CharisSIL(0)/m/it/8 (zool) \TU/CharisSIL(0)/m
/n/8 Nomo vul-gara di

Package fancyhdr Warning: \headheight is too small (12.0pt): 
(fancyhdr)                Make it at least 16.54997pt, for example:
(fancyhdr)                \setlength{\headheight}{16.54997pt}.
(fancyhdr)                You might also make \topmargin smaller to compensate:

(fancyhdr)                \addtolength{\topmargin}{-4.54997pt}.

[344]
Underfull \hbox (badness 10000) in paragraph at lines 15949--15950
[]\TU/Inter(0)/b/n/8 sim-pa-tiar[]\TU/CharisSIL(0)/m/it/8 (trans)\TU/Inter(0)/b
/n/7 1. \TU/CharisSIL(0)/m/n/8 Sen-tar su

Underfull \hbox (badness 10000) in paragraph at lines 15953--15954
[]\TU/Inter(0)/b/n/8 sim-pla[] \TU/CharisSIL(0)/m/n/8 Qua ne kon-si-stas ek

Underfull \hbox (badness 5008) in paragraph at lines 15959--15960
\TU/CharisSIL(0)/m/n/8 ne esas si-no-nimo di « sama-

Underfull \hbox (badness 10000) in paragraph at lines 15959--15960
\TU/CharisSIL(0)/m/n/8 tempa »sam-epoka« , »sam-

Underfull \hbox (badness 5417) in paragraph at lines 15961--15962
[]\TU/Inter(0)/b/n/8 si-na-gogo[]\TU/Inter(0)/b/n/7 1. \TU/CharisSIL(0)/m/n/8 (
hi-sto-rio re-li-gi-ala).

Underfull \hbox (badness 10000) in paragraph at lines 15977--15978
\TU/CharisSIL(0)/m/n/8 nek-tika in-terne di kon-turo :

Package fancyhdr Warning: \headheight is too small (12.0pt): 
(fancyhdr)                Make it at least 16.54997pt, for example:
(fancyhdr)                \setlength{\headheight}{16.54997pt}.
(fancyhdr)                You might also make \topmargin smaller to compensate:

(fancyhdr)                \addtolength{\topmargin}{-4.54997pt}.

[345]
Underfull \hbox (badness 5475) in paragraph at lines 15995--15996
\TU/CharisSIL(0)/m/n/8 la kordio-pulsado, qua even-

Underfull \hbox (badness 10000) in paragraph at lines 15995--15996
\TU/CharisSIL(0)/m/n/8 ti-gas falo pro fe-ble-sko ma-

Underfull \hbox (badness 10000) in paragraph at lines 15997--15998
\TU/CharisSIL(0)/m/n/8 dok-trini fi-lo-zo-fi-ala, me-di-ci-

Package fancyhdr Warning: \headheight is too small (12.0pt): 
(fancyhdr)                Make it at least 16.54997pt, for example:
(fancyhdr)                \setlength{\headheight}{16.54997pt}.
(fancyhdr)                You might also make \topmargin smaller to compensate:

(fancyhdr)                \addtolength{\topmargin}{-4.54997pt}.

[346]

Package fancyhdr Warning: \headheight is too small (12.0pt): 
(fancyhdr)                Make it at least 16.54997pt, for example:
(fancyhdr)                \setlength{\headheight}{16.54997pt}.
(fancyhdr)                You might also make \topmargin smaller to compensate:

(fancyhdr)                \addtolength{\topmargin}{-4.54997pt}.

[347]
Underfull \hbox (badness 10000) in paragraph at lines 16057--16058
[]\TU/Inter(0)/b/n/8 si-stro[]\TU/CharisSIL(0)/m/it/8 (antique) \TU/CharisSIL(0
)/m/n/8 Muzik-

Underfull \hbox (badness 10000) in paragraph at lines 16067--16068
[]\TU/Inter(0)/b/n/8 si-zar[]\TU/CharisSIL(0)/m/it/8 (trans) \TU/CharisSIL(0)/m
/n/8 Pre-nar, manuo-

Underfull \hbox (badness 10000) in paragraph at lines 16071--16072
\TU/CharisSIL(0)/m/n/8 alta, sen bra-kii nek dors-

Package fancyhdr Warning: \headheight is too small (12.0pt): 
(fancyhdr)                Make it at least 16.54997pt, for example:
(fancyhdr)                \setlength{\headheight}{16.54997pt}.
(fancyhdr)                You might also make \topmargin smaller to compensate:

(fancyhdr)                \addtolength{\topmargin}{-4.54997pt}.

[348]
Underfull \hbox (badness 10000) in paragraph at lines 16097--16098
[]\TU/Inter(0)/b/n/8 skan-dar[]\TU/CharisSIL(0)/m/it/8 (trans)\TU/Inter(0)/b/n/
7 1. \TU/CharisSIL(0)/m/n/8 Pro-nun-car

Overfull \hbox (1.57373pt too wide) in paragraph at lines 16099--16100
[]\TU/Inter(0)/b/n/8 ska-pu-la-rio[]\TU/CharisSIL(0)/m/it/8 (religio kri-stan)\
TU/Inter(0)/b/n/7 1. \TU/CharisSIL(0)/m/n/8 Parto

Underfull \hbox (badness 5147) in paragraph at lines 16099--16100
\TU/CharisSIL(0)/m/n/8 di la ve-sto di ula re-gu-li-eri,

Underfull \hbox (badness 10000) in paragraph at lines 16101--16102
[]\TU/Inter(0)/b/n/8 ska-pulo[]\TU/CharisSIL(0)/m/it/8 (anat) \TU/CharisSIL(0)/
m/n/8 Osto tri-an-gula,

Underfull \hbox (badness 10000) in paragraph at lines 16105--16106
[]\TU/Inter(0)/b/n/8 ska-ra-mu-cho[]\TU/CharisSIL(0)/m/it/8 (teatro) \TU/Charis
SIL(0)/m/n/8 Rolo ko-

Underfull \hbox (badness 10000) in paragraph at lines 16125--16126
[]\TU/Inter(0)/b/n/8 skerco[]\TU/CharisSIL(0)/m/it/8 (muziko) \TU/CharisSIL(0)/
m/n/8 Mu-zi-kajo ne-

Underfull \hbox (badness 10000) in paragraph at lines 16127--16128
[]\TU/Inter(0)/b/n/8 sker-mar[]\TU/CharisSIL(0)/m/it/8 (netrans) \TU/CharisSIL(
0)/m/n/8 Prak-ti-kar ta

Package fancyhdr Warning: \headheight is too small (12.0pt): 
(fancyhdr)                Make it at least 16.54997pt, for example:
(fancyhdr)                \setlength{\headheight}{16.54997pt}.
(fancyhdr)                You might also make \topmargin smaller to compensate:

(fancyhdr)                \addtolength{\topmargin}{-4.54997pt}.

[349]
Underfull \hbox (badness 10000) in paragraph at lines 16143--16144
[]\TU/Inter(0)/b/n/8 skle-ro-tika[]\TU/CharisSIL(0)/m/it/8 (anat) \TU/CharisSIL
(0)/m/n/8 Mem-brano

Underfull \hbox (badness 10000) in paragraph at lines 16153--16154
[]\TU/Inter(0)/b/n/8 sko-lo-pen-dro[]\TU/CharisSIL(0)/m/it/8 (zool) \TU/CharisS
IL(0)/m/n/8 Ge-nero de

Package fancyhdr Warning: \headheight is too small (12.0pt): 
(fancyhdr)                Make it at least 16.54997pt, for example:
(fancyhdr)                \setlength{\headheight}{16.54997pt}.
(fancyhdr)                You might also make \topmargin smaller to compensate:

(fancyhdr)                \addtolength{\topmargin}{-4.54997pt}.

[350]
Underfull \hbox (badness 10000) in paragraph at lines 16183--16184
[]\TU/Inter(0)/b/n/8 skro-fu-loso[]\TU/CharisSIL(0)/m/it/8 (patol) \TU/CharisSI
L(0)/m/n/8 Formo min

Underfull \hbox (badness 5756) in paragraph at lines 16193--16194
\TU/CharisSIL(0)/m/n/8 (mar-moro, pe-tro, li-gno, me-

Underfull \hbox (badness 10000) in paragraph at lines 16195--16196
[]\TU/Inter(0)/b/n/8 sku-nero[]\TU/CharisSIL(0)/m/it/8 (navig) \TU/CharisSIL(0)
/m/n/8 Mi-kra navo

Underfull \hbox (badness 5302) in paragraph at lines 16195--16196
\TU/CharisSIL(0)/m/n/8 du-masta, ri-gi-zita qu-ale go-e-

Package fancyhdr Warning: \headheight is too small (12.0pt): 
(fancyhdr)                Make it at least 16.54997pt, for example:
(fancyhdr)                \setlength{\headheight}{16.54997pt}.
(fancyhdr)                You might also make \topmargin smaller to compensate:

(fancyhdr)                \addtolength{\topmargin}{-4.54997pt}.

[351]
Underfull \hbox (badness 7168) in paragraph at lines 16231--16232
\TU/CharisSIL(0)/m/n/8 di-ajo esas la cir-kon-stanci e

Underfull \hbox (badness 10000) in paragraph at lines 16239--16240
[]\TU/Inter(0)/b/n/8 so-do-miar[]\TU/CharisSIL(0)/m/it/8 (netrans) \TU/CharisSI
L(0)/m/n/8 Agar ko-ito

Underfull \hbox (badness 7522) in paragraph at lines 16241--16242
[]\TU/Inter(0)/b/n/8 so-fao[] \TU/CharisSIL(0)/m/n/8 Sorto di repozo-lito si-

Underfull \hbox (badness 10000) in paragraph at lines 16243--16244
[]\TU/Inter(0)/b/n/8 so-fi-smo[] \TU/CharisSIL(0)/m/n/8 Ar-gu-mento trom-pera,

Underfull \hbox (badness 10000) in paragraph at lines 16245--16246
[]\TU/Inter(0)/b/n/8 so-fi-stiko[] \TU/CharisSIL(0)/m/n/8 La arto di la so-fi-

Package fancyhdr Warning: \headheight is too small (12.0pt): 
(fancyhdr)                Make it at least 16.54997pt, for example:
(fancyhdr)                \setlength{\headheight}{16.54997pt}.
(fancyhdr)                You might also make \topmargin smaller to compensate:

(fancyhdr)                \addtolength{\topmargin}{-4.54997pt}.

[352]
Underfull \hbox (badness 10000) in paragraph at lines 16263--16264
[]\TU/Inter(0)/b/n/8 sol-dato[]\TU/CharisSIL(0)/m/it/8 (milit) \TU/CharisSIL(0)
/m/n/8 Ar-me-ano sen-

Underfull \hbox (badness 10000) in paragraph at lines 16275--16276
[]\TU/Inter(0)/b/n/8 so-li-ci-tar[]\TU/CharisSIL(0)/m/it/8 (trans., pri)\TU/Int
er(0)/b/n/7 1. \TU/CharisSIL(0)/m/n/8 In-ci-tar

Underfull \hbox (badness 7504) in paragraph at lines 16291--16292
\TU/CharisSIL(0)/m/n/8 retro-igar ad stando ele-men-

Package fancyhdr Warning: \headheight is too small (12.0pt): 
(fancyhdr)                Make it at least 16.54997pt, for example:
(fancyhdr)                \setlength{\headheight}{16.54997pt}.
(fancyhdr)                You might also make \topmargin smaller to compensate:

(fancyhdr)                \addtolength{\topmargin}{-4.54997pt}.

[353]

Package fancyhdr Warning: \headheight is too small (12.0pt): 
(fancyhdr)                Make it at least 16.54997pt, for example:
(fancyhdr)                \setlength{\headheight}{16.54997pt}.
(fancyhdr)                You might also make \topmargin smaller to compensate:

(fancyhdr)                \addtolength{\topmargin}{-4.54997pt}.

[354]
Underfull \hbox (badness 10000) in paragraph at lines 16337--16338
[]\TU/Inter(0)/b/n/8 sor-gar[]\TU/CharisSIL(0)/m/it/8 (trans) \TU/CharisSIL(0)/
m/n/8 Asu-mar vo-lunte

Underfull \hbox (badness 10000) in paragraph at lines 16351--16352
\TU/CharisSIL(0)/m/n/8 punto, va-kua ye korpi so-

Underfull \hbox (badness 8170) in paragraph at lines 16375--16376
[]\TU/Inter(0)/b/n/8 spa-tulo[] \TU/CharisSIL(0)/m/n/8 In-stru-mento de li-gno,


Package fancyhdr Warning: \headheight is too small (12.0pt): 
(fancyhdr)                Make it at least 16.54997pt, for example:
(fancyhdr)                \setlength{\headheight}{16.54997pt}.
(fancyhdr)                You might also make \topmargin smaller to compensate:

(fancyhdr)                \addtolength{\topmargin}{-4.54997pt}.

[355]
Underfull \hbox (badness 10000) in paragraph at lines 16385--16386
[]\TU/Inter(0)/b/n/8 spek-ta-klo[]\TU/Inter(0)/b/n/7 1. \TU/CharisSIL(0)/m/n/8 
Re-pre-zen-tajo te-a-

Underfull \hbox (badness 10000) in paragraph at lines 16393--16394
[]\TU/Inter(0)/b/n/8 spek-tro-skopo[]\TU/CharisSIL(0)/m/it/8 (fiziko) \TU/Chari
sSIL(0)/m/n/8 Apa-rato

Underfull \hbox (badness 10000) in paragraph at lines 16399--16400
[]\TU/Inter(0)/b/n/8 spen-cero[]\TU/Inter(0)/b/n/7 1. \TU/CharisSIL(0)/m/n/8 Fr
ako sen ba-

Underfull \hbox (badness 10000) in paragraph at lines 16401--16402
\TU/CharisSIL(0)/m/n/8 ku-nio) por pro-ku-rar a su

Underfull \hbox (badness 10000) in paragraph at lines 16413--16414
[]\TU/Inter(0)/b/n/8 sper-ma-to-ge-nezo[]\TU/CharisSIL(0)/m/it/8 (biol) \TU/Cha
risSIL(0)/m/n/8 En-sem-

Package fancyhdr Warning: \headheight is too small (12.0pt): 
(fancyhdr)                Make it at least 16.54997pt, for example:
(fancyhdr)                \setlength{\headheight}{16.54997pt}.
(fancyhdr)                You might also make \topmargin smaller to compensate:

(fancyhdr)                \addtolength{\topmargin}{-4.54997pt}.

[356]
Underfull \hbox (badness 10000) in paragraph at lines 16435--16436
[]\TU/Inter(0)/b/n/8 spi-nelo[]\TU/CharisSIL(0)/m/it/8 (mineral) \TU/CharisSIL(
0)/m/n/8 Ru-bino pale-

Underfull \hbox (badness 5726) in paragraph at lines 16455--16456
\TU/CharisSIL(0)/m/n/8 bri-lanta esas plena ye gran-

Package fancyhdr Warning: \headheight is too small (12.0pt): 
(fancyhdr)                Make it at least 16.54997pt, for example:
(fancyhdr)                \setlength{\headheight}{16.54997pt}.
(fancyhdr)                You might also make \topmargin smaller to compensate:

(fancyhdr)                \addtolength{\topmargin}{-4.54997pt}.

[357]
Underfull \hbox (badness 10000) in paragraph at lines 16479--16480
[]\TU/Inter(0)/b/n/8 spo-ra-dika[]\TU/Inter(0)/b/n/7 1. \TU/CharisSIL(0)/m/n/8 
(geol.) Di-sper-

Underfull \hbox (badness 10000) in paragraph at lines 16513--16514
[]\TU/Inter(0)/b/n/8 squ-a-tar[]\TU/CharisSIL(0)/m/it/8 (netrans)\TU/Inter(0)/b
/n/7 1. \TU/CharisSIL(0)/m/n/8 (alu-dante

Package fancyhdr Warning: \headheight is too small (12.0pt): 
(fancyhdr)                Make it at least 16.54997pt, for example:
(fancyhdr)                \setlength{\headheight}{16.54997pt}.
(fancyhdr)                You might also make \topmargin smaller to compensate:

(fancyhdr)                \addtolength{\topmargin}{-4.54997pt}.

[358]
Underfull \hbox (badness 10000) in paragraph at lines 16529--16530
[]\TU/Inter(0)/b/n/8 sta-dio[]\TU/CharisSIL(0)/m/it/8 (antique) \TU/CharisSIL(0
)/m/n/8 Areo klo-zita,

Package fancyhdr Warning: \headheight is too small (12.0pt): 
(fancyhdr)                Make it at least 16.54997pt, for example:
(fancyhdr)                \setlength{\headheight}{16.54997pt}.
(fancyhdr)                You might also make \topmargin smaller to compensate:

(fancyhdr)                \addtolength{\topmargin}{-4.54997pt}.

[359]
Underfull \hbox (badness 7326) in paragraph at lines 16563--16564
[]\TU/Inter(0)/b/n/8 star-char[]\TU/CharisSIL(0)/m/it/8 (trans)\TU/Inter(0)/b/n
/7 1. \TU/CharisSIL(0)/m/n/8 Apre-tar per

Underfull \hbox (badness 10000) in paragraph at lines 16605--16606
[]\TU/Inter(0)/b/n/8 stelo[]\TU/Inter(0)/b/n/7 1. \TU/CharisSIL(0)/m/n/8 (lin-g
uo ne-ciencala).

Underfull \hbox (badness 10000) in paragraph at lines 16605--16606
\TU/CharisSIL(0)/m/n/8 Omna astro qua bri-las en

Underfull \hbox (badness 10000) in paragraph at lines 16605--16606
\TU/CharisSIL(0)/m/n/8 fir-ma-mento (ecepte Suno e

Package fancyhdr Warning: \headheight is too small (12.0pt): 
(fancyhdr)                Make it at least 16.54997pt, for example:
(fancyhdr)                \setlength{\headheight}{16.54997pt}.
(fancyhdr)                You might also make \topmargin smaller to compensate:

(fancyhdr)                \addtolength{\topmargin}{-4.54997pt}.

[360]
Underfull \hbox (badness 10000) in paragraph at lines 16611--16612
[]\TU/Inter(0)/b/n/8 ste-no-gra-far[]\TU/CharisSIL(0)/m/it/8 (trans) \TU/Charis
SIL(0)/m/n/8 En-re-ji-strar

Underfull \hbox (badness 10000) in paragraph at lines 16611--16612
\TU/CharisSIL(0)/m/n/8 vor-tope (per manuo-skribo,

Underfull \hbox (badness 10000) in paragraph at lines 16613--16614
[]\TU/Inter(0)/b/n/8 ste-no-ti-par[]\TU/CharisSIL(0)/m/it/8 (trans) \TU/CharisS
IL(0)/m/n/8 Ste-no-gra-far

Underfull \hbox (badness 10000) in paragraph at lines 16615--16616
[]\TU/Inter(0)/b/n/8 sten-toro[] \TU/CharisSIL(0)/m/n/8 Per-sono di qua la

Underfull \hbox (badness 10000) in paragraph at lines 16623--16624
[]\TU/Inter(0)/b/n/8 ste-re-o-me-trio[] \TU/CharisSIL(0)/m/n/8 Apliko-geometrio


Package fancyhdr Warning: \headheight is too small (12.0pt): 
(fancyhdr)                Make it at least 16.54997pt, for example:
(fancyhdr)                \setlength{\headheight}{16.54997pt}.
(fancyhdr)                You might also make \topmargin smaller to compensate:

(fancyhdr)                \addtolength{\topmargin}{-4.54997pt}.

[361]
Underfull \hbox (badness 10000) in paragraph at lines 16653--16654
[]\TU/Inter(0)/b/n/8 stig-mato[]\TU/Inter(0)/b/n/7 1. \TU/CharisSIL(0)/m/n/8 ma
rko nee-fa-ce-bla

Underfull \hbox (badness 10000) in paragraph at lines 16653--16654
\TU/CharisSIL(0)/m/n/8 duro\TU/Inter(0)/b/n/7 2. \TU/CharisSIL(0)/m/n/8 – (re
-li-gio kri-stana).

Underfull \hbox (badness 10000) in paragraph at lines 16657--16658
[]\TU/Inter(0)/b/n/8 sti-li-stiko[] \TU/CharisSIL(0)/m/n/8 Re-gu-laro pri stilo
,

Underfull \hbox (badness 10000) in paragraph at lines 16661--16662
[]\TU/Inter(0)/b/n/8 sti-lo-bato[]\TU/CharisSIL(0)/m/it/8 (arkitekt) \TU/Charis
SIL(0)/m/n/8 Ba-sa-mento

Underfull \hbox (badness 5637) in paragraph at lines 16663--16664
\TU/CharisSIL(0)/m/n/8 ulu\TU/Inter(0)/b/n/7 2. \TU/CharisSIL(0)/m/n/8 (me-dic.
) Aug-men-tar

Package fancyhdr Warning: \headheight is too small (12.0pt): 
(fancyhdr)                Make it at least 16.54997pt, for example:
(fancyhdr)                \setlength{\headheight}{16.54997pt}.
(fancyhdr)                You might also make \topmargin smaller to compensate:

(fancyhdr)                \addtolength{\topmargin}{-4.54997pt}.

[362]
Underfull \hbox (badness 6792) in paragraph at lines 16697--16698
[]\TU/Inter(0)/b/n/8 sto-te-rar[]\TU/CharisSIL(0)/m/it/8 (netrans) \TU/CharisSI
L(0)/m/n/8 Pa-ro-lar he-zi-

Underfull \hbox (badness 10000) in paragraph at lines 16703--16704
[]\TU/Inter(0)/b/n/8 stran-dar[]\TU/CharisSIL(0)/m/it/8 (netrans)\TU/Inter(0)/b
/n/7 1. \TU/CharisSIL(0)/m/n/8 (alu-dante

Underfull \hbox (badness 5446) in paragraph at lines 16705--16706
\TU/CharisSIL(0)/m/n/8 pro tote im-pe-dar la re-spiro,

Underfull \hbox (badness 10000) in paragraph at lines 16725--16726
[]\TU/Inter(0)/b/n/8 strep-to-koko[]\TU/CharisSIL(0)/m/it/8 (patol) \TU/CharisS
IL(0)/m/n/8 Mi-krobo,

Package fancyhdr Warning: \headheight is too small (12.0pt): 
(fancyhdr)                Make it at least 16.54997pt, for example:
(fancyhdr)                \setlength{\headheight}{16.54997pt}.
(fancyhdr)                You might also make \topmargin smaller to compensate:

(fancyhdr)                \addtolength{\topmargin}{-4.54997pt}.

[363]
Underfull \hbox (badness 5607) in paragraph at lines 16727--16728
[]\TU/Inter(0)/b/n/8 streta[] \TU/CharisSIL(0)/m/n/8 Di qua la lar-jeso esas

Underfull \hbox (badness 5119) in paragraph at lines 16753--16754
[]\TU/Inter(0)/b/n/8 stron-cio[]\TU/CharisSIL(0)/m/it/8 (kemio) \TU/CharisSIL(0
)/m/n/8 Korpo sim-pla,

Underfull \hbox (badness 10000) in paragraph at lines 16767--16768
[]\TU/Inter(0)/b/n/8 stu-far[]\TU/CharisSIL(0)/m/it/8 (trans) \TU/CharisSIL(0)/
m/n/8 Ko-quar (karno-

Package fancyhdr Warning: \headheight is too small (12.0pt): 
(fancyhdr)                Make it at least 16.54997pt, for example:
(fancyhdr)                \setlength{\headheight}{16.54997pt}.
(fancyhdr)                You might also make \topmargin smaller to compensate:

(fancyhdr)                \addtolength{\topmargin}{-4.54997pt}.

[364]
Underfull \hbox (badness 10000) in paragraph at lines 16799--16800
[]\TU/Inter(0)/b/n/8 su-bi-sar[]\TU/CharisSIL(0)/m/it/8 (trans) \TU/CharisSIL(0
)/m/n/8 To-le-rar mal-gre

Underfull \hbox (badness 10000) in paragraph at lines 16805--16806
\TU/CharisSIL(0)/m/n/8 sistemo, qua re-pre-zen-tas la

Underfull \hbox (badness 6001) in paragraph at lines 16819--16820
[]\TU/Inter(0)/b/n/8 su-bre-kargo[]\TU/CharisSIL(0)/m/it/8 (komerco per navo-

Underfull \hbox (badness 10000) in paragraph at lines 16823--16824
[]\TU/Inter(0)/b/n/8 su-breto[]\TU/CharisSIL(0)/m/it/8 (teatro) \TU/CharisSIL(0
)/m/n/8 En ko-me-dio,

Package fancyhdr Warning: \headheight is too small (12.0pt): 
(fancyhdr)                Make it at least 16.54997pt, for example:
(fancyhdr)                \setlength{\headheight}{16.54997pt}.
(fancyhdr)                You might also make \topmargin smaller to compensate:

(fancyhdr)                \addtolength{\topmargin}{-4.54997pt}.

[365]
Underfull \hbox (badness 10000) in paragraph at lines 16833--16834
[]\TU/Inter(0)/b/n/8 sub-sti-tu-car[]\TU/CharisSIL(0)/m/it/8 (trans., ad) \TU/C
harisSIL(0)/m/n/8 Po-zar

Package fancyhdr Warning: \headheight is too small (12.0pt): 
(fancyhdr)                Make it at least 16.54997pt, for example:
(fancyhdr)                \setlength{\headheight}{16.54997pt}.
(fancyhdr)                You might also make \topmargin smaller to compensate:

(fancyhdr)                \addtolength{\topmargin}{-4.54997pt}.

[366]
Underfull \hbox (badness 10000) in paragraph at lines 16871--16872
[]\TU/Inter(0)/b/n/8 su-fra-gano[]\TU/CharisSIL(0)/m/it/8 (eklezio ka-tol) \TU/
CharisSIL(0)/m/n/8 Epi-

Underfull \hbox (badness 6893) in paragraph at lines 16889--16890
[]\TU/Inter(0)/b/n/8 su-kubo[]\TU/CharisSIL(0)/m/it/8 (teol) \TU/CharisSIL(0)/m
/n/8 De-mono nok-tala

Package fancyhdr Warning: \headheight is too small (12.0pt): 
(fancyhdr)                Make it at least 16.54997pt, for example:
(fancyhdr)                \setlength{\headheight}{16.54997pt}.
(fancyhdr)                You might also make \topmargin smaller to compensate:

(fancyhdr)                \addtolength{\topmargin}{-4.54997pt}.

[367]
Underfull \hbox (badness 10000) in paragraph at lines 16915--16916
[]\TU/Inter(0)/b/n/8 su-pear[]\TU/CharisSIL(0)/m/it/8 (netrans) \TU/CharisSIL(0
)/m/n/8 Re-pa-star ye

Underfull \hbox (badness 10000) in paragraph at lines 16921--16922
[]\TU/Inter(0)/b/n/8 su-per-fe-ta-ci-ono[]\TU/CharisSIL(0)/m/it/8 (fiziol) \TU/
CharisSIL(0)/m/n/8 For-ma-

Underfull \hbox (badness 5105) in paragraph at lines 16959--16960
[]\TU/Inter(0)/b/n/8 sur-faco[]\TU/Inter(0)/b/n/7 1. \TU/CharisSIL(0)/m/n/8 Ex-
ten-sajo ex-tera di

Package fancyhdr Warning: \headheight is too small (12.0pt): 
(fancyhdr)                Make it at least 16.54997pt, for example:
(fancyhdr)                \setlength{\headheight}{16.54997pt}.
(fancyhdr)                You might also make \topmargin smaller to compensate:

(fancyhdr)                \addtolength{\topmargin}{-4.54997pt}.

[368]
Underfull \hbox (badness 10000) in paragraph at lines 16965--16966
[]\TU/Inter(0)/b/n/8 sur-me-nar[]\TU/CharisSIL(0)/m/it/8 (trans) \TU/CharisSIL(
0)/m/n/8 Fa-ti-ge-gar

Underfull \hbox (badness 10000) in paragraph at lines 16965--16966
\TU/CharisSIL(0)/m/n/8 (kavalko-bestio, charjo-bestio,

Underfull \hbox (badness 10000) in paragraph at lines 16967--16968
[]\TU/Inter(0)/b/n/8 sur-mu-leto[]\TU/CharisSIL(0)/m/it/8 (zool) \TU/CharisSIL(
0)/m/n/8 Maro-fisho\TU/CharisSIL(0)/m/it/8 L.

Underfull \hbox (badness 10000) in paragraph at lines 16975--16976
[]\TU/Inter(0)/b/n/8 sur-pri-zar[]\TU/CharisSIL(0)/m/it/8 (trans)\TU/Inter(0)/b
/n/7 1. \TU/CharisSIL(0)/m/n/8 Pre-nar

Underfull \hbox (badness 10000) in paragraph at lines 16975--16976
\TU/CharisSIL(0)/m/n/8 (ulu, ulo) per ari-var ne-

Underfull \hbox (badness 5388) in paragraph at lines 16987--16988
[]\TU/Inter(0)/b/n/8 su-spen-dar[]\TU/CharisSIL(0)/m/it/8 (trans) \TU/CharisSIL
(0)/m/n/8 Te-nar su-per

Underfull \hbox (badness 10000) in paragraph at lines 17007--17008
[]\TU/Inter(0)/b/n/8 su-ve-rena[]\TU/Inter(0)/b/n/7 1. \TU/CharisSIL(0)/m/n/8 Q
ua ha-vas la

Underfull \hbox (badness 10000) in paragraph at lines 17007--17008
\TU/CharisSIL(0)/m/n/8 au-to-ri-tato su-prega en la

Package fancyhdr Warning: \headheight is too small (12.0pt): 
(fancyhdr)                Make it at least 16.54997pt, for example:
(fancyhdr)                \setlength{\headheight}{16.54997pt}.
(fancyhdr)                You might also make \topmargin smaller to compensate:

(fancyhdr)                \addtolength{\topmargin}{-4.54997pt}.

[369]
Underfull \hbox (badness 10000) in paragraph at lines 17013--17014
[]\TU/Inter(0)/b/n/8 *swobo[] \TU/CharisSIL(0)/m/n/8 Ligno-stipito, kartono-

Underfull \hbox (badness 10000) in paragraph at lines 17026--17027
\TU/CharisSIL(0)/m/n/8 rak-te-ri-zas pre-ci-pue la ne-

Package fancyhdr Warning: \headheight is too small (12.0pt): 
(fancyhdr)                Make it at least 16.54997pt, for example:
(fancyhdr)                \setlength{\headheight}{16.54997pt}.
(fancyhdr)                You might also make \topmargin smaller to compensate:

(fancyhdr)                \addtolength{\topmargin}{-4.54997pt}.

[370]
Underfull \hbox (badness 8170) in paragraph at lines 17076--17077
\TU/CharisSIL(0)/m/n/8 la dopa parto di la homo-

Package fancyhdr Warning: \headheight is too small (12.0pt): 
(fancyhdr)                Make it at least 16.54997pt, for example:
(fancyhdr)                \setlength{\headheight}{16.54997pt}.
(fancyhdr)                You might also make \topmargin smaller to compensate:

(fancyhdr)                \addtolength{\topmargin}{-4.54997pt}.

[371]
Underfull \hbox (badness 10000) in paragraph at lines 17108--17109
[]\TU/Inter(0)/b/n/8 tan-genta[]\TU/CharisSIL(0)/m/it/8 (geometrio) \TU/CharisS
IL(0)/m/n/8 Qua tu-

Package fancyhdr Warning: \headheight is too small (12.0pt): 
(fancyhdr)                Make it at least 16.54997pt, for example:
(fancyhdr)                \setlength{\headheight}{16.54997pt}.
(fancyhdr)                You might also make \topmargin smaller to compensate:

(fancyhdr)                \addtolength{\topmargin}{-4.54997pt}.

[372]
Underfull \hbox (badness 10000) in paragraph at lines 17132--17133
[]\TU/Inter(0)/b/n/8 ta-ran-telo[]\TU/CharisSIL(0)/m/it/8 (muziko) \TU/CharisSI
L(0)/m/n/8 Dans-ario,

Underfull \hbox (badness 6032) in paragraph at lines 17140--17141
\TU/CharisSIL(0)/m/n/8 mi-feri un-gloza, qui mar-chas

Underfull \hbox (badness 10000) in paragraph at lines 17148--17149
[]\TU/Inter(0)/b/n/8 tar-la-tano[] \TU/CharisSIL(0)/m/n/8 Mu-slino kun te-xuro

Underfull \hbox (badness 10000) in paragraph at lines 17148--17149
\TU/CharisSIL(0)/m/n/8 poke densa, or-di-nare klar-

Package fancyhdr Warning: \headheight is too small (12.0pt): 
(fancyhdr)                Make it at least 16.54997pt, for example:
(fancyhdr)                \setlength{\headheight}{16.54997pt}.
(fancyhdr)                You might also make \topmargin smaller to compensate:

(fancyhdr)                \addtolength{\topmargin}{-4.54997pt}.

[373]
Underfull \hbox (badness 10000) in paragraph at lines 17180--17181
[]\TU/Inter(0)/b/n/8 ta-xi-me-tro[]\TU/CharisSIL(0)/m/it/8 (automobilo) \TU/Cha
risSIL(0)/m/n/8 Kon-tilo

Underfull \hbox (badness 10000) in paragraph at lines 17216--17217
[]\TU/Inter(0)/b/n/8 te-le-gra-far[]\TU/CharisSIL(0)/m/it/8 (trans., ad) \TU/Ch
arisSIL(0)/m/n/8 Sen-dar

Underfull \hbox (badness 10000) in paragraph at lines 17224--17225
[]\TU/Inter(0)/b/n/8 te-le-skopo[] \TU/CharisSIL(0)/m/n/8 Optik-instrumento,

Underfull \hbox (badness 5637) in paragraph at lines 17230--17231
[]\TU/Inter(0)/b/n/8 te-lo-le-cito[]\TU/CharisSIL(0)/m/it/8 (biol) \TU/CharisSI
L(0)/m/n/8 Di-ce-sas pri la

Package fancyhdr Warning: \headheight is too small (12.0pt): 
(fancyhdr)                Make it at least 16.54997pt, for example:
(fancyhdr)                \setlength{\headheight}{16.54997pt}.
(fancyhdr)                You might also make \topmargin smaller to compensate:

(fancyhdr)                \addtolength{\topmargin}{-4.54997pt}.

[374]
Underfull \hbox (badness 5008) in paragraph at lines 17244--17245
[]\TU/Inter(0)/b/n/8 tem-pe-ra-turo[] \TU/CharisSIL(0)/m/n/8 Varmeso-grado di

Underfull \hbox (badness 10000) in paragraph at lines 17250--17251
\TU/CharisSIL(0)/m/n/8 vas komenco-punto e fino-

Underfull \hbox (badness 10000) in paragraph at lines 17252--17253
[]\TU/Inter(0)/b/n/8 tem-po-ri-sar[]\TU/CharisSIL(0)/m/it/8 (netrans) \TU/Chari
sSIL(0)/m/n/8 Ajor-nar,

Underfull \hbox (badness 10000) in paragraph at lines 17252--17253
\TU/CharisSIL(0)/m/n/8 varte di tempo-punto opor-

Underfull \hbox (badness 10000) in paragraph at lines 17276--17277
[]\TU/Inter(0)/b/n/8 te-ne-bro[]\TU/Inter(0)/b/n/7 1. \TU/CharisSIL(0)/m/n/8 Ob
-sku-reso ab-so-lute

Package fancyhdr Warning: \headheight is too small (12.0pt): 
(fancyhdr)                Make it at least 16.54997pt, for example:
(fancyhdr)                \setlength{\headheight}{16.54997pt}.
(fancyhdr)                You might also make \topmargin smaller to compensate:

(fancyhdr)                \addtolength{\topmargin}{-4.54997pt}.

[375]
Underfull \hbox (badness 10000) in paragraph at lines 17294--17295
\TU/CharisSIL(0)/m/n/8 mi-kre-geso, di-ne-geso, de-li-ka-

Underfull \hbox (badness 10000) in paragraph at lines 17314--17315
[]\TU/Inter(0)/b/n/8 te-o-remo[] \TU/CharisSIL(0)/m/n/8 Pro-po-zi-ci-ono ci-en-


Package fancyhdr Warning: \headheight is too small (12.0pt): 
(fancyhdr)                Make it at least 16.54997pt, for example:
(fancyhdr)                \setlength{\headheight}{16.54997pt}.
(fancyhdr)                You might also make \topmargin smaller to compensate:

(fancyhdr)                \addtolength{\topmargin}{-4.54997pt}.

[376]
Underfull \hbox (badness 10000) in paragraph at lines 17340--17341
[]\TU/Inter(0)/b/n/8 ter-ci-ana[]\TU/CharisSIL(0)/m/it/8 (patol) \TU/CharisSIL(
0)/m/n/8 Fe-bro in-ter-mi-

Underfull \hbox (badness 10000) in paragraph at lines 17340--17341
\TU/CharisSIL(0)/m/n/8 tanta, qua ri-e-ven-tas singla-

Underfull \hbox (badness 10000) in paragraph at lines 17356--17357
[]\TU/Inter(0)/b/n/8 te-ri-to-rio[] \TU/CharisSIL(0)/m/n/8 Ex-ten-sajo de lando


Package fancyhdr Warning: \headheight is too small (12.0pt): 
(fancyhdr)                Make it at least 16.54997pt, for example:
(fancyhdr)                \setlength{\headheight}{16.54997pt}.
(fancyhdr)                You might also make \topmargin smaller to compensate:

(fancyhdr)                \addtolength{\topmargin}{-4.54997pt}.

[377]
Underfull \hbox (badness 10000) in paragraph at lines 17368--17369
[]\TU/Inter(0)/b/n/8 ter-mo-grafo[]\TU/CharisSIL(0)/m/it/8 (fiziol) \TU/CharisS
IL(0)/m/n/8 In-stru-mento

Underfull \hbox (badness 10000) in paragraph at lines 17400--17401
[]\TU/Inter(0)/b/n/8 te-sta-men-tar[]\TU/CharisSIL(0)/m/it/8 (netrans., fa-vore


Package fancyhdr Warning: \headheight is too small (12.0pt): 
(fancyhdr)                Make it at least 16.54997pt, for example:
(fancyhdr)                \setlength{\headheight}{16.54997pt}.
(fancyhdr)                You might also make \topmargin smaller to compensate:

(fancyhdr)                \addtolength{\topmargin}{-4.54997pt}.

[378]
Underfull \hbox (badness 10000) in paragraph at lines 17412--17413
[]\TU/Inter(0)/b/n/8 te-tra-e-dro[]\TU/CharisSIL(0)/m/it/8 (geom) \TU/CharisSIL
(0)/m/n/8 So-lido quar-

Underfull \hbox (badness 6428) in paragraph at lines 17428--17429
[]\TU/Inter(0)/b/n/8 te-xar[]\TU/CharisSIL(0)/m/it/8 (trans) \TU/CharisSIL(0)/m
/n/8 Trans-for-mar (sub-

Underfull \hbox (badness 10000) in paragraph at lines 17438--17439
[]\TU/Inter(0)/b/n/8 tifo[]\TU/CharisSIL(0)/m/it/8 (patol) \TU/CharisSIL(0)/m/n
/8 Morbo kon-ta-gi-ema,

Underfull \hbox (badness 10000) in paragraph at lines 17440--17441
[]\TU/Inter(0)/b/n/8 ti-fo-ido[]\TU/CharisSIL(0)/m/it/8 (patol) \TU/CharisSIL(0
)/m/n/8 Morbo in-fek-tiva

Package fancyhdr Warning: \headheight is too small (12.0pt): 
(fancyhdr)                Make it at least 16.54997pt, for example:
(fancyhdr)                \setlength{\headheight}{16.54997pt}.
(fancyhdr)                You might also make \topmargin smaller to compensate:

(fancyhdr)                \addtolength{\topmargin}{-4.54997pt}.

[379]

Package fancyhdr Warning: \headheight is too small (12.0pt): 
(fancyhdr)                Make it at least 16.54997pt, for example:
(fancyhdr)                \setlength{\headheight}{16.54997pt}.
(fancyhdr)                You might also make \topmargin smaller to compensate:

(fancyhdr)                \addtolength{\topmargin}{-4.54997pt}.

[380]
Underfull \hbox (badness 10000) in paragraph at lines 17494--17495
\TU/CharisSIL(0)/m/n/8 sua povo ye ma-ni-ero opre-

Underfull \hbox (badness 10000) in paragraph at lines 17516--17517
[]\TU/Inter(0)/b/n/8 ti-tulo[]\TU/Inter(0)/b/n/7 1. \TU/CharisSIL(0)/m/n/8 Nomo
 qua ex-pre-sas

Underfull \hbox (badness 10000) in paragraph at lines 17516--17517
\TU/CharisSIL(0)/m/n/8 di-stingo pri rango so-ci-ala,

Underfull \hbox (badness 7704) in paragraph at lines 17516--17517
\TU/CharisSIL(0)/m/n/8 ofico\TU/Inter(0)/b/n/7 2. \TU/CharisSIL(0)/m/n/8 Nomo q
ua ex-pre-sas

Package fancyhdr Warning: \headheight is too small (12.0pt): 
(fancyhdr)                Make it at least 16.54997pt, for example:
(fancyhdr)                \setlength{\headheight}{16.54997pt}.
(fancyhdr)                You might also make \topmargin smaller to compensate:

(fancyhdr)                \addtolength{\topmargin}{-4.54997pt}.

[381]
Underfull \hbox (badness 10000) in paragraph at lines 17532--17533
\TU/CharisSIL(0)/m/n/8 mi-lio « so-la-nei », kun frukti

Underfull \hbox (badness 10000) in paragraph at lines 17548--17549
[]\TU/Inter(0)/b/n/8 to-no-pla-sto[]\TU/CharisSIL(0)/m/it/8 (biol) \TU/CharisSI
L(0)/m/n/8 Parto per-ma-

Underfull \hbox (badness 5431) in paragraph at lines 17552--17553
[]\TU/Inter(0)/b/n/8 ton-silo[]\TU/CharisSIL(0)/m/it/8 (anat) \TU/CharisSIL(0)/
m/n/8 Korpo glan-da-tra,

Package fancyhdr Warning: \headheight is too small (12.0pt): 
(fancyhdr)                Make it at least 16.54997pt, for example:
(fancyhdr)                \setlength{\headheight}{16.54997pt}.
(fancyhdr)                You might also make \topmargin smaller to compensate:

(fancyhdr)                \addtolength{\topmargin}{-4.54997pt}.

[382]
Underfull \hbox (badness 6775) in paragraph at lines 17570--17571
[]\TU/Inter(0)/b/n/8 to-rako[]\TU/CharisSIL(0)/m/it/8 (anat)\TU/Inter(0)/b/n/7 
1. \TU/CharisSIL(0)/m/n/8 (che la ver-te-

Underfull \hbox (badness 10000) in paragraph at lines 17588--17589
[]\TU/Inter(0)/b/n/8 tor-men-tar[]\TU/CharisSIL(0)/m/it/8 (trans)\TU/Inter(0)/b
/n/7 1. \TU/CharisSIL(0)/m/n/8 Sub-mi-sar

Package fancyhdr Warning: \headheight is too small (12.0pt): 
(fancyhdr)                Make it at least 16.54997pt, for example:
(fancyhdr)                \setlength{\headheight}{16.54997pt}.
(fancyhdr)                You might also make \topmargin smaller to compensate:

(fancyhdr)                \addtolength{\topmargin}{-4.54997pt}.

[383]

Package fancyhdr Warning: \headheight is too small (12.0pt): 
(fancyhdr)                Make it at least 16.54997pt, for example:
(fancyhdr)                \setlength{\headheight}{16.54997pt}.
(fancyhdr)                You might also make \topmargin smaller to compensate:

(fancyhdr)                \addtolength{\topmargin}{-4.54997pt}.

[384]
Underfull \hbox (badness 10000) in paragraph at lines 17636--17637
[]\TU/Inter(0)/b/n/8 tra-de-skan-cio[]\TU/CharisSIL(0)/m/it/8 (bot) \TU/CharisS
IL(0)/m/n/8 Ge-nero de

Underfull \hbox (badness 6016) in paragraph at lines 17646--17647
\TU/CharisSIL(0)/m/n/8 quin mi-na-cas e fra-pas ka-ta-

Underfull \hbox (badness 10000) in paragraph at lines 17658--17659
[]\TU/Inter(0)/b/n/8 tra-kar[]\TU/CharisSIL(0)/m/it/8 (trans)\TU/Inter(0)/b/n/7
 1. \TU/CharisSIL(0)/m/n/8 Per-se-quar (la

Package fancyhdr Warning: \headheight is too small (12.0pt): 
(fancyhdr)                Make it at least 16.54997pt, for example:
(fancyhdr)                \setlength{\headheight}{16.54997pt}.
(fancyhdr)                You might also make \topmargin smaller to compensate:

(fancyhdr)                \addtolength{\topmargin}{-4.54997pt}.

[385]
Underfull \hbox (badness 10000) in paragraph at lines 17686--17687
\TU/CharisSIL(0)/m/n/8 epi-le-psio, dum hi-pnoto, e

Underfull \hbox (badness 10000) in paragraph at lines 17690--17691
[]\TU/Inter(0)/b/n/8 tran-char[]\TU/CharisSIL(0)/m/it/8 (trans) \TU/CharisSIL(0
)/m/n/8 Di-vi-dar par-

Underfull \hbox (badness 10000) in paragraph at lines 17710--17711
[]\TU/Inter(0)/b/n/8 trans-for-mar[]\TU/CharisSIL(0)/m/it/8 (trans., ulo, ulu,

Underfull \hbox (badness 10000) in paragraph at lines 17710--17711
\TU/CharisSIL(0)/m/it/8 ad)\TU/Inter(0)/b/n/7 1. \TU/CharisSIL(0)/m/n/8 Pa-si-g
ar de ca formo

Underfull \hbox (badness 10000) in paragraph at lines 17710--17711
\TU/CharisSIL(0)/m/n/8 ad ita\TU/Inter(0)/b/n/7 2. \TU/CharisSIL(0)/m/n/8 (me-t
af.) Par-

Underfull \hbox (badness 10000) in paragraph at lines 17712--17713
[]\TU/Inter(0)/b/n/8 trans-for-ma-toro[]\TU/CharisSIL(0)/m/it/8 (tekn) (elek-tr
o)

Package fancyhdr Warning: \headheight is too small (12.0pt): 
(fancyhdr)                Make it at least 16.54997pt, for example:
(fancyhdr)                \setlength{\headheight}{16.54997pt}.
(fancyhdr)                You might also make \topmargin smaller to compensate:

(fancyhdr)                \addtolength{\topmargin}{-4.54997pt}.

[386]
Underfull \hbox (badness 10000) in paragraph at lines 17720--17721
[]\TU/Inter(0)/b/n/8 tran-smi-sar[]\TU/CharisSIL(0)/m/it/8 (trans)\TU/Inter(0)/
b/n/7 1. \TU/CharisSIL(0)/m/n/8 (yu-ro-ci-

Underfull \hbox (badness 10000) in paragraph at lines 17724--17725
[]\TU/Inter(0)/b/n/8 tran-spa-rar[]\TU/CharisSIL(0)/m/it/8 (netrans) (tra, sub)


Underfull \hbox (badness 10000) in paragraph at lines 17732--17733
[]\TU/Inter(0)/b/n/8 tran-sub-stan-ciar[]\TU/CharisSIL(0)/m/it/8 (teol. ka-tol)


Underfull \hbox (badness 10000) in paragraph at lines 17748--17749
[]\TU/Inter(0)/b/n/8 tra-u-mato[]\TU/CharisSIL(0)/m/it/8 (patol) \TU/CharisSIL(
0)/m/n/8 En-sem-blo de

Underfull \hbox (badness 10000) in paragraph at lines 17756--17757
[]\TU/Inter(0)/b/n/8 tra-ver-tino[]\TU/CharisSIL(0)/m/it/8 (geol) \TU/CharisSIL
(0)/m/n/8 Tofo kal-koza,

Package fancyhdr Warning: \headheight is too small (12.0pt): 
(fancyhdr)                Make it at least 16.54997pt, for example:
(fancyhdr)                \setlength{\headheight}{16.54997pt}.
(fancyhdr)                You might also make \topmargin smaller to compensate:

(fancyhdr)                \addtolength{\topmargin}{-4.54997pt}.

[387]
Underfull \hbox (badness 10000) in paragraph at lines 17786--17787
[]\TU/Inter(0)/b/n/8 tre-pi-dar[]\TU/CharisSIL(0)/m/it/8 (netrans)\TU/Inter(0)/
b/n/7 1. \TU/CharisSIL(0)/m/n/8 (alu-dante

Package fancyhdr Warning: \headheight is too small (12.0pt): 
(fancyhdr)                Make it at least 16.54997pt, for example:
(fancyhdr)                \setlength{\headheight}{16.54997pt}.
(fancyhdr)                You might also make \topmargin smaller to compensate:

(fancyhdr)                \addtolength{\topmargin}{-4.54997pt}.

[388]
Underfull \hbox (badness 10000) in paragraph at lines 17802--17803
[]\TU/Inter(0)/b/n/8 tri-bono[]\TU/CharisSIL(0)/m/it/8 (en la Roma an-ti-

Underfull \hbox (badness 10000) in paragraph at lines 17806--17807
[]\TU/Inter(0)/b/n/8 tri-bu-nalo[]\TU/CharisSIL(0)/m/it/8 (yurocienco) \TU/Char
isSIL(0)/m/n/8 Asem-bli-

Package fancyhdr Warning: \headheight is too small (12.0pt): 
(fancyhdr)                Make it at least 16.54997pt, for example:
(fancyhdr)                \setlength{\headheight}{16.54997pt}.
(fancyhdr)                You might also make \topmargin smaller to compensate:

(fancyhdr)                \addtolength{\topmargin}{-4.54997pt}.

[389]
Underfull \hbox (badness 10000) in paragraph at lines 17854--17855
[]\TU/Inter(0)/b/n/8 tri-no-mio[]\TU/CharisSIL(0)/m/it/8 (algeb) \TU/CharisSIL(
0)/m/n/8 Po-li-no-mio tri-

Package fancyhdr Warning: \headheight is too small (12.0pt): 
(fancyhdr)                Make it at least 16.54997pt, for example:
(fancyhdr)                \setlength{\headheight}{16.54997pt}.
(fancyhdr)                You might also make \topmargin smaller to compensate:

(fancyhdr)                \addtolength{\topmargin}{-4.54997pt}.

[390]
Underfull \hbox (badness 5652) in paragraph at lines 17924--17925
\TU/CharisSIL(0)/m/n/8 qua kom-po-zis per la lin-guo

Package fancyhdr Warning: \headheight is too small (12.0pt): 
(fancyhdr)                Make it at least 16.54997pt, for example:
(fancyhdr)                \setlength{\headheight}{16.54997pt}.
(fancyhdr)                You might also make \topmargin smaller to compensate:

(fancyhdr)                \addtolength{\topmargin}{-4.54997pt}.

[391]
Underfull \hbox (badness 10000) in paragraph at lines 17936--17937
[]\TU/Inter(0)/b/n/8 trum-peto[]\TU/CharisSIL(0)/m/it/8 (muziko) \TU/CharisSIL(
0)/m/n/8 Sufl-

Underfull \hbox (badness 10000) in paragraph at lines 17964--17965
[]\TU/Inter(0)/b/n/8 tu-ber-kulo[]\TU/CharisSIL(0)/m/it/8 (bot)\TU/Inter(0)/b/n
/7 1. \TU/CharisSIL(0)/m/n/8 Aglo-me-rajo

Package fancyhdr Warning: \headheight is too small (12.0pt): 
(fancyhdr)                Make it at least 16.54997pt, for example:
(fancyhdr)                \setlength{\headheight}{16.54997pt}.
(fancyhdr)                You might also make \topmargin smaller to compensate:

(fancyhdr)                \addtolength{\topmargin}{-4.54997pt}.

[392]
Underfull \hbox (badness 6725) in paragraph at lines 17998--17999
[]\TU/Inter(0)/b/n/8 tuno[] \TU/CharisSIL(0)/m/n/8 Mezur-unajo (1.000 ki-lo-

Underfull \hbox (badness 10000) in paragraph at lines 18014--18015
[]\TU/Inter(0)/b/n/8 tur-kezo[] \TU/CharisSIL(0)/m/n/8 La-pido ma-tida, bele

Package fancyhdr Warning: \headheight is too small (12.0pt): 
(fancyhdr)                Make it at least 16.54997pt, for example:
(fancyhdr)                \setlength{\headheight}{16.54997pt}.
(fancyhdr)                You might also make \topmargin smaller to compensate:

(fancyhdr)                \addtolength{\topmargin}{-4.54997pt}.

[393]
Underfull \hbox (badness 5802) in paragraph at lines 18038--18039
[]\TU/Inter(0)/b/n/8 tu-var[]\TU/CharisSIL(0)/m/it/8 (trans) (na-vig) \TU/Chari
sSIL(0)/m/n/8 Avan-ci-gar

Package fancyhdr Warning: \headheight is too small (12.0pt): 
(fancyhdr)                Make it at least 16.54997pt, for example:
(fancyhdr)                \setlength{\headheight}{16.54997pt}.
(fancyhdr)                You might also make \topmargin smaller to compensate:

(fancyhdr)                \addtolength{\topmargin}{-4.54997pt}.

[394]
Underfull \hbox (badness 7540) in paragraph at lines 18069--18070
[]\TU/Inter(0)/b/n/8 ul-ti-mato[]\TU/CharisSIL(0)/m/it/8 (diplomac) \TU/CharisS
IL(0)/m/n/8 Dico serio-

Underfull \hbox (badness 10000) in paragraph at lines 18071--18072
[]\TU/Inter(0)/b/n/8 ul-tra-maro[] \TU/CharisSIL(0)/m/n/8 Farbo bele-

Underfull \hbox (badness 5077) in paragraph at lines 18085--18086
[]\TU/Inter(0)/b/n/8 um-belo[]\TU/CharisSIL(0)/m/it/8 (bot) \TU/CharisSIL(0)/m/
n/8 Modo di in-flo-re-

Underfull \hbox (badness 7814) in paragraph at lines 18099--18100
[]\TU/Inter(0)/b/n/8 un-ci-ala[]\TU/CharisSIL(0)/m/it/8 (paleogr) \TU/CharisSIL
(0)/m/n/8 Granda li-teri,

Underfull \hbox (badness 10000) in paragraph at lines 18101--18102
[]\TU/Inter(0)/b/n/8 un-ci-o-nar[]\TU/CharisSIL(0)/m/it/8 (trans) (re-li-gio ka
-tol)

Underfull \hbox (badness 10000) in paragraph at lines 18107--18108
[]\TU/Inter(0)/b/n/8 un-gu-ento[] \TU/CharisSIL(0)/m/n/8 Sub-stanco me-di-ka-

Underfull \hbox (badness 5105) in paragraph at lines 18107--18108
\TU/CharisSIL(0)/m/n/8 menta, mola, por apliki ex-

Underfull \hbox (badness 10000) in paragraph at lines 18117--18118
[]\TU/Inter(0)/b/n/8 uni-o-nar[]\TU/CharisSIL(0)/m/it/8 (trans,) \TU/CharisSIL(
0)/m/n/8 In-ter-li-gar ne-

Package fancyhdr Warning: \headheight is too small (12.0pt): 
(fancyhdr)                Make it at least 16.54997pt, for example:
(fancyhdr)                \setlength{\headheight}{16.54997pt}.
(fancyhdr)                You might also make \topmargin smaller to compensate:

(fancyhdr)                \addtolength{\topmargin}{-4.54997pt}.

[395]
Underfull \hbox (badness 10000) in paragraph at lines 18139--18140
[]\TU/Inter(0)/b/n/8 ura-no-gra-fio[] \TU/CharisSIL(0)/m/n/8 De-skripto di ci-

Package fancyhdr Warning: \headheight is too small (12.0pt): 
(fancyhdr)                Make it at least 16.54997pt, for example:
(fancyhdr)                \setlength{\headheight}{16.54997pt}.
(fancyhdr)                You might also make \topmargin smaller to compensate:

(fancyhdr)                \addtolength{\topmargin}{-4.54997pt}.

[396]
Underfull \hbox (badness 10000) in paragraph at lines 18189--18190
[]\TU/Inter(0)/b/n/8 uten-silo[]\TU/Inter(0)/b/n/7 1. \TU/CharisSIL(0)/m/n/8 La
bor-instrumento

Underfull \hbox (badness 10000) in paragraph at lines 18195--18196
[]\TU/Inter(0)/b/n/8 uto-pio[]\TU/Inter(0)/b/n/7 1. \TU/CharisSIL(0)/m/n/8 Kon-
cep-tajo ima-gi-

Underfull \hbox (badness 10000) in paragraph at lines 18207--18208
[]\TU/Inter(0)/b/n/8 uzu-fruk-tar[]\TU/CharisSIL(0)/m/it/8 (trans) (yu-ro-ci-en
co)

Underfull \hbox (badness 10000) in paragraph at lines 18216--18217
[]\TU/Inter(0)/b/n/8 va-ci-lar[]\TU/CharisSIL(0)/m/it/8 (netrans) (alu-dante la


Underfull \hbox (badness 7522) in paragraph at lines 18216--18217
\TU/CharisSIL(0)/m/n/8 qu-aza tremo, ta-sinse o ca-

Underfull \hbox (badness 10000) in paragraph at lines 18220--18221
[]\TU/Inter(0)/b/n/8 va-cino[]\TU/CharisSIL(0)/m/it/8 (patol) \TU/CharisSIL(0)/
m/n/8 Morbo erup-tala,

Package fancyhdr Warning: \headheight is too small (12.0pt): 
(fancyhdr)                Make it at least 16.54997pt, for example:
(fancyhdr)                \setlength{\headheight}{16.54997pt}.
(fancyhdr)                You might also make \topmargin smaller to compensate:

(fancyhdr)                \addtolength{\topmargin}{-4.54997pt}.

[397]
Underfull \hbox (badness 7740) in paragraph at lines 18254--18255
[]\TU/Inter(0)/b/n/8 va-lo-rar[]\TU/CharisSIL(0)/m/it/8 (trans)\TU/Inter(0)/b/n
/7 1. \TU/CharisSIL(0)/m/n/8 Esar eva-lu-ita

Underfull \hbox (badness 10000) in paragraph at lines 18264--18265
\TU/CharisSIL(0)/m/n/8 ma nula re-a-leso nek va-

Underfull \hbox (badness 5817) in paragraph at lines 18272--18273
\TU/CharisSIL(0)/m/n/8 de-sub la okulo til la men-

Package fancyhdr Warning: \headheight is too small (12.0pt): 
(fancyhdr)                Make it at least 16.54997pt, for example:
(fancyhdr)                \setlength{\headheight}{16.54997pt}.
(fancyhdr)                You might also make \topmargin smaller to compensate:

(fancyhdr)                \addtolength{\topmargin}{-4.54997pt}.

[398]
Underfull \hbox (badness 10000) in paragraph at lines 18290--18291
[]\TU/Inter(0)/b/n/8 va-riko[]\TU/CharisSIL(0)/m/it/8 (patol) \TU/CharisSIL(0)/
m/n/8 Di-la-turo per-ma-

Underfull \hbox (badness 6910) in paragraph at lines 18302--18303
\TU/CharisSIL(0)/m/n/8 de-pen-das de si-ni-oro pro fe-

Package fancyhdr Warning: \headheight is too small (12.0pt): 
(fancyhdr)                Make it at least 16.54997pt, for example:
(fancyhdr)                \setlength{\headheight}{16.54997pt}.
(fancyhdr)                You might also make \topmargin smaller to compensate:

(fancyhdr)                \addtolength{\topmargin}{-4.54997pt}.

[399]
Underfull \hbox (badness 10000) in paragraph at lines 18332--18333
\TU/CharisSIL(0)/m/n/8 se-gun qua su-pre-se-sas omna

Underfull \hbox (badness 10000) in paragraph at lines 18334--18335
[]\TU/Inter(0)/b/n/8 ve-kar[]\TU/CharisSIL(0)/m/it/8 (netrans) \TU/CharisSIL(0)
/m/n/8 Ce-sar sua

Underfull \hbox (badness 6825) in paragraph at lines 18348--18349
\TU/CharisSIL(0)/m/n/8 onu mo-vi-gas per pre-sar pe-

Package fancyhdr Warning: \headheight is too small (12.0pt): 
(fancyhdr)                Make it at least 16.54997pt, for example:
(fancyhdr)                \setlength{\headheight}{16.54997pt}.
(fancyhdr)                You might also make \topmargin smaller to compensate:

(fancyhdr)                \addtolength{\topmargin}{-4.54997pt}.

[400]
Underfull \hbox (badness 10000) in paragraph at lines 18380--18381
[]\TU/Inter(0)/b/n/8 ven-tuzo[]\TU/CharisSIL(0)/m/it/8 (medic) \TU/CharisSIL(0)
/m/n/8 Mi-kra vazo

Underfull \hbox (badness 7326) in paragraph at lines 18388--18389
[]\TU/Inter(0)/b/n/8 ve-rando[]\TU/CharisSIL(0)/m/it/8 (arkit) \TU/CharisSIL(0)
/m/n/8 Te-raso tek-toza

Underfull \hbox (badness 6412) in paragraph at lines 18410--18411
\TU/CharisSIL(0)/m/n/8 ne-ma-tura, uzata kom kon-di-

Package fancyhdr Warning: \headheight is too small (12.0pt): 
(fancyhdr)                Make it at least 16.54997pt, for example:
(fancyhdr)                \setlength{\headheight}{16.54997pt}.
(fancyhdr)                You might also make \topmargin smaller to compensate:

(fancyhdr)                \addtolength{\topmargin}{-4.54997pt}.

[401]
Underfull \hbox (badness 5817) in paragraph at lines 18424--18425
[]\TU/Inter(0)/b/n/8 ve-ro-niko[]\TU/CharisSIL(0)/m/it/8 (bot) \TU/CharisSIL(0)
/m/n/8 Nomo di plura

Underfull \hbox (badness 6510) in paragraph at lines 18446--18447
[]\TU/Inter(0)/b/n/8 vervo[] \TU/CharisSIL(0)/m/n/8 In-spi-reso ar-do-roza, nur


Package fancyhdr Warning: \headheight is too small (12.0pt): 
(fancyhdr)                Make it at least 16.54997pt, for example:
(fancyhdr)                \setlength{\headheight}{16.54997pt}.
(fancyhdr)                You might also make \topmargin smaller to compensate:

(fancyhdr)                \addtolength{\topmargin}{-4.54997pt}.

[402]
Underfull \hbox (badness 10000) in paragraph at lines 18494--18495
[]\TU/Inter(0)/b/n/8 vi-bri-ono[]\TU/Inter(0)/b/n/7 1. \TU/CharisSIL(0)/m/n/8 E
nto mi-kro-sko-

Package fancyhdr Warning: \headheight is too small (12.0pt): 
(fancyhdr)                Make it at least 16.54997pt, for example:
(fancyhdr)                \setlength{\headheight}{16.54997pt}.
(fancyhdr)                You might also make \topmargin smaller to compensate:

(fancyhdr)                \addtolength{\topmargin}{-4.54997pt}.

[403]
Underfull \hbox (badness 6348) in paragraph at lines 18516--18517
[]\TU/Inter(0)/b/n/8 vi-gi-lio[]\TU/CharisSIL(0)/m/it/8 (liturgio ka-tol) \TU/C
harisSIL(0)/m/n/8 Hi-ero di

Underfull \hbox (badness 10000) in paragraph at lines 18530--18531
[]\TU/Inter(0)/b/n/8 vi-la-nelo[] \TU/CharisSIL(0)/m/n/8 Kan-sono di vi-la-jani
,

Underfull \hbox (badness 10000) in paragraph at lines 18544--18545
[]\TU/Inter(0)/b/n/8 vin-dar[]\TU/CharisSIL(0)/m/it/8 (trans) \TU/CharisSIL(0)/
m/n/8 Ele-var grand-

Underfull \hbox (badness 10000) in paragraph at lines 18556--18557
[]\TU/Inter(0)/b/n/8 vi-o-len-tar[]\TU/CharisSIL(0)/m/it/8 (trans) \TU/CharisSI
L(0)/m/n/8 Ko-ak-tar so-

Package fancyhdr Warning: \headheight is too small (12.0pt): 
(fancyhdr)                Make it at least 16.54997pt, for example:
(fancyhdr)                \setlength{\headheight}{16.54997pt}.
(fancyhdr)                You might also make \topmargin smaller to compensate:

(fancyhdr)                \addtolength{\topmargin}{-4.54997pt}.

[404]
Underfull \hbox (badness 10000) in paragraph at lines 18578--18579
[]\TU/Inter(0)/b/n/8 vi-sar[]\TU/CharisSIL(0)/m/it/8 (trans) (tekn) \TU/CharisS
IL(0)/m/n/8 Ro-ta-ci-gar

Package fancyhdr Warning: \headheight is too small (12.0pt): 
(fancyhdr)                Make it at least 16.54997pt, for example:
(fancyhdr)                \setlength{\headheight}{16.54997pt}.
(fancyhdr)                You might also make \topmargin smaller to compensate:

(fancyhdr)                \addtolength{\topmargin}{-4.54997pt}.

[405]
Underfull \hbox (badness 10000) in paragraph at lines 18626--18627
[]\TU/Inter(0)/b/n/8 vo-ka-li-zar[]\TU/CharisSIL(0)/m/it/8 (netrans) (mu-

Underfull \hbox (badness 10000) in paragraph at lines 18644--18645
[]\TU/Inter(0)/b/n/8 vol-tar[]\TU/CharisSIL(0)/m/it/8 (netrans)\TU/Inter(0)/b/n
/7 1. \TU/CharisSIL(0)/m/n/8 (ma-nejo).

Package fancyhdr Warning: \headheight is too small (12.0pt): 
(fancyhdr)                Make it at least 16.54997pt, for example:
(fancyhdr)                \setlength{\headheight}{16.54997pt}.
(fancyhdr)                You might also make \topmargin smaller to compensate:

(fancyhdr)                \addtolength{\topmargin}{-4.54997pt}.

[406]
Underfull \hbox (badness 10000) in paragraph at lines 18654--18655
[]\TU/Inter(0)/b/n/8 vo-lun-tar[]\TU/CharisSIL(0)/m/it/8 (trans) \TU/CharisSIL(
0)/m/n/8 Esar be-ni-gna,

Package fancyhdr Warning: \headheight is too small (12.0pt): 
(fancyhdr)                Make it at least 16.54997pt, for example:
(fancyhdr)                \setlength{\headheight}{16.54997pt}.
(fancyhdr)                You might also make \topmargin smaller to compensate:

(fancyhdr)                \addtolength{\topmargin}{-4.54997pt}.

[407]
Underfull \hbox (badness 10000) in paragraph at lines 18711--18712
[]\TU/Inter(0)/b/n/8 wefto[]\TU/CharisSIL(0)/m/it/8 (tekn) (alu-dante texo-

Package fancyhdr Warning: \headheight is too small (12.0pt): 
(fancyhdr)                Make it at least 16.54997pt, for example:
(fancyhdr)                \setlength{\headheight}{16.54997pt}.
(fancyhdr)                You might also make \topmargin smaller to compensate:

(fancyhdr)                \addtolength{\topmargin}{-4.54997pt}.

[408]
Underfull \hbox (badness 8094) in paragraph at lines 18751--18752
[]\TU/Inter(0)/b/n/8 yako[]\TU/CharisSIL(0)/m/it/8 (zool) \TU/CharisSIL(0)/m/n/
8 Bu-falo kun kaval-

Package fancyhdr Warning: \headheight is too small (12.0pt): 
(fancyhdr)                Make it at least 16.54997pt, for example:
(fancyhdr)                \setlength{\headheight}{16.54997pt}.
(fancyhdr)                You might also make \topmargin smaller to compensate:

(fancyhdr)                \addtolength{\topmargin}{-4.54997pt}.

[409]
Underfull \hbox (badness 10000) in paragraph at lines 18767--18768
[]\TU/Inter(0)/b/n/8 yi-terbo[]\TU/CharisSIL(0)/m/it/8 (kemio) \TU/CharisSIL(0)
/m/n/8 Sub-stanco ne-

Underfull \hbox (badness 10000) in paragraph at lines 18781--18782
[]\TU/Inter(0)/b/n/8 *yulo[] \TU/CharisSIL(0)/m/n/8 Festo-dio pri la vintro-

Underfull \hbox (badness 10000) in paragraph at lines 18798--18799
\TU/CharisSIL(0)/m/n/8 xala\TU/Inter(0)/b/n/7 2. \TU/CharisSIL(0)/m/n/8 Irga ve
nto le-jera e

Underfull \hbox (badness 5939) in paragraph at lines 18802--18803
[]\TU/Inter(0)/b/n/8 ze-lar[]\TU/CharisSIL(0)/m/it/8 (netrans) (por, pri) \TU/C
harisSIL(0)/m/n/8 Agar

Package fancyhdr Warning: \headheight is too small (12.0pt): 
(fancyhdr)                Make it at least 16.54997pt, for example:
(fancyhdr)                \setlength{\headheight}{16.54997pt}.
(fancyhdr)                You might also make \topmargin smaller to compensate:

(fancyhdr)                \addtolength{\topmargin}{-4.54997pt}.

[410]

Package fancyhdr Warning: \headheight is too small (12.0pt): 
(fancyhdr)                Make it at least 16.54997pt, for example:
(fancyhdr)                \setlength{\headheight}{16.54997pt}.
(fancyhdr)                You might also make \topmargin smaller to compensate:

(fancyhdr)                \addtolength{\topmargin}{-4.54997pt}.

[411]
Underfull \hbox (badness 10000) in paragraph at lines 18854--18855
[]\TU/Inter(0)/b/n/8 zoo-sporo[]\TU/CharisSIL(0)/m/it/8 (zool) \TU/CharisSIL(0)
/m/n/8 Sporo (kor-pu-
)

Package fancyhdr Warning: \headheight is too small (12.0pt): 
(fancyhdr)                Make it at least 16.54997pt, for example:
(fancyhdr)                \setlength{\headheight}{16.54997pt}.
(fancyhdr)                You might also make \topmargin smaller to compensate:

(fancyhdr)                \addtolength{\topmargin}{-4.54997pt}.

[412] [413] (./posho.aux))
(see the transcript file for additional information)
 444 words of node memory still in use:
   4 hlist, 1 vlist, 1 rule, 2 glue, 3 kern, 1 glyph, 5 attribute, 53 glue_spec
, 5 attribute_list, 1 write nodes
   avail lists: 1:1,2:896,3:609,4:385,5:417,6:81,7:7549,9:366,10:14,11:717
</usr/share/texlive/texmf-dist/fonts/truetype/SIL/charissil/CharisSIL-Regular.t
tf></usr/share/texlive/texmf-dist/fonts/truetype/SIL/charissil/CharisSIL-Italic
.ttf></usr/share/texlive/texmf-dist/fonts/opentype/public/inter/Inter-Regular.o
tf></usr/share/texlive/texmf-dist/fonts/opentype/public/inter/Inter-Bold.otf>
Output written on posho.pdf (413 pages, 2005060 bytes).
Transcript written on posho.log.
