This is LuaHBTeX, Version 1.17.0 (TeX Live 2023/Debian)  (format=lualatex 2026.8.11)  15 AUG 2026 15:44
 restricted system commands enabled.
**posho.tex
(./posho.tex
LaTeX2e <2023-11-01> patch level 1
L3 programming layer <2024-01-22>
Lua module: luaotfload 2023-08-31 3.26 Lua based OpenType font support
Lua module: lualibs 2023-07-13 2.76 ConTeXt Lua standard libraries.
Lua module: lualibs-extended 2023-07-13 2.76 ConTeXt Lua libraries -- extended c
ollection.
luaotfload | conf : Root cache directory is "/var/lib/texmf/luatex-cache/generic
/names".
luaotfload | init : Loading fontloader "fontloader-2023-08-19.lua" from kpse-res
olved path "/usr/share/texlive/texmf-dist/tex/luatex/luaotfload/fontloader-2023-
08-19.lua".
Lua-only attribute luaotfload@noligature = 1
luaotfload | init : Context OpenType loader version 3.133
Inserting `luaotfload.node_processor' in `pre_linebreak_filter'.
Inserting `luaotfload.node_processor' in `hpack_filter'.
Inserting `luaotfload.glyph_stream' in `glyph_stream_provider'.
Inserting `luaotfload.define_font' in `define_font'.
Lua-only attribute luaotfload_color_attribute = 2
luaotfload | conf : Root cache directory is "/var/lib/texmf/luatex-cache/generic
/names".
Inserting `luaotfload.harf.strip_prefix' in `find_opentype_file'.
Inserting `luaotfload.harf.strip_prefix' in `find_truetype_file'.
Removing  `luaotfload.glyph_stream' from `glyph_stream_provider'.
Inserting `luaotfload.harf.glyphstream' in `glyph_stream_provider'.
Inserting `luaotfload.harf.finalize_vlist' in `post_linebreak_filter'.
Inserting `luaotfload.harf.finalize_hlist' in `hpack_filter'.
Inserting `luaotfload.cleanup_files' in `wrapup_run'.
Inserting `luaotfload.harf.finalize_unicode' in `finish_pdffile'.
Inserting `luaotfload.glyphinfo' in `glyph_info'.
Lua-only attribute luaotfload.letterspace_done = 3
Inserting `luaotfload.aux.set_sscale_dimens' in `luaotfload.patch_font'.
Inserting `luaotfload.aux.set_font_index' in `luaotfload.patch_font'.
Inserting `luaotfload.aux.patch_cambria_domh' in `luaotfload.patch_font'.
Inserting `luaotfload.aux.fixup_fontdata' in `luaotfload.patch_font_unsafe'.
Inserting `luaotfload.aux.set_capheight' in `luaotfload.patch_font'.
Inserting `luaotfload.aux.set_xheight' in `luaotfload.patch_font'.
Inserting `luaotfload.rewrite_fontname' in `luaotfload.patch_font'.
Inserting `tracingstacklevels' in `input_level_string'. (/usr/share/texlive/tex
mf-dist/tex/latex/extsizes/extarticle.cls
Document Class: extarticle 1996/10/08 v1.0 Non Standard LaTeX document class
(/usr/share/texlive/texmf-dist/tex/latex/extsizes/size9.clo
File: size9.clo 1999/11/11 v1.4a NON-Standard LaTeX file (size option)
luaotfload | db : Font names database loaded from /var/lib/texmf/luatex-cache/ge
neric/names/luaotfload-names.luc.gz)
(/usr/share/texlive/texmf-dist/tex/latex/base/exscale.sty
Package: exscale 2018/09/24 v2.1i Standard LaTeX package exscale
LaTeX Font Info:    Redeclaring symbol font `largesymbols' on input line 57.
LaTeX Font Info:    Overwriting symbol font `largesymbols' in version `normal'
(Font)                  OMX/cmex/m/n --> OMX/cmex/m/n on input line 57.
LaTeX Font Info:    Overwriting symbol font `largesymbols' in version `bold'
(Font)                  OMX/cmex/m/n --> OMX/cmex/m/n on input line 57.
\big@size=\dimen139
)
\c@part=\count185
\c@section=\count186
\c@subsection=\count187
\c@subsubsection=\count188
\c@paragraph=\count189
\c@subparagraph=\count190
\c@figure=\count191
\c@table=\count192
\abovecaptionskip=\skip48
\belowcaptionskip=\skip49
\bibindent=\dimen140
)
(/usr/share/texlive/texmf-dist/tex/latex/geometry/geometry.sty
Package: geometry 2020/01/02 v5.9 Page Geometry

(/usr/share/texlive/texmf-dist/tex/latex/graphics/keyval.sty
Package: keyval 2022/05/29 v1.15 key=value parser (DPC)
\KV@toks@=\toks17
)
(/usr/share/texlive/texmf-dist/tex/generic/iftex/ifvtex.sty
Package: ifvtex 2019/10/25 v1.7 ifvtex legacy package. Use iftex instead.

(/usr/share/texlive/texmf-dist/tex/generic/iftex/iftex.sty
Package: iftex 2022/02/03 v1.0f TeX engine tests
))
\Gm@cnth=\count193
\Gm@cntv=\count194
\c@Gm@tempcnt=\count195
\Gm@bindingoffset=\dimen141
\Gm@wd@mp=\dimen142
\Gm@odd@mp=\dimen143
\Gm@even@mp=\dimen144
\Gm@layoutwidth=\dimen145
\Gm@layoutheight=\dimen146
\Gm@layouthoffset=\dimen147
\Gm@layoutvoffset=\dimen148
\Gm@dimlist=\toks18
)
(/usr/share/texlive/texmf-dist/tex/latex/fontspec/fontspec.sty
(/usr/share/texlive/texmf-dist/tex/latex/l3packages/xparse/xparse.sty
(/usr/share/texlive/texmf-dist/tex/latex/l3kernel/expl3.sty
Package: expl3 2024-01-22 L3 programming layer (loader) 

(/usr/share/texlive/texmf-dist/tex/latex/l3backend/l3backend-luatex.def
File: l3backend-luatex.def 2024-01-04 L3 backend support: PDF output (LuaTeX)
\l__color_backend_stack_int=\count196
Inserting `l3color' in `luaotfload.parse_color'.
\l__pdf_internal_box=\box51
))
Package: xparse 2023-10-10 L3 Experimental document command parser
)
Package: fontspec 2022/01/15 v2.8a Font selection for XeLaTeX and LuaLaTeX
Lua module: fontspec 2022/01/15 2.8a Font selection for XeLaTeX and LuaLaTeX
(/usr/share/texlive/texmf-dist/tex/latex/fontspec/fontspec-luatex.sty
Package: fontspec-luatex 2022/01/15 v2.8a Font selection for XeLaTeX and LuaLaT
eX
\l__fontspec_script_int=\count197
\l__fontspec_language_int=\count198
\l__fontspec_strnum_int=\count199
\l__fontspec_tmp_int=\count266
\l__fontspec_tmpa_int=\count267
\l__fontspec_tmpb_int=\count268
\l__fontspec_tmpc_int=\count269
\l__fontspec_em_int=\count270
\l__fontspec_emdef_int=\count271
\l__fontspec_strong_int=\count272
\l__fontspec_strongdef_int=\count273
\l__fontspec_tmpa_dim=\dimen149
\l__fontspec_tmpb_dim=\dimen150
\l__fontspec_tmpc_dim=\dimen151

(/usr/share/texlive/texmf-dist/tex/latex/base/fontenc.sty
Package: fontenc 2021/04/29 v2.0v Standard LaTeX package
)
(/usr/share/texlive/texmf-dist/tex/latex/fontspec/fontspec.cfg)))
(/usr/share/texlive/texmf-dist/tex/latex/tools/multicol.sty
Package: multicol 2023/03/30 v1.9f multicolumn formatting (FMi)
\c@tracingmulticols=\count274
\mult@box=\box52
\multicol@leftmargin=\dimen152
\c@unbalance=\count275
\c@collectmore=\count276
\doublecol@number=\count277
\multicoltolerance=\count278
\multicolpretolerance=\count279
\full@width=\dimen153
\page@free=\dimen154
\premulticols=\dimen155
\postmulticols=\dimen156
\multicolsep=\skip50
\multicolbaselineskip=\skip51
\partial@page=\box53
\last@line=\box54
\mc@boxedresult=\box55
\maxbalancingoverflow=\dimen157
\mult@rightbox=\box56
\mult@grightbox=\box57
\mult@firstbox=\box58
\mult@gfirstbox=\box59
\@tempa=\box60
\@tempa=\box61
\@tempa=\box62
\@tempa=\box63
\@tempa=\box64
\@tempa=\box65
\@tempa=\box66
\@tempa=\box67
\@tempa=\box68
\@tempa=\box69
\@tempa=\box70
\@tempa=\box71
\@tempa=\box72
\@tempa=\box73
\@tempa=\box74
\@tempa=\box75
\@tempa=\box76
\@tempa=\box77
\@tempa=\box78
\@tempa=\box79
\@tempa=\box80
\@tempa=\box81
\@tempa=\box82
\@tempa=\box83
\@tempa=\box84
\@tempa=\box85
\@tempa=\box86
\@tempa=\box87
\@tempa=\box88
\@tempa=\box89
\@tempa=\box90
\@tempa=\box91
\@tempa=\box92
\@tempa=\box93
\@tempa=\box94
\@tempa=\box95
\c@minrows=\count280
\c@columnbadness=\count281
\c@finalcolumnbadness=\count282
\last@try=\dimen158
\multicolovershoot=\dimen159
\multicolundershoot=\dimen160
\mult@nat@firstbox=\box96
\colbreak@box=\box97
\mc@col@check@num=\count283
)
(/usr/share/texlive/texmf-dist/tex/latex/fancyhdr/fancyhdr.sty
Package: fancyhdr 2022/11/09 v4.1 Extensive control of page headers and footers

\f@nch@headwidth=\skip52
\f@nch@O@elh=\skip53
\f@nch@O@erh=\skip54
\f@nch@O@olh=\skip55
\f@nch@O@orh=\skip56
\f@nch@O@elf=\skip57
\f@nch@O@erf=\skip58
\f@nch@O@olf=\skip59
\f@nch@O@orf=\skip60
)
(/usr/share/texlive/texmf-dist/tex/latex/microtype/microtype.sty
Package: microtype 2023/03/13 v3.1a Micro-typographical refinements (RS)

(/usr/share/texlive/texmf-dist/tex/latex/etoolbox/etoolbox.sty
Package: etoolbox 2020/10/05 v2.5k e-TeX tools for LaTeX (JAW)
\etb@tempcnta=\count284
)
\MT@toks=\toks19
\MT@tempbox=\box98
\MT@count=\count285
LaTeX Info: Redefining \noprotrusionifhmode on input line 1059.
LaTeX Info: Redefining \leftprotrusion on input line 1060.
\MT@prot@toks=\toks20
LaTeX Info: Redefining \rightprotrusion on input line 1078.
LaTeX Info: Redefining \textls on input line 1368.
\MT@outer@kern=\dimen161
LaTeX Info: Redefining \textmicrotypecontext on input line 1988.
\MT@listname@count=\count286

(/usr/share/texlive/texmf-dist/tex/latex/microtype/microtype-luatex.def
File: microtype-luatex.def 2023/03/13 v3.1a Definitions specific to luatex (RS)

Lua module: microtype 2023/03/13 3.1a microtype module.
Module microtype Info: overwriting function `keepligature' on input line 63
LaTeX Info: Redefining \lsstyle on input line 688.
LaTeX Info: Redefining \lslig on input line 688.
\MT@outer@space=\skip61
)
Package microtype Info: Loading configuration file microtype.cfg.

(/usr/share/texlive/texmf-dist/tex/latex/microtype/microtype.cfg
File: microtype.cfg 2023/03/13 v3.1a microtype main configuration file (RS)
))
(/usr/share/texlive/texmf-dist/tex/latex/xcolor/xcolor.sty
Package: xcolor 2023/11/15 v3.01 LaTeX color extensions (UK)

(/usr/share/texlive/texmf-dist/tex/latex/graphics-cfg/color.cfg
File: color.cfg 2016/01/02 v1.6 sample color configuration
)
Package xcolor Info: Driver file: luatex.def on input line 274.

(/usr/share/texlive/texmf-dist/tex/latex/graphics-def/luatex.def
File: luatex.def 2022/09/22 v1.2d Graphics/color driver for luatex
)
(/usr/share/texlive/texmf-dist/tex/latex/graphics/mathcolor.ltx)
Package xcolor Info: Model `cmy' substituted by `cmy0' on input line 1350.
Package xcolor Info: Model `hsb' substituted by `rgb' on input line 1354.
Package xcolor Info: Model `RGB' extended on input line 1366.
Package xcolor Info: Model `HTML' substituted by `rgb' on input line 1368.
Package xcolor Info: Model `Hsb' substituted by `hsb' on input line 1369.
Package xcolor Info: Model `tHsb' substituted by `hsb' on input line 1370.
Package xcolor Info: Model `HSB' substituted by `hsb' on input line 1371.
Package xcolor Info: Model `Gray' substituted by `gray' on input line 1372.
Package xcolor Info: Model `wave' substituted by `hsb' on input line 1373.
)
(/usr/share/texlive/texmf-dist/tex/latex/needspace/needspace.sty
Package: needspace 2010/09/12 v1.3d reserve vertical space
)
\idolingvo=\language2

(./idopatterns.tex
warning  (hyphenation): a conflicting pattern has been ignored
)
luaotfload | cache : Lookup cache loaded from /var/lib/texmf/luatex-cache/generi
c/names/luaotfload-lookup-cache.luc.
luaotfload | aux : font no 18 (nil) does not define feature onum for script latn
 with language dflt

Package fontspec Warning: OpenType feature 'Numbers=Lowercase' (onum) not
(fontspec)                available for font 'CharisSIL' with script
(fontspec)                'CustomDefault' and language 'Default'.

luaotfload | aux : font no 23 (nil) does not define feature onum for script latn
 with language dflt

Package fontspec Warning: OpenType feature 'Numbers=Lowercase' (onum) not
(fontspec)                available for font 'CharisSIL' with script
(fontspec)                'CustomDefault' and language 'Default'.

luaotfload | aux : font no 23 (nil) does not define feature onum for script latn
 with language dflt

Package fontspec Warning: OpenType feature 'Numbers=Lowercase' (onum) not
(fontspec)                available for font 'CharisSIL' with script
(fontspec)                'CustomDefault' and language 'Default'.

luaotfload | aux : font no 24 (nil) does not define feature onum for script latn
 with language dflt

Package fontspec Warning: OpenType feature 'Numbers=Lowercase' (onum) not
(fontspec)                available for font 'CharisSIL/B' with script
(fontspec)                'CustomDefault' and language 'Default'.

luaotfload | aux : font no 24 (nil) does not define feature onum for script latn
 with language dflt

Package fontspec Warning: OpenType feature 'Numbers=Lowercase' (onum) not
(fontspec)                available for font 'CharisSIL/B' with script
(fontspec)                'CustomDefault' and language 'Default'.

luaotfload | aux : font no 25 (nil) does not define feature onum for script latn
 with language dflt

Package fontspec Warning: OpenType feature 'Numbers=Lowercase' (onum) not
(fontspec)                available for font 'CharisSIL/I' with script
(fontspec)                'CustomDefault' and language 'Default'.

luaotfload | aux : font no 25 (nil) does not define feature onum for script latn
 with language dflt

Package fontspec Warning: OpenType feature 'Numbers=Lowercase' (onum) not
(fontspec)                available for font 'CharisSIL/I' with script
(fontspec)                'CustomDefault' and language 'Default'.

luaotfload | aux : font no 26 (nil) does not define feature onum for script latn
 with language dflt

Package fontspec Warning: OpenType feature 'Numbers=Lowercase' (onum) not
(fontspec)                available for font 'CharisSIL/BI' with script
(fontspec)                'CustomDefault' and language 'Default'.

luaotfload | aux : font no 26 (nil) does not define feature onum for script latn
 with language dflt

Package fontspec Warning: OpenType feature 'Numbers=Lowercase' (onum) not
(fontspec)                available for font 'CharisSIL/BI' with script
(fontspec)                'CustomDefault' and language 'Default'.


Package fontspec Info: Font family 'CharisSIL(0)' created for font 'Charis
(fontspec)             SIL' with options
(fontspec)             [Ligatures=TeX,Ligatures=TeX,Numbers=OldStyle].
(fontspec)              
(fontspec)              This font family consists of the following NFSS
(fontspec)             series/shapes:
(fontspec)              
(fontspec)             - 'normal' (m/n) with NFSS spec.:
(fontspec)             <->"CharisSIL:mode=node;script=latn;language=dflt;+tlig;
"
(fontspec)             - 'small caps'  (m/sc) with NFSS spec.:
(fontspec)             <->"CharisSIL:mode=node;script=latn;language=dflt;+tlig;
+smcp;"
(fontspec)             - 'bold' (b/n) with NFSS spec.:
(fontspec)             <->"CharisSIL/B:mode=node;script=latn;language=dflt;+tli
g;"
(fontspec)             - 'bold small caps'  (b/sc) with NFSS spec.:
(fontspec)             <->"CharisSIL/B:mode=node;script=latn;language=dflt;+tli
g;+smcp;"
(fontspec)             - 'italic' (m/it) with NFSS spec.:
(fontspec)             <->"CharisSIL/I:mode=node;script=latn;language=dflt;+tli
g;"
(fontspec)             - 'italic small caps'  (m/scit) with NFSS spec.:
(fontspec)             <->"CharisSIL/I:mode=node;script=latn;language=dflt;+tli
g;+smcp;"
(fontspec)             - 'bold italic' (b/it) with NFSS spec.:
(fontspec)             <->"CharisSIL/BI:mode=node;script=latn;language=dflt;+tl
ig;"
(fontspec)             - 'bold italic small caps'  (b/scit) with NFSS spec.:
(fontspec)             <->"CharisSIL/BI:mode=node;script=latn;language=dflt;+tl
ig;+smcp;"


Package fontspec Info: Font family 'Inter(0)' created for font 'Inter' with
(fontspec)             options [Ligatures=TeX].
(fontspec)              
(fontspec)              This font family consists of the following NFSS
(fontspec)             series/shapes:
(fontspec)              
(fontspec)             - 'normal' (m/n) with NFSS spec.:
(fontspec)             <->"Inter:mode=node;script=latn;language=dflt;+tlig;"
(fontspec)             - 'small caps'  (m/sc) with NFSS spec.:
(fontspec)             <->"Inter:mode=node;script=latn;language=dflt;+tlig;+smc
p;"
(fontspec)             - 'bold' (b/n) with NFSS spec.:
(fontspec)             <->"Inter/B:mode=node;script=latn;language=dflt;+tlig;"
(fontspec)             - 'bold small caps'  (b/sc) with NFSS spec.:
(fontspec)             <->"Inter/B:mode=node;script=latn;language=dflt;+tlig;+s
mcp;"
(fontspec)             - 'italic' (m/it) with NFSS spec.:
(fontspec)             <->"Inter/I:mode=node;script=latn;language=dflt;+tlig;"
(fontspec)             - 'italic small caps'  (m/scit) with NFSS spec.:
(fontspec)             <->"Inter/I:mode=node;script=latn;language=dflt;+tlig;+s
mcp;"
(fontspec)             - 'bold italic' (b/it) with NFSS spec.:
(fontspec)             <->"Inter/BI:mode=node;script=latn;language=dflt;+tlig;"

(fontspec)             - 'bold italic small caps'  (b/scit) with NFSS spec.:
(fontspec)             <->"Inter/BI:mode=node;script=latn;language=dflt;+tlig;+
smcp;"

(./posho.aux)
\openout1 = posho.aux

LaTeX Font Info:    Checking defaults for OML/cmm/m/it on input line 93.
LaTeX Font Info:    ... okay on input line 93.
LaTeX Font Info:    Checking defaults for OMS/cmsy/m/n on input line 93.
LaTeX Font Info:    ... okay on input line 93.
LaTeX Font Info:    Checking defaults for OT1/cmr/m/n on input line 93.
LaTeX Font Info:    ... okay on input line 93.
LaTeX Font Info:    Checking defaults for T1/cmr/m/n on input line 93.
LaTeX Font Info:    ... okay on input line 93.
LaTeX Font Info:    Checking defaults for TS1/cmr/m/n on input line 93.
LaTeX Font Info:    Trying to load font information for TS1+cmr on input line 9
3.
 (/usr/share/texlive/texmf-dist/tex/latex/base/ts1cmr.fd
File: ts1cmr.fd 2023/04/13 v2.5m Standard LaTeX font definitions
)
LaTeX Font Info:    ... okay on input line 93.
LaTeX Font Info:    Checking defaults for TU/lmr/m/n on input line 93.
LaTeX Font Info:    ... okay on input line 93.
LaTeX Font Info:    Checking defaults for OMX/cmex/m/n on input line 93.
LaTeX Font Info:    ... okay on input line 93.
LaTeX Font Info:    Checking defaults for U/cmr/m/n on input line 93.
LaTeX Font Info:    ... okay on input line 93.

*geometry* driver: auto-detecting
*geometry* detected driver: luatex
*geometry* verbose mode - [ preamble ] result:
* driver: luatex
* paper: custom
* layout: <same size as paper>
* layoutoffset:(h,v)=(0.0pt,0.0pt)
* modes: includehead twoside 
* h-part:(L,W,R)=(31.29802pt, 258.92009pt, 22.76219pt)
* v-part:(T,H,B)=(25.60747pt, 455.24411pt, 31.29802pt)
* \paperwidth=312.9803pt
* \paperheight=512.1496pt
* \textwidth=258.92009pt
* \textheight=434.7083pt
* \oddsidemargin=-40.97197pt
* \evensidemargin=-49.5078pt
* \topmargin=-46.66252pt
* \headheight=12.0pt
* \headsep=8.53581pt
* \topskip=9.0pt
* \footskip=30.0pt
* \marginparwidth=74.0pt
* \marginparsep=10.0pt
* \columnsep=11.95013pt
* \skip\footins=8.0pt plus 4.0pt minus 2.0pt
* \hoffset=0.0pt
* \voffset=0.0pt
* \mag=1000
* \@twocolumnfalse
* \@twosidetrue
* \@mparswitchtrue
* \@reversemarginfalse
* (1in=72.27pt=25.4mm, 1cm=28.453pt)


Package fontspec Info: Adjusting the maths setup (use [no-math] to avoid
(fontspec)             this).

\symlegacymaths=\mathgroup4
LaTeX Font Info:    Overwriting symbol font `legacymaths' in version `bold'
(Font)                  OT1/cmr/m/n --> OT1/cmr/bx/n on input line 93.
LaTeX Font Info:    Redeclaring math accent \acute on input line 93.
LaTeX Font Info:    Redeclaring math accent \grave on input line 93.
LaTeX Font Info:    Redeclaring math accent \ddot on input line 93.
LaTeX Font Info:    Redeclaring math accent \tilde on input line 93.
LaTeX Font Info:    Redeclaring math accent \bar on input line 93.
LaTeX Font Info:    Redeclaring math accent \breve on input line 93.
LaTeX Font Info:    Redeclaring math accent \check on input line 93.
LaTeX Font Info:    Redeclaring math accent \hat on input line 93.
LaTeX Font Info:    Redeclaring math accent \dot on input line 93.
LaTeX Font Info:    Redeclaring math accent \mathring on input line 93.
LaTeX Font Info:    Redeclaring math symbol \colon on input line 93.
LaTeX Font Info:    Redeclaring math symbol \Gamma on input line 93.
LaTeX Font Info:    Redeclaring math symbol \Delta on input line 93.
LaTeX Font Info:    Redeclaring math symbol \Theta on input line 93.
LaTeX Font Info:    Redeclaring math symbol \Lambda on input line 93.
LaTeX Font Info:    Redeclaring math symbol \Xi on input line 93.
LaTeX Font Info:    Redeclaring math symbol \Pi on input line 93.
LaTeX Font Info:    Redeclaring math symbol \Sigma on input line 93.
LaTeX Font Info:    Redeclaring math symbol \Upsilon on input line 93.
LaTeX Font Info:    Redeclaring math symbol \Phi on input line 93.
LaTeX Font Info:    Redeclaring math symbol \Psi on input line 93.
LaTeX Font Info:    Redeclaring math symbol \Omega on input line 93.
LaTeX Font Info:    Redeclaring math symbol \mathdollar on input line 93.
LaTeX Font Info:    Redeclaring symbol font `operators' on input line 93.
LaTeX Font Info:    Encoding `OT1' has changed to `TU' for symbol font
(Font)              `operators' in the math version `normal' on input line 93.
LaTeX Font Info:    Overwriting symbol font `operators' in version `normal'
(Font)                  OT1/cmr/m/n --> TU/CharisSIL(0)/m/n on input line 93.
LaTeX Font Info:    Encoding `OT1' has changed to `TU' for symbol font
(Font)              `operators' in the math version `bold' on input line 93.
LaTeX Font Info:    Overwriting symbol font `operators' in version `bold'
(Font)                  OT1/cmr/bx/n --> TU/CharisSIL(0)/m/n on input line 93.
LaTeX Font Info:    Overwriting symbol font `operators' in version `normal'
(Font)                  TU/CharisSIL(0)/m/n --> TU/CharisSIL(0)/m/n on input li
ne 93.
LaTeX Font Info:    Overwriting math alphabet `\mathit' in version `normal'
(Font)                  OT1/cmr/m/it --> TU/CharisSIL(0)/m/it on input line 93.

LaTeX Font Info:    Overwriting math alphabet `\mathbf' in version `normal'
(Font)                  OT1/cmr/bx/n --> TU/CharisSIL(0)/b/n on input line 93.
LaTeX Font Info:    Overwriting math alphabet `\mathsf' in version `normal'
(Font)                  OT1/cmss/m/n --> TU/lmss/m/n on input line 93.
LaTeX Font Info:    Overwriting math alphabet `\mathtt' in version `normal'
(Font)                  OT1/cmtt/m/n --> TU/lmtt/m/n on input line 93.
LaTeX Font Info:    Overwriting symbol font `operators' in version `bold'
(Font)                  TU/CharisSIL(0)/m/n --> TU/CharisSIL(0)/b/n on input li
ne 93.
LaTeX Font Info:    Overwriting math alphabet `\mathit' in version `bold'
(Font)                  OT1/cmr/bx/it --> TU/CharisSIL(0)/b/it on input line 93
.
LaTeX Font Info:    Overwriting math alphabet `\mathsf' in version `bold'
(Font)                  OT1/cmss/bx/n --> TU/lmss/b/n on input line 93.
LaTeX Font Info:    Overwriting math alphabet `\mathtt' in version `bold'
(Font)                  OT1/cmtt/m/n --> TU/lmtt/b/n on input line 93.
LaTeX Info: Redefining \microtypecontext on input line 93.
Package microtype Info: Applying patch `item' on input line 93.
Package microtype Info: Applying patch `toc' on input line 93.
Package microtype Info: Applying patch `eqnum' on input line 93.
Package microtype Info: Applying patch `footnote' on input line 93.
Package microtype Info: Applying patch `verbatim' on input line 93.
Package microtype Info: Generating PDF output.
Package microtype Info: Character protrusion enabled (level 2).
Package microtype Info: Using default protrusion set `alltext'.
Package microtype Info: Automatic font expansion enabled (level 2),
(microtype)             stretch: 20, shrink: 20, step: 1, non-selected.
Package microtype Info: Using default expansion set `alltext-nott'.
LaTeX Info: Redefining \showhyphens on input line 93.
Package microtype Info: No adjustment of tracking.
Package microtype Info: No adjustment of spacing.
Package microtype Info: No adjustment of kerning.
(/usr/share/texlive/texmf-dist/tex/latex/microtype/mt-CharisSIL.cfg
File: mt-CharisSIL.cfg 2017/07/07 v1.1 microtype config. file: Charis SIL (RS)
)
(/usr/share/texlive/texmf-dist/tex/context/base/mkii/supp-pdf.mkii
[Loading MPS to PDF converter (version 2006.09.02).]
\scratchcounter=\count287
\scratchdimen=\dimen162
\scratchbox=\box99
\nofMPsegments=\count288
\nofMParguments=\count289
\everyMPshowfont=\toks21
\MPscratchCnt=\count290
\MPscratchDim=\dimen163
\MPnumerator=\count291
\makeMPintoPDFobject=\count292
\everyMPtoPDFconversion=\toks22
)
Package microtype Info: Loading generic protrusion settings for font family
(microtype)             `Inter' (encoding: TU).
(microtype)             For optimal results, create family-specific settings.
(microtype)             See the microtype manual for details.
 [1

{/var/lib/texmf/fonts/map/pdftex/updmap/pdftex.map}] [2

] (./enhavo.tex

Package fancyhdr Warning: \headheight is too small (12.0pt): 
(fancyhdr)                Make it at least 16.54997pt, for example:
(fancyhdr)                \setlength{\headheight}{16.54997pt}.
(fancyhdr)                You might also make \topmargin smaller to compensate:

(fancyhdr)                \addtolength{\topmargin}{-4.54997pt}.

[3

]
Underfull \hbox (badness 10000) in paragraph at lines 52--53
\TU/CharisSIL(0)/m/n/8 onu pro-fe-sis til-lore\TU/Inter(0)/b/n/7 2. \TU/CharisS
IL(0)/m/it/8 (me-
 []


Underfull \hbox (badness 6001) in paragraph at lines 58--59
[]\TU/Inter(0)/b/n/8 abla-tivo[]\TU/CharisSIL(0)/m/it/8 (gram.) \TU/CharisSIL(0
)/m/n/8 Kazo di la
 []


Underfull \hbox (badness 10000) in paragraph at lines 76--77
[]\TU/Inter(0)/b/n/8 abor-tar[]\TU/CharisSIL(0)/m/it/8 (netrans.)\TU/Inter(0)/b
/n/7 1. \TU/CharisSIL(0)/m/it/8 (alu-dante
 []


Package fancyhdr Warning: \headheight is too small (12.0pt): 
(fancyhdr)                Make it at least 16.54997pt, for example:
(fancyhdr)                \setlength{\headheight}{16.54997pt}.
(fancyhdr)                You might also make \topmargin smaller to compensate:

(fancyhdr)                \addtolength{\topmargin}{-4.54997pt}.

[4]
Underfull \hbox (badness 10000) in paragraph at lines 92--93
\TU/CharisSIL(0)/m/n/8 po-zaji »\TU/CharisSIL(0)/m/it/8 L. ar-te-mi-sia ab-sin
-
 []


Package fancyhdr Warning: \headheight is too small (12.0pt): 
(fancyhdr)                Make it at least 16.54997pt, for example:
(fancyhdr)                \setlength{\headheight}{16.54997pt}.
(fancyhdr)                You might also make \topmargin smaller to compensate:

(fancyhdr)                \addtolength{\topmargin}{-4.54997pt}.

[5]
Underfull \hbox (badness 6316) in paragraph at lines 158--159
\TU/CharisSIL(0)/m/n/8 onu me-zu-ras la koncentreso-
 []


Underfull \hbox (badness 10000) in paragraph at lines 166--167
[]\TU/Inter(0)/b/n/8 adap-tar[]\TU/CharisSIL(0)/m/it/8 (trans., ad) \TU/CharisS
IL(0)/m/n/8 Uni-o-nar
 []


Underfull \hbox (badness 10000) in paragraph at lines 186--187
[]\TU/Inter(0)/b/n/8 ad-jek-tivo[]\TU/CharisSIL(0)/m/it/8 (gram.) \TU/CharisSIL
(0)/m/n/8 Vorto-
 []


Underfull \hbox (badness 10000) in paragraph at lines 186--187
\TU/CharisSIL(0)/m/n/8 speco qua ex-pre-sas la eso-
 []


Package fancyhdr Warning: \headheight is too small (12.0pt): 
(fancyhdr)                Make it at least 16.54997pt, for example:
(fancyhdr)                \setlength{\headheight}{16.54997pt}.
(fancyhdr)                You might also make \topmargin smaller to compensate:

(fancyhdr)                \addtolength{\topmargin}{-4.54997pt}.

[6]
Underfull \hbox (badness 6380) in paragraph at lines 200--201
[]\TU/Inter(0)/b/n/8 ad-mi-sar[]\TU/CharisSIL(0)/m/it/8 (trans., aden) \TU/Char
isSIL(0)/m/n/8 Acep-tar
 []


Underfull \hbox (badness 7099) in paragraph at lines 226--227
[]\TU/Inter(0)/b/n/8 adverbo[]\TU/CharisSIL(0)/m/it/8 (gram.) \TU/CharisSIL(0)/
m/n/8 Vorto-speco
 []


Underfull \hbox (badness 10000) in paragraph at lines 226--227
\TU/CharisSIL(0)/m/n/8 ne-va-riiva qua mo-di-fi-kas la
 []


Package fancyhdr Warning: \headheight is too small (12.0pt): 
(fancyhdr)                Make it at least 16.54997pt, for example:
(fancyhdr)                \setlength{\headheight}{16.54997pt}.
(fancyhdr)                You might also make \topmargin smaller to compensate:

(fancyhdr)                \addtolength{\topmargin}{-4.54997pt}.

[7]
Underfull \hbox (badness 10000) in paragraph at lines 260--261
[]\TU/Inter(0)/b/n/8 afek-tar[]\TU/CharisSIL(0)/m/it/8 (trans.)\TU/Inter(0)/b/n
/7 1. \TU/CharisSIL(0)/m/it/8 (me-di-cino)
 []


Underfull \hbox (badness 10000) in paragraph at lines 264--265
[]\TU/Inter(0)/b/n/8 afero[]\TU/Inter(0)/b/n/7 1. \TU/CharisSIL(0)/m/n/8 To quon
 onu ha-vas
 []


Underfull \hbox (badness 6927) in paragraph at lines 264--265
\TU/CharisSIL(0)/m/n/8 (3) ko-merco) Vendo-kontrato.
 []


Underfull \hbox (badness 5374) in paragraph at lines 280--281
\TU/CharisSIL(0)/m/n/8 de-sti-na-rio de la pago di la
 []


Underfull \hbox (badness 10000) in paragraph at lines 282--283
[]\TU/Inter(0)/b/n/8 afron-tar[]\TU/CharisSIL(0)/m/it/8 (trans.)\TU/Inter(0)/b/
n/7 1. \TU/CharisSIL(0)/m/n/8 Opo-zar su,
 []


Underfull \hbox (badness 10000) in paragraph at lines 294--295
[]\TU/Inter(0)/b/n/8 agapo[]\TU/CharisSIL(0)/m/it/8 (religio) \TU/CharisSIL(0)/
m/n/8 Re-pa-sto quan,
 []


Underfull \hbox (badness 6396) in paragraph at lines 294--295
\TU/CharisSIL(0)/m/n/8 ori-gine, la Kri-stani agis ko-
 []


Package fancyhdr Warning: \headheight is too small (12.0pt): 
(fancyhdr)                Make it at least 16.54997pt, for example:
(fancyhdr)                \setlength{\headheight}{16.54997pt}.
(fancyhdr)                You might also make \topmargin smaller to compensate:

(fancyhdr)                \addtolength{\topmargin}{-4.54997pt}.

[8]
Underfull \hbox (badness 10000) in paragraph at lines 340--341
\TU/CharisSIL(0)/m/n/8 li-mi-ti-zita por uzeso par-ti-ku-
 []


Package fancyhdr Warning: \headheight is too small (12.0pt): 
(fancyhdr)                Make it at least 16.54997pt, for example:
(fancyhdr)                \setlength{\headheight}{16.54997pt}.
(fancyhdr)                You might also make \topmargin smaller to compensate:

(fancyhdr)                \addtolength{\topmargin}{-4.54997pt}.

[9]

Package fancyhdr Warning: \headheight is too small (12.0pt): 
(fancyhdr)                Make it at least 16.54997pt, for example:
(fancyhdr)                \setlength{\headheight}{16.54997pt}.
(fancyhdr)                You might also make \topmargin smaller to compensate:

(fancyhdr)                \addtolength{\topmargin}{-4.54997pt}.

[10]
Underfull \hbox (badness 10000) in paragraph at lines 400--401
[]\TU/Inter(0)/b/n/8 akor-de-ono[] \TU/CharisSIL(0)/m/n/8 Muzik-instrumento,
 []


Underfull \hbox (badness 7116) in paragraph at lines 400--401
\TU/CharisSIL(0)/m/n/8 kun kla-varo, lan-geti me-tala,
 []


Package fancyhdr Warning: \headheight is too small (12.0pt): 
(fancyhdr)                Make it at least 16.54997pt, for example:
(fancyhdr)                \setlength{\headheight}{16.54997pt}.
(fancyhdr)                You might also make \topmargin smaller to compensate:

(fancyhdr)                \addtolength{\topmargin}{-4.54997pt}.

[11]
Underfull \hbox (badness 10000) in paragraph at lines 434--435
[]\TU/Inter(0)/b/n/8 aku-lar[]\TU/CharisSIL(0)/m/it/8 (trans., ad)\TU/Inter(0)/
b/n/7 1. \TU/CharisSIL(0)/m/n/8 Igar bu-
 []


Underfull \hbox (badness 7012) in paragraph at lines 440--441
\TU/CharisSIL(0)/m/n/8 cize ye la kloko kon-ven-ci-o-
 []


Underfull \hbox (badness 10000) in paragraph at lines 458--459
[]\TU/Inter(0)/b/n/8 alam-biko[] \TU/CharisSIL(0)/m/n/8 Apa-rato por di-sti-
 []


Package fancyhdr Warning: \headheight is too small (12.0pt): 
(fancyhdr)                Make it at least 16.54997pt, for example:
(fancyhdr)                \setlength{\headheight}{16.54997pt}.
(fancyhdr)                You might also make \topmargin smaller to compensate:

(fancyhdr)                \addtolength{\topmargin}{-4.54997pt}.

[12]

Package fancyhdr Warning: \headheight is too small (12.0pt): 
(fancyhdr)                Make it at least 16.54997pt, for example:
(fancyhdr)                \setlength{\headheight}{16.54997pt}.
(fancyhdr)                You might also make \topmargin smaller to compensate:

(fancyhdr)                \addtolength{\topmargin}{-4.54997pt}.

[13]
Underfull \hbox (badness 5711) in paragraph at lines 542--543
[]\TU/Inter(0)/b/n/8 al-kado[]\TU/CharisSIL(0)/m/it/8 (en Hi-spa-nia) \TU/Chari
sSIL(0)/m/n/8 Ju-di-cii-sto
 []


Underfull \hbox (badness 6592) in paragraph at lines 558--559
\TU/CharisSIL(0)/m/n/8 por lo-ki-zar ibe un o plura
 []


Package fancyhdr Warning: \headheight is too small (12.0pt): 
(fancyhdr)                Make it at least 16.54997pt, for example:
(fancyhdr)                \setlength{\headheight}{16.54997pt}.
(fancyhdr)                You might also make \topmargin smaller to compensate:

(fancyhdr)                \addtolength{\topmargin}{-4.54997pt}.

[14]
Underfull \hbox (badness 10000) in paragraph at lines 590--591
[]\TU/Inter(0)/b/n/8 « al-pari »[]\TU/Inter(0)/b/n/7 1. \TU/CharisSIL(0)/m/
it/8 (ko-merco) \TU/CharisSIL(0)/m/n/8 Inter-
 []


Underfull \hbox (badness 5077) in paragraph at lines 590--591
\TU/CharisSIL(0)/m/n/8 ne-tala pri du mer-kati fi-nan-
 []


Underfull \hbox (badness 6510) in paragraph at lines 608--609
\TU/CharisSIL(0)/m/n/8 pro-duk-tas elek-tro-fluo al-ter-na-
 []


Package fancyhdr Warning: \headheight is too small (12.0pt): 
(fancyhdr)                Make it at least 16.54997pt, for example:
(fancyhdr)                \setlength{\headheight}{16.54997pt}.
(fancyhdr)                You might also make \topmargin smaller to compensate:

(fancyhdr)                \addtolength{\topmargin}{-4.54997pt}.

[15]
Underfull \hbox (badness 10000) in paragraph at lines 656--657
[]\TU/Inter(0)/b/n/8 am-bi-dex-tra[] \TU/CharisSIL(0)/m/n/8 Qua uzas egale-
 []


Underfull \hbox (badness 10000) in paragraph at lines 666--667
[]\TU/Inter(0)/b/n/8 am-boso[] \TU/CharisSIL(0)/m/n/8 Maso de fero stalo-
 []


Underfull \hbox (badness 10000) in paragraph at lines 668--669
[]\TU/Inter(0)/b/n/8 am-bro[] \TU/CharisSIL(0)/m/n/8 Sub-stanco va-xa-tra,
 []


Underfull \hbox (badness 10000) in paragraph at lines 670--671
[]\TU/Inter(0)/b/n/8 am-bro-zio[]\TU/CharisSIL(0)/m/it/8 (mitol.) \TU/CharisSIL
(0)/m/n/8 Sub-stanco
 []


Package fancyhdr Warning: \headheight is too small (12.0pt): 
(fancyhdr)                Make it at least 16.54997pt, for example:
(fancyhdr)                \setlength{\headheight}{16.54997pt}.
(fancyhdr)                You might also make \topmargin smaller to compensate:

(fancyhdr)                \addtolength{\topmargin}{-4.54997pt}.

[16]
Underfull \hbox (badness 10000) in paragraph at lines 694--695
[]\TU/Inter(0)/b/n/8 am-fi-mi-xio[]\TU/CharisSIL(0)/m/it/8 (biol.) \TU/CharisSI
L(0)/m/n/8 Ri-pro-dukto
 []


Underfull \hbox (badness 10000) in paragraph at lines 698--699
\TU/CharisSIL(0)/m/n/8 mem-brano di la ti-suo ce-lu-
 []


Underfull \hbox (badness 6188) in paragraph at lines 700--701
\TU/CharisSIL(0)/m/n/8 a-tori\TU/Inter(0)/b/n/7 2. \TU/CharisSIL(0)/m/n/8 Parto di te-a-tro mo-
 []


Underfull \hbox (badness 10000) in paragraph at lines 708--709
[]\TU/Inter(0)/b/n/8 ami-dolo[]\TU/CharisSIL(0)/m/it/8 (kemio) \TU/CharisSIL(0)
/m/n/8 Di-a-mi-do-fe-nolo
 []


Underfull \hbox (badness 10000) in paragraph at lines 712--713
[]\TU/Inter(0)/b/n/8 amilo[]\TU/CharisSIL(0)/m/it/8 (kemio) \TU/CharisSIL(0)/m/
n/8 (CH₃)₂. CH.
 []


Package fancyhdr Warning: \headheight is too small (12.0pt): 
(fancyhdr)                Make it at least 16.54997pt, for example:
(fancyhdr)                \setlength{\headheight}{16.54997pt}.
(fancyhdr)                You might also make \topmargin smaller to compensate:

(fancyhdr)                \addtolength{\topmargin}{-4.54997pt}.

[17]
Underfull \hbox (badness 10000) in paragraph at lines 726--727
[]\TU/Inter(0)/b/n/8 amo-ni-ako[]\TU/CharisSIL(0)/m/it/8 (kemio) \TU/CharisSIL(
0)/m/n/8 Amonio-
 []


Underfull \hbox (badness 10000) in paragraph at lines 740--741
\TU/CharisSIL(0)/m/n/8 vi-o-len-toza; fe-bli-gar\TU/Inter(0)/b/n/7 2. \TU/Chari
sSIL(0)/m/n/8 Ex-tin-
 []


Underfull \hbox (badness 10000) in paragraph at lines 746--747
[]\TU/Inter(0)/b/n/8 ampè-re-me-tro[]\TU/CharisSIL(0)/m/it/8 (elektro) \TU/Cha
risSIL(0)/m/n/8 In-stru-
 []


Underfull \hbox (badness 10000) in paragraph at lines 750--751
[]\TU/Inter(0)/b/n/8 am-pli-tudo[] \TU/CharisSIL(0)/m/n/8 Grandeso-grado di
 []


Underfull \hbox (badness 10000) in paragraph at lines 756--757
[]\TU/Inter(0)/b/n/8 amu-leto[] \TU/CharisSIL(0)/m/n/8 Ob-jekto a qua onu
 []


Underfull \hbox (badness 10000) in paragraph at lines 756--757
\TU/CharisSIL(0)/m/n/8 atri-buas su-per-sti-coze ku-ra-ci-
 []


Package fancyhdr Warning: \headheight is too small (12.0pt): 
(fancyhdr)                Make it at least 16.54997pt, for example:
(fancyhdr)                \setlength{\headheight}{16.54997pt}.
(fancyhdr)                You might also make \topmargin smaller to compensate:

(fancyhdr)                \addtolength{\topmargin}{-4.54997pt}.

[18]

Package fancyhdr Warning: \headheight is too small (12.0pt): 
(fancyhdr)                Make it at least 16.54997pt, for example:
(fancyhdr)                \setlength{\headheight}{16.54997pt}.
(fancyhdr)                You might also make \topmargin smaller to compensate:

(fancyhdr)                \addtolength{\topmargin}{-4.54997pt}.

[19]
Underfull \hbox (badness 10000) in paragraph at lines 830--831
\TU/CharisSIL(0)/m/n/8 duk-tata da la po-vre-sko di
 []


Underfull \hbox (badness 10000) in paragraph at lines 838--839
[]\TU/Inter(0)/b/n/8 ane-ro-ido[] \TU/CharisSIL(0)/m/n/8 Ba-ro-me-tro sen li-qu-

 []


Underfull \hbox (badness 10000) in paragraph at lines 866--867
[]\TU/Inter(0)/b/n/8 an-gulo[]\TU/CharisSIL(0)/m/it/8 (geom.) \TU/CharisSIL(0)/
m/n/8 Inter-eskarto-
 []


Package fancyhdr Warning: \headheight is too small (12.0pt): 
(fancyhdr)                Make it at least 16.54997pt, for example:
(fancyhdr)                \setlength{\headheight}{16.54997pt}.
(fancyhdr)                You might also make \topmargin smaller to compensate:

(fancyhdr)                \addtolength{\topmargin}{-4.54997pt}.

[20]
Underfull \hbox (badness 10000) in paragraph at lines 918--919
[]\TU/Inter(0)/b/n/8 ante[] \TU/CharisSIL(0)/m/n/8 En epoko qua pre-iras
 []


Package fancyhdr Warning: \headheight is too small (12.0pt): 
(fancyhdr)                Make it at least 16.54997pt, for example:
(fancyhdr)                \setlength{\headheight}{16.54997pt}.
(fancyhdr)                You might also make \topmargin smaller to compensate:

(fancyhdr)                \addtolength{\topmargin}{-4.54997pt}.

[21]
Underfull \hbox (badness 5260) in paragraph at lines 948--949
\TU/CharisSIL(0)/m/n/8 nu-kleo ostoza, bloka\TU/CharisSIL(0)/m/it/8 L. an-ti-
 []


Underfull \hbox (badness 10000) in paragraph at lines 964--965
\TU/CharisSIL(0)/m/n/8 te-sas da la apu-digo di du
 []


Underfull \hbox (badness 6001) in paragraph at lines 988--989
[]\TU/Inter(0)/b/n/8 anuso[]\TU/CharisSIL(0)/m/it/8 (anat.) \TU/CharisSIL(0)/m/
n/8 Ori-fico ex-tera
 []


Package fancyhdr Warning: \headheight is too small (12.0pt): 
(fancyhdr)                Make it at least 16.54997pt, for example:
(fancyhdr)                \setlength{\headheight}{16.54997pt}.
(fancyhdr)                You might also make \topmargin smaller to compensate:

(fancyhdr)                \addtolength{\topmargin}{-4.54997pt}.

[22]
Underfull \hbox (badness 5260) in paragraph at lines 1014--1015
[]\TU/Inter(0)/b/n/8 apen-di-cito[]\TU/CharisSIL(0)/m/it/8 (patol.) \TU/CharisS
IL(0)/m/n/8 In-fla-muro
 []


Package fancyhdr Warning: \headheight is too small (12.0pt): 
(fancyhdr)                Make it at least 16.54997pt, for example:
(fancyhdr)                \setlength{\headheight}{16.54997pt}.
(fancyhdr)                You might also make \topmargin smaller to compensate:

(fancyhdr)                \addtolength{\topmargin}{-4.54997pt}.

[23]
Underfull \hbox (badness 7186) in paragraph at lines 1050--1051
\TU/CharisSIL(0)/m/n/8 e Suno di-stas de Tero ma-
 []


Underfull \hbox (badness 10000) in paragraph at lines 1054--1055
[]\TU/Inter(0)/b/n/8 apo-krifa[]\TU/CharisSIL(0)/m/it/8 (religio)\TU/Inter(0)/b
/n/7 1. \TU/CharisSIL(0)/m/n/8 Ne acep-
 []


Underfull \hbox (badness 5681) in paragraph at lines 1080--1081
[]\TU/Inter(0)/b/n/8 apo-zi-ci-ono[]\TU/CharisSIL(0)/m/it/8 (gram.) \TU/CharisS
IL(0)/m/n/8 Qu-a-li-fiko
 []


Underfull \hbox (badness 6559) in paragraph at lines 1090--1091
\TU/CharisSIL(0)/m/n/8 mulo) ke akto, konto, esas
 []


Package fancyhdr Warning: \headheight is too small (12.0pt): 
(fancyhdr)                Make it at least 16.54997pt, for example:
(fancyhdr)                \setlength{\headheight}{16.54997pt}.
(fancyhdr)                You might also make \topmargin smaller to compensate:

(fancyhdr)                \addtolength{\topmargin}{-4.54997pt}.

[24]

Package fancyhdr Warning: \headheight is too small (12.0pt): 
(fancyhdr)                Make it at least 16.54997pt, for example:
(fancyhdr)                \setlength{\headheight}{16.54997pt}.
(fancyhdr)                You might also make \topmargin smaller to compensate:

(fancyhdr)                \addtolength{\topmargin}{-4.54997pt}.

[25]
Underfull \hbox (badness 5504) in paragraph at lines 1154--1155
[]\TU/Inter(0)/b/n/8 ar-dezo[] \TU/CharisSIL(0)/m/n/8 Argilo-skisto, ne-bu-la-tr
e
 []


Underfull \hbox (badness 8075) in paragraph at lines 1160--1161
\TU/CharisSIL(0)/m/n/8 de la fa-mi-lio « pal-mi-ero »\TU/CharisSIL(0)/m/it/
8 L.
 []


Underfull \hbox (badness 6412) in paragraph at lines 1170--1171
\TU/CharisSIL(0)/m/n/8 me-zu-rar la denseso-grado di
 []


Underfull \hbox (badness 7722) in paragraph at lines 1194--1195
\TU/CharisSIL(0)/m/n/8 e de toni ye qui kon-si-stas
 []


Package fancyhdr Warning: \headheight is too small (12.0pt): 
(fancyhdr)                Make it at least 16.54997pt, for example:
(fancyhdr)                \setlength{\headheight}{16.54997pt}.
(fancyhdr)                You might also make \topmargin smaller to compensate:

(fancyhdr)                \addtolength{\topmargin}{-4.54997pt}.

[26]
Underfull \hbox (badness 10000) in paragraph at lines 1204--1205
[]\TU/Inter(0)/b/n/8 arit-mo-grafo[] \TU/CharisSIL(0)/m/n/8 Apa-rato por kal-
 []


Underfull \hbox (badness 10000) in paragraph at lines 1204--1205
\TU/CharisSIL(0)/m/n/8 ku-lar me-ka-nike; kalkulo-
 []


Overfull \hbox (3.74931pt too wide) in paragraph at lines 1210--1211
[]\TU/Inter(0)/b/n/8 arit-mo-me-tro[] \TU/CharisSIL(0)/m/n/8 Kalkulo-linealo[]\
TU/Inter(0)/m/n/6 DEFIRS[] 
 []


Underfull \hbox (badness 10000) in paragraph at lines 1254--1255
\TU/CharisSIL(0)/m/n/8 li-neo ir-ga-speca\TU/Inter(0)/b/n/7 2. \TU/CharisSIL(0)
/m/n/8 Kon-struk-
 []


Package fancyhdr Warning: \headheight is too small (12.0pt): 
(fancyhdr)                Make it at least 16.54997pt, for example:
(fancyhdr)                \setlength{\headheight}{16.54997pt}.
(fancyhdr)                You might also make \topmargin smaller to compensate:

(fancyhdr)                \addtolength{\topmargin}{-4.54997pt}.

[27]

Package fancyhdr Warning: \headheight is too small (12.0pt): 
(fancyhdr)                Make it at least 16.54997pt, for example:
(fancyhdr)                \setlength{\headheight}{16.54997pt}.
(fancyhdr)                You might also make \topmargin smaller to compensate:

(fancyhdr)                \addtolength{\topmargin}{-4.54997pt}.

[28]
Underfull \hbox (badness 10000) in paragraph at lines 1322--1323
[]\TU/Inter(0)/b/n/8 ar-til-rio[]\TU/CharisSIL(0)/m/it/8 (milit-arto) \TU/Chari
sSIL(0)/m/n/8 Armeo-korpo
 []


Underfull \hbox (badness 5036) in paragraph at lines 1352--1353
[]\TU/Inter(0)/b/n/8 asem-blar[]\TU/Inter(0)/b/n/7 1. \TU/CharisSIL(0)/m/n/8 Jun
-ti-gar pro-vi-zore
 []


Underfull \hbox (badness 10000) in paragraph at lines 1354--1355
[]\TU/Inter(0)/b/n/8 asen-tar[]\TU/CharisSIL(0)/m/it/8 (trans.) \TU/CharisSIL(0
)/m/n/8 Adop-tar la
 []


Underfull \hbox (badness 10000) in paragraph at lines 1356--1357
[]\TU/Inter(0)/b/n/8 asepta[] \TU/CharisSIL(0)/m/n/8 Qua ne kon-te-nas mi-
 []


Underfull \hbox (badness 10000) in paragraph at lines 1360--1361
\TU/CharisSIL(0)/m/n/8 pre-ci-pue di la lago Asphal-
 []


Underfull \hbox (badness 10000) in paragraph at lines 1362--1363
[]\TU/Inter(0)/b/n/8 as-fi-xiar[]\TU/CharisSIL(0)/m/it/8 (trans.) \TU/CharisSIL
(0)/m/n/8 Hal-ti-gar la
 []


Package fancyhdr Warning: \headheight is too small (12.0pt): 
(fancyhdr)                Make it at least 16.54997pt, for example:
(fancyhdr)                \setlength{\headheight}{16.54997pt}.
(fancyhdr)                You might also make \topmargin smaller to compensate:

(fancyhdr)                \addtolength{\topmargin}{-4.54997pt}.

[29]
Underfull \hbox (badness 5771) in paragraph at lines 1396--1397
\TU/CharisSIL(0)/m/n/8 ve-nar (alu-dante la sama so-
 []


Underfull \hbox (badness 6842) in paragraph at lines 1398--1399
[]\TU/Inter(0)/b/n/8 asor-tar[]\TU/CharisSIL(0)/m/it/8 (trans., kun) \TU/Charis
SIL(0)/m/n/8 Kun-po-zar
 []


Underfull \hbox (badness 10000) in paragraph at lines 1400--1401
[]\TU/Inter(0)/b/n/8 aspa-ra-gino[]\TU/CharisSIL(0)/m/it/8 (C₈H₈AZ₂O₆) 
\TU/CharisSIL(0)/m/n/8 Sub-
 []


Underfull \hbox (badness 10000) in paragraph at lines 1400--1401
\TU/CharisSIL(0)/m/n/8 stanco quan onu ren-kon-tras
 []


Package fancyhdr Warning: \headheight is too small (12.0pt): 
(fancyhdr)                Make it at least 16.54997pt, for example:
(fancyhdr)                \setlength{\headheight}{16.54997pt}.
(fancyhdr)                You might also make \topmargin smaller to compensate:

(fancyhdr)                \addtolength{\topmargin}{-4.54997pt}.

[30]
Underfull \hbox (badness 10000) in paragraph at lines 1420--1421
[]\TU/Inter(0)/b/n/8 aspi-rino[] \TU/CharisSIL(0)/m/n/8 Acido acetil-salicila
 :
 []


Underfull \hbox (badness 10000) in paragraph at lines 1420--1421
\TU/CharisSIL(0)/m/n/8 CH₃COOC₆H₄COOH. Korpo
 []


Underfull \hbox (badness 10000) in paragraph at lines 1452--1453
[]\TU/Inter(0)/b/n/8 astro-ida[] \TU/CharisSIL(0)/m/n/8 Astro-forma, stelo-
 []


Underfull \hbox (badness 10000) in paragraph at lines 1460--1461
[]\TU/Inter(0)/b/n/8 astro-no-mio[] \TU/CharisSIL(0)/m/n/8 Ci-enco pri la
 []


Underfull \hbox (badness 5667) in paragraph at lines 1474--1475
[]\TU/Inter(0)/b/n/8 ata-ra-xio[] \TU/CharisSIL(0)/m/n/8 Qu-i-e-teso di la psiko

 []


Package fancyhdr Warning: \headheight is too small (12.0pt): 
(fancyhdr)                Make it at least 16.54997pt, for example:
(fancyhdr)                \setlength{\headheight}{16.54997pt}.
(fancyhdr)                You might also make \topmargin smaller to compensate:

(fancyhdr)                \addtolength{\topmargin}{-4.54997pt}.

[31]
Underfull \hbox (badness 10000) in paragraph at lines 1482--1483
[]\TU/Inter(0)/b/n/8 ate-i-smo[] \TU/CharisSIL(0)/m/n/8 Opi-ni-ono di la per-
 []


Underfull \hbox (badness 10000) in paragraph at lines 1490--1491
[]\TU/Inter(0)/b/n/8 aten-tar[]\TU/CharisSIL(0)/m/it/8 (trans.) \TU/CharisSIL(0
)/m/n/8 Krimino-
 []


Underfull \hbox (badness 10000) in paragraph at lines 1546--1547
[]\TU/Inter(0)/b/n/8 augias-stablo[] \TU/CharisSIL(0)/m/n/8 Loko tre sor-
 []


Underfull \hbox (badness 6927) in paragraph at lines 1548--1549
[]\TU/Inter(0)/b/n/8 aug-men-tar[]\TU/CharisSIL(0)/m/it/8 (trans.) \TU/CharisSI
L(0)/m/n/8 Igar plu
 []


Package fancyhdr Warning: \headheight is too small (12.0pt): 
(fancyhdr)                Make it at least 16.54997pt, for example:
(fancyhdr)                \setlength{\headheight}{16.54997pt}.
(fancyhdr)                You might also make \topmargin smaller to compensate:

(fancyhdr)                \addtolength{\topmargin}{-4.54997pt}.

[32]
Underfull \hbox (badness 10000) in paragraph at lines 1568--1569
[]\TU/Inter(0)/b/n/8 au-stro[] \TU/CharisSIL(0)/m/n/8 Vento de la re-gi-oni
 []


Underfull \hbox (badness 7595) in paragraph at lines 1602--1603
[]\TU/Inter(0)/b/n/8 au-to-mor-foso[]\TU/CharisSIL(0)/m/it/8 (biol.) \TU/Charis
SIL(0)/m/n/8 Mor-foso
 []


Package fancyhdr Warning: \headheight is too small (12.0pt): 
(fancyhdr)                Make it at least 16.54997pt, for example:
(fancyhdr)                \setlength{\headheight}{16.54997pt}.
(fancyhdr)                You might also make \topmargin smaller to compensate:

(fancyhdr)                \addtolength{\topmargin}{-4.54997pt}.

[33]
Underfull \hbox (badness 10000) in paragraph at lines 1610--1611
[]\TU/Inter(0)/b/n/8 au-toro[]\TU/Inter(0)/b/n/7 1. \TU/CharisSIL(0)/m/n/8 La ka
-uzo prima di
 []


Underfull \hbox (badness 10000) in paragraph at lines 1614--1615
[]\TU/Inter(0)/b/n/8 au-to-ti-par[]\TU/CharisSIL(0)/m/it/8 (trans.) \TU/CharisS
IL(0)/m/n/8 Fo-to-gra-far
 []


Underfull \hbox (badness 5077) in paragraph at lines 1638--1639
\TU/CharisSIL(0)/m/n/8 per in-vo-lu-kro\TU/CharisSIL(0)/m/it/8 L. cory-lus evel-

 []


Underfull \hbox (badness 10000) in paragraph at lines 1652--1653
[]\TU/Inter(0)/b/n/8 avida[] \TU/CharisSIL(0)/m/n/8 Qua de-zi-ras ulo ne-
 []


Underfull \hbox (badness 10000) in paragraph at lines 1654--1655
[]\TU/Inter(0)/b/n/8 avi-zar[]\TU/CharisSIL(0)/m/it/8 (trans., pri) \TU/CharisS
IL(0)/m/n/8 Do-nar in-
 []


Package fancyhdr Warning: \headheight is too small (12.0pt): 
(fancyhdr)                Make it at least 16.54997pt, for example:
(fancyhdr)                \setlength{\headheight}{16.54997pt}.
(fancyhdr)                You might also make \topmargin smaller to compensate:

(fancyhdr)                \addtolength{\topmargin}{-4.54997pt}.

[34]
Underfull \hbox (badness 10000) in paragraph at lines 1674--1675
\TU/CharisSIL(0)/m/n/8 mi-lio « eri-ka-cei », kul-ti-vata
 []


Package fancyhdr Warning: \headheight is too small (12.0pt): 
(fancyhdr)                Make it at least 16.54997pt, for example:
(fancyhdr)                \setlength{\headheight}{16.54997pt}.
(fancyhdr)                You might also make \topmargin smaller to compensate:

(fancyhdr)                \addtolength{\topmargin}{-4.54997pt}.

[35] [36

]

Package fancyhdr Warning: \headheight is too small (12.0pt): 
(fancyhdr)                Make it at least 16.54997pt, for example:
(fancyhdr)                \setlength{\headheight}{16.54997pt}.
(fancyhdr)                You might also make \topmargin smaller to compensate:

(fancyhdr)                \addtolength{\topmargin}{-4.54997pt}.

[37]
Underfull \hbox (badness 10000) in paragraph at lines 1773--1774
[]\TU/Inter(0)/b/n/8 ba-lu-strado[] \TU/CharisSIL(0)/m/n/8 Rango for-ma-cita
 []


Underfull \hbox (badness 10000) in paragraph at lines 1775--1776
[]\TU/Inter(0)/b/n/8 ba-lu-stro[] \TU/CharisSIL(0)/m/n/8 Mi-kra pi-la-stro fa-so
-
 []


Underfull \hbox (badness 10000) in paragraph at lines 1779--1780
[]\TU/Inter(0)/b/n/8 bal-zamo[]\TU/CharisSIL(0)/m/it/8 (anke me-taf.)\TU/Inter(
0)/b/n/7 1. \TU/CharisSIL(0)/m/n/8 Sub-
 []


Package fancyhdr Warning: \headheight is too small (12.0pt): 
(fancyhdr)                Make it at least 16.54997pt, for example:
(fancyhdr)                \setlength{\headheight}{16.54997pt}.
(fancyhdr)                You might also make \topmargin smaller to compensate:

(fancyhdr)                \addtolength{\topmargin}{-4.54997pt}.

[38]
Underfull \hbox (badness 10000) in paragraph at lines 1819--1820
[]\TU/Inter(0)/b/n/8 bar-bara[] \TU/CharisSIL(0)/m/n/8 Stran-jera pri ci-vi-li-
 []


Package fancyhdr Warning: \headheight is too small (12.0pt): 
(fancyhdr)                Make it at least 16.54997pt, for example:
(fancyhdr)                \setlength{\headheight}{16.54997pt}.
(fancyhdr)                You might also make \topmargin smaller to compensate:

(fancyhdr)                \addtolength{\topmargin}{-4.54997pt}.

[39]

Package fancyhdr Warning: \headheight is too small (12.0pt): 
(fancyhdr)                Make it at least 16.54997pt, for example:
(fancyhdr)                \setlength{\headheight}{16.54997pt}.
(fancyhdr)                You might also make \topmargin smaller to compensate:

(fancyhdr)                \addtolength{\topmargin}{-4.54997pt}.

[40]
Underfull \hbox (badness 10000) in paragraph at lines 1891--1892
[]\TU/Inter(0)/b/n/8 ba-ta-liar[]\TU/CharisSIL(0)/m/it/8 (netrans.) \TU/CharisS
IL(0)/m/n/8 Kom-ba-tar
 []


Underfull \hbox (badness 10000) in paragraph at lines 1899--1900
\TU/CharisSIL(0)/m/n/8 plura ka-noni por de-struk-tar
 []


Underfull \hbox (badness 10000) in paragraph at lines 1899--1900
\TU/CharisSIL(0)/m/n/8 Asem-blajo de plura elektro-
 []


Underfull \hbox (badness 10000) in paragraph at lines 1899--1900
\TU/CharisSIL(0)/m/n/8 kondensatori por pro-duk-tar
 []


Underfull \hbox (badness 10000) in paragraph at lines 1901--1902
[]\TU/Inter(0)/b/n/8 ba-ti-sto[] \TU/CharisSIL(0)/m/n/8 Dina stofo, ex-treme
 []


Underfull \hbox (badness 10000) in paragraph at lines 1907--1908
[]\TU/Inter(0)/b/n/8 ba-ya-dero[] \TU/CharisSIL(0)/m/n/8 Dan-si-stino In-di-
 []


Underfull \hbox (badness 10000) in paragraph at lines 1915--1916
\TU/CharisSIL(0)/m/n/8 la Ori-en-tani\TU/Inter(0)/b/n/7 2. \TU/CharisSIL(0)/m/n
/8 Edi-fico plur-
 []


Underfull \hbox (badness 10000) in paragraph at lines 1915--1916
\TU/CharisSIL(0)/m/n/8 ube ven-de-sas ob-jekti omna-
 []


Package fancyhdr Warning: \headheight is too small (12.0pt): 
(fancyhdr)                Make it at least 16.54997pt, for example:
(fancyhdr)                \setlength{\headheight}{16.54997pt}.
(fancyhdr)                You might also make \topmargin smaller to compensate:

(fancyhdr)                \addtolength{\topmargin}{-4.54997pt}.

[41]
Underfull \hbox (badness 10000) in paragraph at lines 1941--1942
[]\TU/Inter(0)/b/n/8 be-ka-figo[]\TU/CharisSIL(0)/m/it/8 (zool.) \TU/CharisSIL(
0)/m/n/8 Ula mi-kra
 []


Underfull \hbox (badness 10000) in paragraph at lines 1947--1948
[]\TU/Inter(0)/b/n/8 bela[] \TU/CharisSIL(0)/m/n/8 Qua ve-ki-gas la admiro-
 []


Underfull \hbox (badness 10000) in paragraph at lines 1955--1956
[]\TU/Inter(0)/b/n/8 be-molo[]\TU/CharisSIL(0)/m/it/8 (muziko) \TU/CharisSIL(0)
/m/n/8 Si-gno po-zita
 []


Package fancyhdr Warning: \headheight is too small (12.0pt): 
(fancyhdr)                Make it at least 16.54997pt, for example:
(fancyhdr)                \setlength{\headheight}{16.54997pt}.
(fancyhdr)                You might also make \topmargin smaller to compensate:

(fancyhdr)                \addtolength{\topmargin}{-4.54997pt}.

[42]
Underfull \hbox (badness 5359) in paragraph at lines 1991--1992
[]\TU/Inter(0)/b/n/8 ber-lino[] \TU/CharisSIL(0)/m/n/8 Granda ka-roso klo-zita,
 []


Package fancyhdr Warning: \headheight is too small (12.0pt): 
(fancyhdr)                Make it at least 16.54997pt, for example:
(fancyhdr)                \setlength{\headheight}{16.54997pt}.
(fancyhdr)                You might also make \topmargin smaller to compensate:

(fancyhdr)                \addtolength{\topmargin}{-4.54997pt}.

[43]
Underfull \hbox (badness 10000) in paragraph at lines 2031--2032
\TU/CharisSIL(0)/m/n/8 « Olda Te-sta-mento », che la
 []


Underfull \hbox (badness 7151) in paragraph at lines 2043--2044
\TU/CharisSIL(0)/m/n/8 de-sti-nita a ko-qu-eso sur gri-
 []


Package fancyhdr Warning: \headheight is too small (12.0pt): 
(fancyhdr)                Make it at least 16.54997pt, for example:
(fancyhdr)                \setlength{\headheight}{16.54997pt}.
(fancyhdr)                You might also make \topmargin smaller to compensate:

(fancyhdr)                \addtolength{\topmargin}{-4.54997pt}.

[44]
Underfull \hbox (badness 10000) in paragraph at lines 2105--2106
[]\TU/Inter(0)/b/n/8 bi-smuto[]\TU/CharisSIL(0)/m/it/8 (kemio) \TU/CharisSIL(0)
/m/n/8 Me-talo grize-
 []


Package fancyhdr Warning: \headheight is too small (12.0pt): 
(fancyhdr)                Make it at least 16.54997pt, for example:
(fancyhdr)                \setlength{\headheight}{16.54997pt}.
(fancyhdr)                You might also make \topmargin smaller to compensate:

(fancyhdr)                \addtolength{\topmargin}{-4.54997pt}.

[45]
Underfull \hbox (badness 10000) in paragraph at lines 2149--2150
[]\TU/Inter(0)/b/n/8 blok-ha-uso[]\TU/CharisSIL(0)/m/it/8 (milit.) \TU/CharisSI
L(0)/m/n/8 Fu-or-teto
 []


Package fancyhdr Warning: \headheight is too small (12.0pt): 
(fancyhdr)                Make it at least 16.54997pt, for example:
(fancyhdr)                \setlength{\headheight}{16.54997pt}.
(fancyhdr)                You might also make \topmargin smaller to compensate:

(fancyhdr)                \addtolength{\topmargin}{-4.54997pt}.

[46]
Underfull \hbox (badness 7238) in paragraph at lines 2171--2172
\TU/CharisSIL(0)/m/n/8 ku-nio di qua la rim-bor-seso
 []


Package fancyhdr Warning: \headheight is too small (12.0pt): 
(fancyhdr)                Make it at least 16.54997pt, for example:
(fancyhdr)                \setlength{\headheight}{16.54997pt}.
(fancyhdr)                You might also make \topmargin smaller to compensate:

(fancyhdr)                \addtolength{\topmargin}{-4.54997pt}.

[47]
Underfull \hbox (badness 10000) in paragraph at lines 2209--2210
[]\TU/Inter(0)/b/n/8 bonzo[] \TU/CharisSIL(0)/m/n/8 Budha-sacerdoto en la
 []


Underfull \hbox (badness 5954) in paragraph at lines 2213--2214
[]\TU/Inter(0)/b/n/8 bo-rar[]\TU/CharisSIL(0)/m/it/8 (trans.) \TU/CharisSIL(0)/
m/n/8 Tru-i-far ro-tace.
 []


Underfull \hbox (badness 10000) in paragraph at lines 2219--2220
\TU/CharisSIL(0)/m/n/8 dante navo) zig-zage kon-tre
 []


Underfull \hbox (badness 5490) in paragraph at lines 2237--2238
\TU/CharisSIL(0)/m/n/8 ki-na-de-kedu karti\TU/Inter(0)/b/n/7 2. \TU/CharisSIL(0
)/m/n/8 Sorto di
 []


Package fancyhdr Warning: \headheight is too small (12.0pt): 
(fancyhdr)                Make it at least 16.54997pt, for example:
(fancyhdr)                \setlength{\headheight}{16.54997pt}.
(fancyhdr)                You might also make \topmargin smaller to compensate:

(fancyhdr)                \addtolength{\topmargin}{-4.54997pt}.

[48]

Package fancyhdr Warning: \headheight is too small (12.0pt): 
(fancyhdr)                Make it at least 16.54997pt, for example:
(fancyhdr)                \setlength{\headheight}{16.54997pt}.
(fancyhdr)                You might also make \topmargin smaller to compensate:

(fancyhdr)                \addtolength{\topmargin}{-4.54997pt}.

[49]
Underfull \hbox (badness 5726) in paragraph at lines 2325--2326
\TU/CharisSIL(0)/m/n/8 ri-goza qu-ale brigo, ma sen-
 []


Package fancyhdr Warning: \headheight is too small (12.0pt): 
(fancyhdr)                Make it at least 16.54997pt, for example:
(fancyhdr)                \setlength{\headheight}{16.54997pt}.
(fancyhdr)                You might also make \topmargin smaller to compensate:

(fancyhdr)                \addtolength{\topmargin}{-4.54997pt}.

[50]

Package fancyhdr Warning: \headheight is too small (12.0pt): 
(fancyhdr)                Make it at least 16.54997pt, for example:
(fancyhdr)                \setlength{\headheight}{16.54997pt}.
(fancyhdr)                You might also make \topmargin smaller to compensate:

(fancyhdr)                \addtolength{\topmargin}{-4.54997pt}.

[51]
Underfull \hbox (badness 5924) in paragraph at lines 2425--2426
[]\TU/Inter(0)/b/n/8 bul-dogo[]\TU/CharisSIL(0)/m/it/8 (zool.) \TU/CharisSIL(0)
/m/n/8 Va-ri-e-tato di
 []


Underfull \hbox (badness 10000) in paragraph at lines 2429--2430
[]\TU/Inter(0)/b/n/8 bu-li-mio[]\TU/CharisSIL(0)/m/it/8 (patol.) \TU/CharisSIL(
0)/m/n/8 Ape-tito ne-
 []


Package fancyhdr Warning: \headheight is too small (12.0pt): 
(fancyhdr)                Make it at least 16.54997pt, for example:
(fancyhdr)                \setlength{\headheight}{16.54997pt}.
(fancyhdr)                You might also make \topmargin smaller to compensate:

(fancyhdr)                \addtolength{\topmargin}{-4.54997pt}.

[52]
Underfull \hbox (badness 10000) in paragraph at lines 2467--2468
\TU/CharisSIL(0)/m/n/8 le-stoze uzas, a pu-bliko, la
 []


Underfull \hbox (badness 7963) in paragraph at lines 2467--2468
\TU/CharisSIL(0)/m/n/8 povo quan do-nas a lu lua
 []


Underfull \hbox (badness 6725) in paragraph at lines 2485--2486
[]\TU/Inter(0)/b/n/8 bu-tar[]\TU/CharisSIL(0)/m/it/8 (netrans., kon-tre)\TU/Int
er(0)/b/n/7 1. \TU/CharisSIL(0)/m/n/8 Mar-
 []


Package fancyhdr Warning: \headheight is too small (12.0pt): 
(fancyhdr)                Make it at least 16.54997pt, for example:
(fancyhdr)                \setlength{\headheight}{16.54997pt}.
(fancyhdr)                You might also make \topmargin smaller to compensate:

(fancyhdr)                \addtolength{\topmargin}{-4.54997pt}.

[53]

Package fancyhdr Warning: \headheight is too small (12.0pt): 
(fancyhdr)                Make it at least 16.54997pt, for example:
(fancyhdr)                \setlength{\headheight}{16.54997pt}.
(fancyhdr)                You might also make \topmargin smaller to compensate:

(fancyhdr)                \addtolength{\topmargin}{-4.54997pt}.

[54]
Underfull \hbox (badness 10000) in paragraph at lines 2538--2539
\TU/CharisSIL(0)/m/n/8 ve-olo quan kon-struk-tas la
 []


Package fancyhdr Warning: \headheight is too small (12.0pt): 
(fancyhdr)                Make it at least 16.54997pt, for example:
(fancyhdr)                \setlength{\headheight}{16.54997pt}.
(fancyhdr)                You might also make \topmargin smaller to compensate:

(fancyhdr)                \addtolength{\topmargin}{-4.54997pt}.

[55

]
Underfull \hbox (badness 6141) in paragraph at lines 2570--2571
[]\TU/Inter(0)/b/n/8 cen-ti-aro[] \TU/CharisSIL(0)/m/n/8 La parto cen-tima di
 []


Underfull \hbox (badness 10000) in paragraph at lines 2574--2575
[]\TU/Inter(0)/b/n/8 cen-ti-grado[] \TU/CharisSIL(0)/m/n/8 Di-vi-dita a 100
 []


Underfull \hbox (badness 10000) in paragraph at lines 2576--2577
[]\TU/Inter(0)/b/n/8 cen-ti-gramo[] \TU/CharisSIL(0)/m/n/8 Parto cen-tima di
 []


Underfull \hbox (badness 5637) in paragraph at lines 2578--2579
[]\TU/Inter(0)/b/n/8 cen-ti-li-tro[] \TU/CharisSIL(0)/m/n/8 Parto cen-tima di li
-
 []


Underfull \hbox (badness 6792) in paragraph at lines 2582--2583
\TU/CharisSIL(0)/m/n/8 (la unajo mo-ne-tala di Fran-
 []


Underfull \hbox (badness 10000) in paragraph at lines 2598--2599
[]\TU/Inter(0)/b/n/8 cen-tu-rio[]\TU/CharisSIL(0)/m/it/8 (en Roma an-ti-
 []


Underfull \hbox (badness 10000) in paragraph at lines 2598--2599
\TU/CharisSIL(0)/m/it/8 qua)\TU/Inter(0)/b/n/7 1. \TU/CharisSIL(0)/m/n/8 Asem-bl
i-taro de cent
 []


Package fancyhdr Warning: \headheight is too small (12.0pt): 
(fancyhdr)                Make it at least 16.54997pt, for example:
(fancyhdr)                \setlength{\headheight}{16.54997pt}.
(fancyhdr)                You might also make \topmargin smaller to compensate:

(fancyhdr)                \addtolength{\topmargin}{-4.54997pt}.

[56]
Underfull \hbox (badness 10000) in paragraph at lines 2612--2613
[]\TU/Inter(0)/b/n/8 cer-bero[]\TU/CharisSIL(0)/m/it/8 (mitologio) \TU/CharisSI
L(0)/m/n/8 Hundo tri-
 []


Underfull \hbox (badness 7273) in paragraph at lines 2618--2619
[]\TU/Inter(0)/b/n/8 ce-re-bro[]\TU/CharisSIL(0)/m/it/8 (anat.) \TU/CharisSIL(0
)/m/n/8 La en-ce-falo,
 []


Package fancyhdr Warning: \headheight is too small (12.0pt): 
(fancyhdr)                Make it at least 16.54997pt, for example:
(fancyhdr)                \setlength{\headheight}{16.54997pt}.
(fancyhdr)                You might also make \topmargin smaller to compensate:

(fancyhdr)                \addtolength{\topmargin}{-4.54997pt}.

[57]
Underfull \hbox (badness 10000) in paragraph at lines 2698--2699
[]\TU/Inter(0)/b/n/8 cha-pelo[]\TU/CharisSIL(0)/m/it/8 (i. Ka-po-ve-sto -
 []


Package fancyhdr Warning: \headheight is too small (12.0pt): 
(fancyhdr)                Make it at least 16.54997pt, for example:
(fancyhdr)                \setlength{\headheight}{16.54997pt}.
(fancyhdr)                You might also make \topmargin smaller to compensate:

(fancyhdr)                \addtolength{\topmargin}{-4.54997pt}.

[58]
Underfull \hbox (badness 10000) in paragraph at lines 2704--2705
[]\TU/Inter(0)/b/n/8 chapo[]\TU/Inter(0)/b/n/7 1. \TU/CharisSIL(0)/m/n/8 Man-tel
o ce-re-mo-ni-ala
 []


Package fancyhdr Warning: \headheight is too small (12.0pt): 
(fancyhdr)                Make it at least 16.54997pt, for example:
(fancyhdr)                \setlength{\headheight}{16.54997pt}.
(fancyhdr)                You might also make \topmargin smaller to compensate:

(fancyhdr)                \addtolength{\topmargin}{-4.54997pt}.

[59]
Underfull \hbox (badness 10000) in paragraph at lines 2742--2743
\TU/CharisSIL(0)/m/n/8 Amerika.)\TU/CharisSIL(0)/m/it/8 L. sar-copsylla pe-ne-
 []


Underfull \hbox (badness 10000) in paragraph at lines 2762--2763
[]\TU/Inter(0)/b/n/8 cho-ko-lado[] \TU/CharisSIL(0)/m/n/8 Sub-stanco nu-trala,
 []


Underfull \hbox (badness 10000) in paragraph at lines 2780--2781
[]\TU/Inter(0)/b/n/8 ci-bolo[]\TU/CharisSIL(0)/m/it/8 (bot.) \TU/CharisSIL(0)/m
/n/8 Planto legum-
 []


Underfull \hbox (badness 10000) in paragraph at lines 2780--2781
\TU/CharisSIL(0)/m/n/8 kon-di-mento\TU/CharisSIL(0)/m/it/8 L. al-lium fi-stu-lo-

 []


Underfull \hbox (badness 6364) in paragraph at lines 2782--2783
[]\TU/Inter(0)/b/n/8 ci-bo-rio[]\TU/CharisSIL(0)/m/it/8 (liturgio ka-tol.) \TU/
CharisSIL(0)/m/n/8 Vazo
 []


Package fancyhdr Warning: \headheight is too small (12.0pt): 
(fancyhdr)                Make it at least 16.54997pt, for example:
(fancyhdr)                \setlength{\headheight}{16.54997pt}.
(fancyhdr)                You might also make \topmargin smaller to compensate:

(fancyhdr)                \addtolength{\topmargin}{-4.54997pt}.

[60]
Underfull \hbox (badness 10000) in paragraph at lines 2822--2823
[]\TU/Inter(0)/b/n/8 ci-ko-rio[]\TU/CharisSIL(0)/m/it/8 (bot.) \TU/CharisSIL(0)
/m/n/8 Planto legum-
 []


Underfull \hbox (badness 10000) in paragraph at lines 2828--2829
[]\TU/Inter(0)/b/n/8 ci-lico[]\TU/CharisSIL(0)/m/it/8 (religio ka-to-lika) \TU/
CharisSIL(0)/m/n/8 Ka-mizo,
 []


Package fancyhdr Warning: \headheight is too small (12.0pt): 
(fancyhdr)                Make it at least 16.54997pt, for example:
(fancyhdr)                \setlength{\headheight}{16.54997pt}.
(fancyhdr)                You might also make \topmargin smaller to compensate:

(fancyhdr)                \addtolength{\topmargin}{-4.54997pt}.

[61]
Underfull \hbox (badness 7030) in paragraph at lines 2844--2845
\TU/CharisSIL(0)/m/n/8 reda. – Sim-bolo ke-mi-ala :
 []


Underfull \hbox (badness 10000) in paragraph at lines 2850--2851
\TU/CharisSIL(0)/m/n/8 niko qua kon-cer-nas la legi
 []


Package fancyhdr Warning: \headheight is too small (12.0pt): 
(fancyhdr)                Make it at least 16.54997pt, for example:
(fancyhdr)                \setlength{\headheight}{16.54997pt}.
(fancyhdr)                You might also make \topmargin smaller to compensate:

(fancyhdr)                \addtolength{\topmargin}{-4.54997pt}.

[62]
Underfull \hbox (badness 10000) in paragraph at lines 2884--2885
[]\TU/Inter(0)/b/n/8 cir-kon-dar[]\TU/CharisSIL(0)/m/it/8 (trans.)\TU/Inter(0)/
b/n/7 1. \TU/CharisSIL(0)/m/n/8 Esar cir-
 []


Underfull \hbox (badness 6725) in paragraph at lines 2918--2919
\TU/CharisSIL(0)/m/n/8 se-kon-dar to quon onu aser-
 []


Package fancyhdr Warning: \headheight is too small (12.0pt): 
(fancyhdr)                Make it at least 16.54997pt, for example:
(fancyhdr)                \setlength{\headheight}{16.54997pt}.
(fancyhdr)                You might also make \topmargin smaller to compensate:

(fancyhdr)                \addtolength{\topmargin}{-4.54997pt}.

[63]

Package fancyhdr Warning: \headheight is too small (12.0pt): 
(fancyhdr)                Make it at least 16.54997pt, for example:
(fancyhdr)                \setlength{\headheight}{16.54997pt}.
(fancyhdr)                You might also make \topmargin smaller to compensate:

(fancyhdr)                \addtolength{\topmargin}{-4.54997pt}.

[64]
Underfull \hbox (badness 7504) in paragraph at lines 2979--2980
\TU/CharisSIL(0)/m/n/8 unika dar-fas ser-char e kap-
 []


Underfull \hbox (badness 10000) in paragraph at lines 2979--2980
\TU/CharisSIL(0)/m/n/8 tar omna-direcione ed irga-
 []


Package fancyhdr Warning: \headheight is too small (12.0pt): 
(fancyhdr)                Make it at least 16.54997pt, for example:
(fancyhdr)                \setlength{\headheight}{16.54997pt}.
(fancyhdr)                You might also make \topmargin smaller to compensate:

(fancyhdr)                \addtolength{\topmargin}{-4.54997pt}.

[65

]
Underfull \hbox (badness 10000) in paragraph at lines 3035--3036
[]\TU/Inter(0)/b/n/8 de-chi-frar[]\TU/CharisSIL(0)/m/it/8 (trans.) \TU/CharisSI
L(0)/m/n/8 De-sko-vrar
 []


Package fancyhdr Warning: \headheight is too small (12.0pt): 
(fancyhdr)                Make it at least 16.54997pt, for example:
(fancyhdr)                \setlength{\headheight}{16.54997pt}.
(fancyhdr)                You might also make \topmargin smaller to compensate:

(fancyhdr)                \addtolength{\topmargin}{-4.54997pt}.

[66]
Underfull \hbox (badness 10000) in paragraph at lines 3047--3048
[]\TU/Inter(0)/b/n/8 de-ci-mala[] \TU/CharisSIL(0)/m/n/8 Qua pro-ce-das per
 []


Underfull \hbox (badness 10000) in paragraph at lines 3051--3052
[]\TU/Inter(0)/b/n/8 de-cimo[] \TU/CharisSIL(0)/m/n/8 La parto de-kima di
 []


Underfull \hbox (badness 10000) in paragraph at lines 3063--3064
[]\TU/Inter(0)/b/n/8 de-fen-sar[]\TU/CharisSIL(0)/m/it/8 (trans., kon-tre,
 []


Underfull \hbox (badness 10000) in paragraph at lines 3095--3096
[]\TU/Inter(0)/b/n/8 de-gra-dar[]\TU/CharisSIL(0)/m/it/8 (trans.)\TU/Inter(0)/b
/n/7 1. \TU/CharisSIL(0)/m/n/8 De-cen-si-gar
 []


Package fancyhdr Warning: \headheight is too small (12.0pt): 
(fancyhdr)                Make it at least 16.54997pt, for example:
(fancyhdr)                \setlength{\headheight}{16.54997pt}.
(fancyhdr)                You might also make \topmargin smaller to compensate:

(fancyhdr)                \addtolength{\topmargin}{-4.54997pt}.

[67]
Underfull \hbox (badness 10000) in paragraph at lines 3131--3132
[]\TU/Inter(0)/b/n/8 de-kla-rar[]\TU/CharisSIL(0)/m/it/8 (trans.)\TU/Inter(0)/b
/n/7 1. \TU/CharisSIL(0)/m/n/8 Ko-no-ci-gar
 []


Underfull \hbox (badness 10000) in paragraph at lines 3141--3142
[]\TU/Inter(0)/b/n/8 de-kre-mento[]\TU/CharisSIL(0)/m/it/8 (radiotekniko) \TU/C
harisSIL(0)/m/n/8 De-
 []


Underfull \hbox (badness 10000) in paragraph at lines 3143--3144
[]\TU/Inter(0)/b/n/8 de-kre-me-tro[]\TU/CharisSIL(0)/m/it/8 (radiotekniko) \TU/
CharisSIL(0)/m/n/8 Apa-
 []


Underfull \hbox (badness 10000) in paragraph at lines 3147--3148
\TU/CharisSIL(0)/m/it/8 homo-korpo, ku-shita) \TU/CharisSIL(0)/m/n/8 Po-ze-sar
 []


Package fancyhdr Warning: \headheight is too small (12.0pt): 
(fancyhdr)                Make it at least 16.54997pt, for example:
(fancyhdr)                \setlength{\headheight}{16.54997pt}.
(fancyhdr)                You might also make \topmargin smaller to compensate:

(fancyhdr)                \addtolength{\topmargin}{-4.54997pt}.

[68]
Underfull \hbox (badness 5036) in paragraph at lines 3167--3168
[]\TU/Inter(0)/b/n/8 de-li-qu-e-car[]\TU/CharisSIL(0)/m/it/8 (netrans.) (Ke-mio)

 []


Underfull \hbox (badness 10000) in paragraph at lines 3171--3172
[]\TU/Inter(0)/b/n/8 delto[]\TU/CharisSIL(0)/m/it/8 (geogr.) \TU/CharisSIL(0)/m
/n/8 Ex-ten-sajo de
 []


Underfull \hbox (badness 10000) in paragraph at lines 3175--3176
[]\TU/Inter(0)/b/n/8 de-ma-go-gio[]\TU/Inter(0)/b/n/7 1. \TU/CharisSIL(0)/m/n/8
 Si-stemo di po-
 []


Underfull \hbox (badness 10000) in paragraph at lines 3175--3176
\TU/CharisSIL(0)/m/n/8 li-tiko se-gun qua onu fla-tas
 []


Underfull \hbox (badness 10000) in paragraph at lines 3179--3180
[]\TU/Inter(0)/b/n/8 de-man-dar[]\TU/CharisSIL(0)/m/it/8 (trans., ulo, ad
 []


Underfull \hbox (badness 10000) in paragraph at lines 3185--3186
[]\TU/Inter(0)/b/n/8 de-men-tiar[]\TU/CharisSIL(0)/m/it/8 (trans.)\TU/Inter(0)/
b/n/7 1. \TU/CharisSIL(0)/m/n/8 Kon-tre-di-
 []


Underfull \hbox (badness 10000) in paragraph at lines 3185--3186
\TU/CharisSIL(0)/m/n/8 car (ulu) kom ne-di-cinta lo
 []


Underfull \hbox (badness 10000) in paragraph at lines 3199--3200
[]\TU/Inter(0)/b/n/8 de-mon-strar[]\TU/CharisSIL(0)/m/it/8 (trans.)\TU/Inter(0)
/b/n/7 1. \TU/CharisSIL(0)/m/n/8 Pru-var,
 []


Package fancyhdr Warning: \headheight is too small (12.0pt): 
(fancyhdr)                Make it at least 16.54997pt, for example:
(fancyhdr)                \setlength{\headheight}{16.54997pt}.
(fancyhdr)                You might also make \topmargin smaller to compensate:

(fancyhdr)                \addtolength{\topmargin}{-4.54997pt}.

[69]
Underfull \hbox (badness 10000) in paragraph at lines 3221--3222
[]\TU/Inter(0)/b/n/8 den-ti-frico[] \TU/CharisSIL(0)/m/n/8 Pre-pa-rajo qua uze-
 []


Package fancyhdr Warning: \headheight is too small (12.0pt): 
(fancyhdr)                Make it at least 16.54997pt, for example:
(fancyhdr)                \setlength{\headheight}{16.54997pt}.
(fancyhdr)                You might also make \topmargin smaller to compensate:

(fancyhdr)                \addtolength{\topmargin}{-4.54997pt}.

[70]
Underfull \hbox (badness 10000) in paragraph at lines 3265--3266
[]\TU/Inter(0)/b/n/8 de-se-gnar[]\TU/CharisSIL(0)/m/it/8 (trans., per, sur, e
 []


Underfull \hbox (badness 5490) in paragraph at lines 3265--3266
\TU/CharisSIL(0)/m/n/8 jekti\TU/Inter(0)/b/n/7 2. \TU/CharisSIL(0)/m/n/8 Igar vi
-de-bla la kon-
 []


Underfull \hbox (badness 10000) in paragraph at lines 3281--3282
[]\TU/Inter(0)/b/n/8 de-spoto[] \TU/CharisSIL(0)/m/n/8 Mo-narko ab-so-lu-ti-sta
 []


Underfull \hbox (badness 10000) in paragraph at lines 3289--3290
[]\TU/Inter(0)/b/n/8 de-tach-mento[]\TU/CharisSIL(0)/m/it/8 (armeo) \TU/CharisS
IL(0)/m/n/8 Mi-kra
 []


Underfull \hbox (badness 10000) in paragraph at lines 3295--3296
\TU/CharisSIL(0)/m/n/8 trans-for-mar elektro-magnetala
 []


Underfull \hbox (badness 10000) in paragraph at lines 3297--3298
[]\TU/Inter(0)/b/n/8 de-ter-mi-nar[]\TU/CharisSIL(0)/m/it/8 (trans.)\TU/Inter(0
)/b/n/7 1. \TU/CharisSIL(0)/m/n/8 Fi-xi-gar
 []


Underfull \hbox (badness 10000) in paragraph at lines 3297--3298
\TU/CharisSIL(0)/m/n/8 chefa (alu-dante pro-po-zi-ci-ono
 []


Underfull \hbox (badness 5446) in paragraph at lines 3305--3306
[]\TU/Inter(0)/b/n/8 de-u-to-pla-smo[]\TU/CharisSIL(0)/m/it/8 (biol.) \TU/Chari
sSIL(0)/m/n/8 Rezervo-
 []


Package fancyhdr Warning: \headheight is too small (12.0pt): 
(fancyhdr)                Make it at least 16.54997pt, for example:
(fancyhdr)                \setlength{\headheight}{16.54997pt}.
(fancyhdr)                You might also make \topmargin smaller to compensate:

(fancyhdr)                \addtolength{\topmargin}{-4.54997pt}.

[71]
Underfull \hbox (badness 10000) in paragraph at lines 3317--3318
[]\TU/Inter(0)/b/n/8 de-ve-lo-par[]\TU/CharisSIL(0)/m/it/8 (trans.)\TU/Inter(0)
/b/n/7 1. \TU/CharisSIL(0)/m/n/8 Igar par-
 []


Package fancyhdr Warning: \headheight is too small (12.0pt): 
(fancyhdr)                Make it at least 16.54997pt, for example:
(fancyhdr)                \setlength{\headheight}{16.54997pt}.
(fancyhdr)                You might also make \topmargin smaller to compensate:

(fancyhdr)                \addtolength{\topmargin}{-4.54997pt}.

[72]
Underfull \hbox (badness 10000) in paragraph at lines 3369--3370
[]\TU/Inter(0)/b/n/8 di-a-ko-niso[]\TU/CharisSIL(0)/m/it/8 (religio)\TU/Inter(0
)/b/n/7 1. \TU/CharisSIL(0)/m/n/8 En la
 []


Underfull \hbox (badness 10000) in paragraph at lines 3389--3390
\TU/CharisSIL(0)/m/n/8 qua do-nas noto uzata kom
 []


Underfull \hbox (badness 10000) in paragraph at lines 3389--3390
\TU/CharisSIL(0)/m/n/8 de-par-to-punto por re-gu-lar la
 []


Underfull \hbox (badness 10000) in paragraph at lines 3407--3408
[]\TU/Inter(0)/b/n/8 di-a-tribo[]\TU/Inter(0)/b/n/7 1. \TU/CharisSIL(0)/m/n/8 Di
-ser-turo kri-ti-
 []


Package fancyhdr Warning: \headheight is too small (12.0pt): 
(fancyhdr)                Make it at least 16.54997pt, for example:
(fancyhdr)                \setlength{\headheight}{16.54997pt}.
(fancyhdr)                You might also make \topmargin smaller to compensate:

(fancyhdr)                \addtolength{\topmargin}{-4.54997pt}.

[73]
Underfull \hbox (badness 10000) in paragraph at lines 3447--3448
[]\TU/Inter(0)/b/n/8 dif-tongo[]\TU/CharisSIL(0)/m/it/8 (linguistiko) \TU/Chari
sSIL(0)/m/n/8 Asem-blajo
 []


Package fancyhdr Warning: \headheight is too small (12.0pt): 
(fancyhdr)                Make it at least 16.54997pt, for example:
(fancyhdr)                \setlength{\headheight}{16.54997pt}.
(fancyhdr)                You might also make \topmargin smaller to compensate:

(fancyhdr)                \addtolength{\topmargin}{-4.54997pt}.

[74]
Underfull \hbox (badness 10000) in paragraph at lines 3477--3478
[]\TU/Inter(0)/b/n/8 di-ko-to-mio[]\TU/CharisSIL(0)/m/it/8 (logiko) \TU/CharisS
IL(0)/m/n/8 Me-todo di
 []


Underfull \hbox (badness 10000) in paragraph at lines 3477--3478
\TU/CharisSIL(0)/m/n/8 di-vido, per sub-di-vido du-
 []


Package fancyhdr Warning: \headheight is too small (12.0pt): 
(fancyhdr)                Make it at least 16.54997pt, for example:
(fancyhdr)                \setlength{\headheight}{16.54997pt}.
(fancyhdr)                You might also make \topmargin smaller to compensate:

(fancyhdr)                \addtolength{\topmargin}{-4.54997pt}.

[75]
Underfull \hbox (badness 10000) in paragraph at lines 3515--3516
[]\TU/Inter(0)/b/n/8 di-namo[]\TU/CharisSIL(0)/m/it/8 (tekn.) \TU/CharisSIL(0)/
m/n/8 Ge-ne-ra-toro
 []


Underfull \hbox (badness 10000) in paragraph at lines 3515--3516
\TU/CharisSIL(0)/m/n/8 di elektro-fluo kon-ti-nua,
 []


Underfull \hbox (badness 10000) in paragraph at lines 3515--3516
\TU/CharisSIL(0)/m/n/8 kun magneto-feldo auto-
 []


Underfull \hbox (badness 10000) in paragraph at lines 3533--3534
[]\TU/Inter(0)/b/n/8 di-o-cezo[]\TU/CharisSIL(0)/m/it/8 (eklezio ka-to-lika) \T
U/CharisSIL(0)/m/n/8 Di-
 []


Underfull \hbox (badness 10000) in paragraph at lines 3543--3544
[]\TU/Inter(0)/b/n/8 di-o-ramo[] \TU/CharisSIL(0)/m/n/8 Pik-turo granda-
 []


Underfull \hbox (badness 5147) in paragraph at lines 3557--3558
[]\TU/Inter(0)/b/n/8 di-plo-ste-mono[]\TU/CharisSIL(0)/m/it/8 (bot.) \TU/Charis
SIL(0)/m/n/8 Floro o
 []


Package fancyhdr Warning: \headheight is too small (12.0pt): 
(fancyhdr)                Make it at least 16.54997pt, for example:
(fancyhdr)                \setlength{\headheight}{16.54997pt}.
(fancyhdr)                You might also make \topmargin smaller to compensate:

(fancyhdr)                \addtolength{\topmargin}{-4.54997pt}.

[76]
Underfull \hbox (badness 6300) in paragraph at lines 3585--3586
[]\TU/Inter(0)/b/n/8 di-si-par[]\TU/CharisSIL(0)/m/it/8 (trans.) \TU/CharisSIL(
0)/m/n/8 Ofte spen-sar
 []


Package fancyhdr Warning: \headheight is too small (12.0pt): 
(fancyhdr)                Make it at least 16.54997pt, for example:
(fancyhdr)                \setlength{\headheight}{16.54997pt}.
(fancyhdr)                You might also make \topmargin smaller to compensate:

(fancyhdr)                \addtolength{\topmargin}{-4.54997pt}.

[77]
Underfull \hbox (badness 6220) in paragraph at lines 3609--3610
[]\TU/Inter(0)/b/n/8 di-so-nan-car[]\TU/CharisSIL(0)/m/it/8 (netrans.) \TU/Char
isSIL(0)/m/n/8 For-ma-
 []


Underfull \hbox (badness 5175) in paragraph at lines 3633--3634
[]\TU/Inter(0)/b/n/8 di-sti-lar[]\TU/CharisSIL(0)/m/it/8 (trans.) \TU/CharisSIL
(0)/m/n/8 Pu-ri-gar (sub-
 []


Package fancyhdr Warning: \headheight is too small (12.0pt): 
(fancyhdr)                Make it at least 16.54997pt, for example:
(fancyhdr)                \setlength{\headheight}{16.54997pt}.
(fancyhdr)                You might also make \topmargin smaller to compensate:

(fancyhdr)                \addtolength{\topmargin}{-4.54997pt}.

[78]
Underfull \hbox (badness 10000) in paragraph at lines 3649--3650
[]\TU/Inter(0)/b/n/8 di-treso[]\TU/Inter(0)/b/n/7 1. \TU/CharisSIL(0)/m/n/8 Kord
io-preseso la-
 []


Underfull \hbox (badness 10000) in paragraph at lines 3649--3650
\TU/CharisSIL(0)/m/n/8 ce-ranta\TU/Inter(0)/b/n/7 2. \TU/CharisSIL(0)/m/n/8 Si-t
u-eso kordio-
 []


Underfull \hbox (badness 6575) in paragraph at lines 3649--3650
\TU/CharisSIL(0)/m/n/8 balde pe-ri-sos se ne hel-pota
 []


Underfull \hbox (badness 10000) in paragraph at lines 3663--3664
[]\TU/Inter(0)/b/n/8 di-ver-ti-kulo[]\TU/CharisSIL(0)/m/it/8 (anat.) \TU/Charis
SIL(0)/m/n/8 Apen-dico
 []


Package fancyhdr Warning: \headheight is too small (12.0pt): 
(fancyhdr)                Make it at least 16.54997pt, for example:
(fancyhdr)                \setlength{\headheight}{16.54997pt}.
(fancyhdr)                You might also make \topmargin smaller to compensate:

(fancyhdr)                \addtolength{\topmargin}{-4.54997pt}.

[79]
Underfull \hbox (badness 6173) in paragraph at lines 3701--3702
[]\TU/Inter(0)/b/n/8 dog-mato[] \TU/CharisSIL(0)/m/n/8 Kre-den-dajo o punto,
 []


Underfull \hbox (badness 10000) in paragraph at lines 3715--3716
[]\TU/Inter(0)/b/n/8 do-ku-mento[] \TU/CharisSIL(0)/m/n/8 Texto skri-bura,
 []


Package fancyhdr Warning: \headheight is too small (12.0pt): 
(fancyhdr)                Make it at least 16.54997pt, for example:
(fancyhdr)                \setlength{\headheight}{16.54997pt}.
(fancyhdr)                You might also make \topmargin smaller to compensate:

(fancyhdr)                \addtolength{\topmargin}{-4.54997pt}.

[80]
Underfull \hbox (badness 7344) in paragraph at lines 3741--3742
\TU/CharisSIL(0)/m/n/8 Zodiako-signo sub qua astro
 []


Underfull \hbox (badness 10000) in paragraph at lines 3743--3744
[]\TU/Inter(0)/b/n/8 do-mi-na-car[]\TU/CharisSIL(0)/m/it/8 (trans.)\TU/Inter(0)
/b/n/7 1. \TU/CharisSIL(0)/m/n/8 Ha-var
 []


Underfull \hbox (badness 10000) in paragraph at lines 3743--3744
\TU/CharisSIL(0)/m/n/8 sub sua he-ge-mo-nio, pre-
 []


Underfull \hbox (badness 10000) in paragraph at lines 3743--3744
\TU/CharisSIL(0)/m/n/8 pon-dero\TU/Inter(0)/b/n/7 2. \TU/CharisSIL(0)/m/n/8 Ha-v
ar apud-sub
 []


Package fancyhdr Warning: \headheight is too small (12.0pt): 
(fancyhdr)                Make it at least 16.54997pt, for example:
(fancyhdr)                \setlength{\headheight}{16.54997pt}.
(fancyhdr)                You might also make \topmargin smaller to compensate:

(fancyhdr)                \addtolength{\topmargin}{-4.54997pt}.

[81]
Underfull \hbox (badness 10000) in paragraph at lines 3791--3792
[]\TU/Inter(0)/b/n/8 drako[]\TU/Inter(0)/b/n/7 1. \TU/CharisSIL(0)/m/n/8 Ani-mal
o mi-to-lo-gi-ala,
 []


Underfull \hbox (badness 10000) in paragraph at lines 3791--3792
\TU/CharisSIL(0)/m/n/8 quan la An-ti-qui re-pre-zen-tis
 []


Package fancyhdr Warning: \headheight is too small (12.0pt): 
(fancyhdr)                Make it at least 16.54997pt, for example:
(fancyhdr)                \setlength{\headheight}{16.54997pt}.
(fancyhdr)                You might also make \topmargin smaller to compensate:

(fancyhdr)                \addtolength{\topmargin}{-4.54997pt}.

[82]
Underfull \hbox (badness 10000) in paragraph at lines 3823--3824
[]\TU/Inter(0)/b/n/8 dro-me-daro[]\TU/CharisSIL(0)/m/it/8 (zool.) \TU/CharisSIL
(0)/m/n/8 Ka-melo
 []


Underfull \hbox (badness 10000) in paragraph at lines 3823--3824
\TU/CharisSIL(0)/m/n/8 un-giba\TU/CharisSIL(0)/m/it/8 L. Ca-me-lus dro-me-da-
 []


Underfull \hbox (badness 10000) in paragraph at lines 3831--3832
[]\TU/Inter(0)/b/n/8 dru-ido[] \TU/CharisSIL(0)/m/n/8 Sa-cer-doto di la Galli
 []


Underfull \hbox (badness 5288) in paragraph at lines 3833--3834
[]\TU/Inter(0)/b/n/8 drupo[]\TU/CharisSIL(0)/m/it/8 (bot.) \TU/CharisSIL(0)/m/n
/8 Frukto tre pul-
 []


Underfull \hbox (badness 10000) in paragraph at lines 3837--3838
[]\TU/Inter(0)/b/n/8 du-bi-tar[]\TU/CharisSIL(0)/m/it/8 (netrans.)\TU/Inter(0)/
b/n/7 1. \TU/CharisSIL(0)/m/n/8 Ne sa-var
 []


Package fancyhdr Warning: \headheight is too small (12.0pt): 
(fancyhdr)                Make it at least 16.54997pt, for example:
(fancyhdr)                \setlength{\headheight}{16.54997pt}.
(fancyhdr)                You might also make \topmargin smaller to compensate:

(fancyhdr)                \addtolength{\topmargin}{-4.54997pt}.

[83]

Package fancyhdr Warning: \headheight is too small (12.0pt): 
(fancyhdr)                Make it at least 16.54997pt, for example:
(fancyhdr)                \setlength{\headheight}{16.54997pt}.
(fancyhdr)                You might also make \topmargin smaller to compensate:

(fancyhdr)                \addtolength{\topmargin}{-4.54997pt}.

[84]
Underfull \hbox (badness 7362) in paragraph at lines 3920--3921
\TU/CharisSIL(0)/m/n/8 si-stas, maxim-multa-kaze, ye
 []


Underfull \hbox (badness 10000) in paragraph at lines 3922--3923
\TU/CharisSIL(0)/m/n/8 en la psiko, en la or-ga-ni-
 []


Package fancyhdr Warning: \headheight is too small (12.0pt): 
(fancyhdr)                Make it at least 16.54997pt, for example:
(fancyhdr)                \setlength{\headheight}{16.54997pt}.
(fancyhdr)                You might also make \topmargin smaller to compensate:

(fancyhdr)                \addtolength{\topmargin}{-4.54997pt}.

[85

]
Underfull \hbox (badness 6032) in paragraph at lines 3952--3953
[]\TU/Inter(0)/b/n/8 edu-kar[]\TU/CharisSIL(0)/m/it/8 (trans.)\TU/Inter(0)/b/n/
7 1. \TU/CharisSIL(0)/m/n/8 For-ma-car in-
 []


Underfull \hbox (badness 5985) in paragraph at lines 3980--3981
[]\TU/Inter(0)/b/n/8 egido[]\TU/Inter(0)/b/n/7 1. \TU/CharisSIL(0)/m/it/8 (en la
 epoki an-ti-qua)
 []


Package fancyhdr Warning: \headheight is too small (12.0pt): 
(fancyhdr)                Make it at least 16.54997pt, for example:
(fancyhdr)                \setlength{\headheight}{16.54997pt}.
(fancyhdr)                You might also make \topmargin smaller to compensate:

(fancyhdr)                \addtolength{\topmargin}{-4.54997pt}.

[86]
Underfull \hbox (badness 10000) in paragraph at lines 3988--3989
[]\TU/Inter(0)/b/n/8 ego-ti-smo[] \TU/CharisSIL(0)/m/n/8 Ma-nio pa-ro-lar pri
 []


Underfull \hbox (badness 10000) in paragraph at lines 4016--4017
[]\TU/Inter(0)/b/n/8 eklip-tiko[]\TU/CharisSIL(0)/m/it/8 (astron.) \TU/CharisSI
L(0)/m/n/8 Or-bito
 []


Underfull \hbox (badness 10000) in paragraph at lines 4016--4017
\TU/CharisSIL(0)/m/n/8 quan Tero par-ku-ras cir-kum
 []


Underfull \hbox (badness 7379) in paragraph at lines 4020--4021
\TU/CharisSIL(0)/m/n/8 sur-faco qua pro-duk-tas re-tro-
 []


Package fancyhdr Warning: \headheight is too small (12.0pt): 
(fancyhdr)                Make it at least 16.54997pt, for example:
(fancyhdr)                \setlength{\headheight}{16.54997pt}.
(fancyhdr)                You might also make \topmargin smaller to compensate:

(fancyhdr)                \addtolength{\topmargin}{-4.54997pt}.

[87]
Underfull \hbox (badness 10000) in paragraph at lines 4036--4037
[]\TU/Inter(0)/b/n/8 eku-me-nika[]\TU/CharisSIL(0)/m/it/8 (religio) \TU/CharisS
IL(0)/m/n/8 Uni-ver-
 []


Underfull \hbox (badness 10000) in paragraph at lines 4056--4057
[]\TU/Inter(0)/b/n/8 elek-tar[]\TU/CharisSIL(0)/m/it/8 (trans., por...-eso) (alu
-
 []


Underfull \hbox (badness 10000) in paragraph at lines 4056--4057
\TU/CharisSIL(0)/m/it/8 dante plura per-soni) \TU/CharisSIL(0)/m/n/8 Se-lek-tar
 []


Underfull \hbox (badness 10000) in paragraph at lines 4060--4061
[]\TU/Inter(0)/b/n/8 elek-trodo[]\TU/CharisSIL(0)/m/it/8 (fiziko) \TU/CharisSIL
(0)/m/n/8 Kon-duk-tivo
 []


Underfull \hbox (badness 7685) in paragraph at lines 4068--4069
\TU/CharisSIL(0)/m/n/8 e lia re-lati kun al-tra fe-no-
 []


Package fancyhdr Warning: \headheight is too small (12.0pt): 
(fancyhdr)                Make it at least 16.54997pt, for example:
(fancyhdr)                \setlength{\headheight}{16.54997pt}.
(fancyhdr)                You might also make \topmargin smaller to compensate:

(fancyhdr)                \addtolength{\topmargin}{-4.54997pt}.

[88]

Package fancyhdr Warning: \headheight is too small (12.0pt): 
(fancyhdr)                Make it at least 16.54997pt, for example:
(fancyhdr)                \setlength{\headheight}{16.54997pt}.
(fancyhdr)                You might also make \topmargin smaller to compensate:

(fancyhdr)                \addtolength{\topmargin}{-4.54997pt}.

[89]
Underfull \hbox (badness 10000) in paragraph at lines 4128--4129
[]\TU/Inter(0)/b/n/8 em-bar-gar[]\TU/CharisSIL(0)/m/it/8 (trans.)\TU/Inter(0)/b
/n/7 1. \TU/CharisSIL(0)/m/it/8 (yuro ma-
 []


Underfull \hbox (badness 10000) in paragraph at lines 4146--4147
[]\TU/Inter(0)/b/n/8 em-bra-zuro[]\TU/Inter(0)/b/n/7 1. \TU/CharisSIL(0)/m/n/8 
Va-kuo en pa-ri-
 []


Underfull \hbox (badness 5064) in paragraph at lines 4146--4147
\TU/CharisSIL(0)/m/n/8 eto\TU/Inter(0)/b/n/7 2. \TU/CharisSIL(0)/m/n/8 Va-kuo en
 muro, ube
 []


Package fancyhdr Warning: \headheight is too small (12.0pt): 
(fancyhdr)                Make it at least 16.54997pt, for example:
(fancyhdr)                \setlength{\headheight}{16.54997pt}.
(fancyhdr)                You might also make \topmargin smaller to compensate:

(fancyhdr)                \addtolength{\topmargin}{-4.54997pt}.

[90]
Underfull \hbox (badness 6493) in paragraph at lines 4152--4153
[]\TU/Inter(0)/b/n/8 em-bri-ono[]\TU/CharisSIL(0)/m/it/8 (fiziol.)\TU/Inter(0)/
b/n/7 1. \TU/CharisSIL(0)/m/n/8 Jermo na-
 []


Underfull \hbox (badness 6300) in paragraph at lines 4152--4153
\TU/CharisSIL(0)/m/n/8 skanta, pro-duk-tita da la fe-
 []


Underfull \hbox (badness 10000) in paragraph at lines 4152--4153
\TU/CharisSIL(0)/m/n/8 kun-digo\TU/Inter(0)/b/n/7 2. \TU/CharisSIL(0)/m/it/8 (me
-ta-fore) \TU/CharisSIL(0)/m/n/8 In-ten-
 []


Underfull \hbox (badness 10000) in paragraph at lines 4158--4159
[]\TU/Inter(0)/b/n/8 emen-dar[]\TU/CharisSIL(0)/m/it/8 (trans.)\TU/Inter(0)/b/n
/7 1. \TU/CharisSIL(0)/m/n/8 Plu-bo-ni-gar
 []


Underfull \hbox (badness 7362) in paragraph at lines 4158--4159
\TU/CharisSIL(0)/m/n/8 de-fek-toza\TU/Inter(0)/b/n/7 2. \TU/CharisSIL(0)/m/it/8
 (yuro) \TU/CharisSIL(0)/m/n/8 Re-for-mar
 []


Underfull \hbox (badness 10000) in paragraph at lines 4168--4169
[]\TU/Inter(0)/b/n/8 em-fa-zar[]\TU/CharisSIL(0)/m/it/8 (trans.)\TU/Inter(0)/b/
n/7 1. \TU/CharisSIL(0)/m/n/8 Exa-je-rar la
 []


Underfull \hbox (badness 7486) in paragraph at lines 4176--4177
\TU/CharisSIL(0)/m/n/8 por la cir-ku-lado la va-lo-raji
 []


Underfull \hbox (badness 5431) in paragraph at lines 4188--4189
[]\TU/Inter(0)/b/n/8 em-plo-yar[]\TU/CharisSIL(0)/m/it/8 (trans.) \TU/CharisSIL
(0)/m/n/8 Uzar (sua-
 []


Package fancyhdr Warning: \headheight is too small (12.0pt): 
(fancyhdr)                Make it at least 16.54997pt, for example:
(fancyhdr)                \setlength{\headheight}{16.54997pt}.
(fancyhdr)                You might also make \topmargin smaller to compensate:

(fancyhdr)                \addtolength{\topmargin}{-4.54997pt}.

[91]
Underfull \hbox (badness 5133) in paragraph at lines 4224--4225
[]\TU/Inter(0)/b/n/8 en-di-vio[]\TU/CharisSIL(0)/m/it/8 (bot.) \TU/CharisSIL(0)
/m/n/8 Ci-ko-rio gar-de-
 []


Underfull \hbox (badness 10000) in paragraph at lines 4256--4257
[]\TU/Inter(0)/b/n/8 en-ka-u-stiko[]\TU/Inter(0)/b/n/7 1. \TU/CharisSIL(0)/m/it
/8 (che la an-ti-qui)
 []


Underfull \hbox (badness 10000) in paragraph at lines 4258--4259
[]\TU/Inter(0)/b/n/8 en-ki-lemo[]\TU/CharisSIL(0)/m/it/8 (citologio) \TU/Charis
SIL(0)/m/n/8 Li-qu-ido o
 []


Package fancyhdr Warning: \headheight is too small (12.0pt): 
(fancyhdr)                Make it at least 16.54997pt, for example:
(fancyhdr)                \setlength{\headheight}{16.54997pt}.
(fancyhdr)                You might also make \topmargin smaller to compensate:

(fancyhdr)                \addtolength{\topmargin}{-4.54997pt}.

[92]
Underfull \hbox (badness 6204) in paragraph at lines 4262--4263
[]\TU/Inter(0)/b/n/8 en-lu-mi-nar[]\TU/CharisSIL(0)/m/it/8 (trans.) \TU/CharisS
IL(0)/m/n/8 Pik-tar ye
 []


Underfull \hbox (badness 10000) in paragraph at lines 4268--4269
[]\TU/Inter(0)/b/n/8 en-re-ji-strar[]\TU/CharisSIL(0)/m/it/8 (trans.)\TU/Inter(
0)/b/n/7 1. \TU/CharisSIL(0)/m/n/8 En-skri-bar
 []


Underfull \hbox (badness 10000) in paragraph at lines 4312--4313
[]\TU/Inter(0)/b/n/8 en-ve-lo-par[]\TU/CharisSIL(0)/m/it/8 (trans.)\TU/Inter(0)
/b/n/7 1. \TU/CharisSIL(0)/m/n/8 Cir-kon-dar
 []


Underfull \hbox (badness 5036) in paragraph at lines 4312--4313
\TU/CharisSIL(0)/m/n/8 ye ulo qua ko-vras (lu) om-
 []


Underfull \hbox (badness 5726) in paragraph at lines 4312--4313
\TU/CharisSIL(0)/m/n/8 na-punte\TU/Inter(0)/b/n/7 2. \TU/CharisSIL(0)/m/it/8 (mi
-lito) \TU/CharisSIL(0)/m/n/8 Cir-kon-dar
 []


Package fancyhdr Warning: \headheight is too small (12.0pt): 
(fancyhdr)                Make it at least 16.54997pt, for example:
(fancyhdr)                \setlength{\headheight}{16.54997pt}.
(fancyhdr)                You might also make \topmargin smaller to compensate:

(fancyhdr)                \addtolength{\topmargin}{-4.54997pt}.

[93]
Underfull \hbox (badness 10000) in paragraph at lines 4326--4327
[]\TU/Inter(0)/b/n/8 eo-zimo[]\TU/CharisSIL(0)/m/it/8 (kemio) \TU/CharisSIL(0)/
m/n/8 Ma-te-rio reda
 []


Package fancyhdr Warning: \headheight is too small (12.0pt): 
(fancyhdr)                Make it at least 16.54997pt, for example:
(fancyhdr)                \setlength{\headheight}{16.54997pt}.
(fancyhdr)                You might also make \topmargin smaller to compensate:

(fancyhdr)                \addtolength{\topmargin}{-4.54997pt}.

[94]
Underfull \hbox (badness 10000) in paragraph at lines 4378--4379
[]\TU/Inter(0)/b/n/8 epi-stolo[]\TU/Inter(0)/b/n/7 1. \TU/CharisSIL(0)/m/it/8 (l
i-te-ra-turo) \TU/CharisSIL(0)/m/n/8 Le-tro
 []


Underfull \hbox (badness 10000) in paragraph at lines 4398--4399
\TU/CharisSIL(0)/m/n/8 kom di-stin-givo ulo historio-
 []


Package fancyhdr Warning: \headheight is too small (12.0pt): 
(fancyhdr)                Make it at least 16.54997pt, for example:
(fancyhdr)                \setlength{\headheight}{16.54997pt}.
(fancyhdr)                You might also make \topmargin smaller to compensate:

(fancyhdr)                \addtolength{\topmargin}{-4.54997pt}.

[95]

Package fancyhdr Warning: \headheight is too small (12.0pt): 
(fancyhdr)                Make it at least 16.54997pt, for example:
(fancyhdr)                \setlength{\headheight}{16.54997pt}.
(fancyhdr)                You might also make \topmargin smaller to compensate:

(fancyhdr)                \addtolength{\topmargin}{-4.54997pt}.

[96]
Underfull \hbox (badness 10000) in paragraph at lines 4460--4461
[]\TU/Inter(0)/b/n/8 ero[]\TU/CharisSIL(0)/m/it/8 (kronologio)\TU/Inter(0)/b/n/
7 1. \TU/CharisSIL(0)/m/n/8 Epoko kon-
 []


Underfull \hbox (badness 10000) in paragraph at lines 4460--4461
\TU/CharisSIL(0)/m/n/8 ci-ono\TU/Inter(0)/b/n/7 2. \TU/CharisSIL(0)/m/n/8 Epoko re-mar-kinda,
 []


Underfull \hbox (badness 10000) in paragraph at lines 4466--4467
[]\TU/Inter(0)/b/n/8 ero-tika[] \TU/CharisSIL(0)/m/n/8 Qua kon-cer-nas
 []


Underfull \hbox (badness 6876) in paragraph at lines 4490--4491
\TU/CharisSIL(0)/m/n/8 te-nas la gradi por la spek-
 []


Underfull \hbox (badness 10000) in paragraph at lines 4502--4503
[]\TU/Inter(0)/b/n/8 eskal-dar[]\TU/CharisSIL(0)/m/it/8 (trans.)\TU/Inter(0)/b/
n/7 1. \TU/CharisSIL(0)/m/n/8 Bru-lar per
 []


Package fancyhdr Warning: \headheight is too small (12.0pt): 
(fancyhdr)                Make it at least 16.54997pt, for example:
(fancyhdr)                \setlength{\headheight}{16.54997pt}.
(fancyhdr)                You might also make \topmargin smaller to compensate:

(fancyhdr)                \addtolength{\topmargin}{-4.54997pt}.

[97]
Underfull \hbox (badness 10000) in paragraph at lines 4526--4527
[]\TU/Inter(0)/b/n/8 eskoto[]\TU/CharisSIL(0)/m/it/8 (navo) \TU/CharisSIL(0)/m/
n/8 Grosa kor-dego
 []


Underfull \hbox (badness 10000) in paragraph at lines 4554--4555
[]\TU/Inter(0)/b/n/8 espi-neto[]\TU/CharisSIL(0)/m/it/8 (muziko)\TU/Inter(0)/b/
n/7 1. \TU/CharisSIL(0)/m/n/8 muzik-
 []


Underfull \hbox (badness 10000) in paragraph at lines 4554--4555
\TU/CharisSIL(0)/m/n/8 instrumento por-te-bla, kor-
 []


Underfull \hbox (badness 10000) in paragraph at lines 4556--4557
[]\TU/Inter(0)/b/n/8 espino[]\TU/CharisSIL(0)/m/it/8 (bot.) \TU/CharisSIL(0)/m/
n/8 Ar-bo-reto dor-
 []


Underfull \hbox (badness 10000) in paragraph at lines 4558--4559
[]\TU/Inter(0)/b/n/8 espla-nado[]\TU/CharisSIL(0)/m/it/8 (armeo)\TU/Inter(0)/b/
n/7 1. \TU/CharisSIL(0)/m/n/8 Te-reno
 []


Package fancyhdr Warning: \headheight is too small (12.0pt): 
(fancyhdr)                Make it at least 16.54997pt, for example:
(fancyhdr)                \setlength{\headheight}{16.54997pt}.
(fancyhdr)                You might also make \topmargin smaller to compensate:

(fancyhdr)                \addtolength{\topmargin}{-4.54997pt}.

[98]
Underfull \hbox (badness 10000) in paragraph at lines 4572--4573
[]\TU/Inter(0)/b/n/8 esta-feto[] \TU/CharisSIL(0)/m/n/8 Ku-ri-ero qua por-tas
 []


Underfull \hbox (badness 7759) in paragraph at lines 4592--4593
[]\TU/Inter(0)/b/n/8 estom-par[]\TU/CharisSIL(0)/m/it/8 (trans.)\TU/Inter(0)/b/
n/7 1. \TU/CharisSIL(0)/m/n/8 Di-lu-tar la
 []


Package fancyhdr Warning: \headheight is too small (12.0pt): 
(fancyhdr)                Make it at least 16.54997pt, for example:
(fancyhdr)                \setlength{\headheight}{16.54997pt}.
(fancyhdr)                You might also make \topmargin smaller to compensate:

(fancyhdr)                \addtolength{\topmargin}{-4.54997pt}.

[99]
Underfull \hbox (badness 10000) in paragraph at lines 4628--4629
[]\TU/Inter(0)/b/n/8 etiko[]\TU/Inter(0)/b/n/7 1. \TU/CharisSIL(0)/m/n/8 La ci-e
nco pri la
 []


Underfull \hbox (badness 10000) in paragraph at lines 4628--4629
\TU/CharisSIL(0)/m/n/8 mori\TU/Inter(0)/b/n/7 2. \TU/CharisSIL(0)/m/n/8 Trak-tat
o pri ta ci-
 []


Package fancyhdr Warning: \headheight is too small (12.0pt): 
(fancyhdr)                Make it at least 16.54997pt, for example:
(fancyhdr)                \setlength{\headheight}{16.54997pt}.
(fancyhdr)                You might also make \topmargin smaller to compensate:

(fancyhdr)                \addtolength{\topmargin}{-4.54997pt}.

[100]
Underfull \hbox (badness 6477) in paragraph at lines 4660--4661
\TU/CharisSIL(0)/m/n/8 la ofico, en Ori-ento, kon-si-
 []


Underfull \hbox (badness 10000) in paragraph at lines 4670--4671
[]\TU/Inter(0)/b/n/8 even-tar[]\TU/CharisSIL(0)/m/it/8 (netrans.) \TU/CharisSIL
(0)/m/n/8 Di-ve-nar
 []


Underfull \hbox (badness 10000) in paragraph at lines 4680--4681
[]\TU/Inter(0)/b/n/8 evi-tar[]\TU/CharisSIL(0)/m/it/8 (trans.) \TU/CharisSIL(0)
/m/n/8 Pro-bar ne-
 []


Underfull \hbox (badness 10000) in paragraph at lines 4682--4683
[]\TU/Inter(0)/b/n/8 evo-lu-ci-o-nar[]\TU/CharisSIL(0)/m/it/8 (netrans.)\TU/Int
er(0)/b/n/7 1. \TU/CharisSIL(0)/m/n/8 Ma-no-
 []


Underfull \hbox (badness 10000) in paragraph at lines 4700--4701
[]\TU/Inter(0)/b/n/8 exa-spe-rar[]\TU/CharisSIL(0)/m/it/8 (trans.)\TU/Inter(0)/
b/n/7 1. \TU/CharisSIL(0)/m/it/8 (me-dic.)
 []


Underfull \hbox (badness 10000) in paragraph at lines 4700--4701
\TU/CharisSIL(0)/m/n/8 Igar (morbo) atin-gar sua
 []


Package fancyhdr Warning: \headheight is too small (12.0pt): 
(fancyhdr)                Make it at least 16.54997pt, for example:
(fancyhdr)                \setlength{\headheight}{16.54997pt}.
(fancyhdr)                You might also make \topmargin smaller to compensate:

(fancyhdr)                \addtolength{\topmargin}{-4.54997pt}.

[101]
Underfull \hbox (badness 10000) in paragraph at lines 4712--4713
[]\TU/Inter(0)/b/n/8 « exe-qu-a-tur »[]\TU/Inter(0)/b/n/7 1. \TU/CharisSIL(
0)/m/it/8 (yuro-cienco)
 []


Package fancyhdr Warning: \headheight is too small (12.0pt): 
(fancyhdr)                Make it at least 16.54997pt, for example:
(fancyhdr)                \setlength{\headheight}{16.54997pt}.
(fancyhdr)                You might also make \topmargin smaller to compensate:

(fancyhdr)                \addtolength{\topmargin}{-4.54997pt}.

[102]
Underfull \hbox (badness 7631) in paragraph at lines 4752--4753
\TU/CharisSIL(0)/m/n/8 di-skurso : ko-men-car, pre-pa-
 []


Underfull \hbox (badness 10000) in paragraph at lines 4758--4759
[]\TU/Inter(0)/b/n/8 ex-pan-sar[]\TU/CharisSIL(0)/m/it/8 (netrans.)\TU/Inter(0)
/b/n/7 1. \TU/CharisSIL(0)/m/it/8 (ci-enco)
 []


Underfull \hbox (badness 7099) in paragraph at lines 4762--4763
[]\TU/Inter(0)/b/n/8 ex-pe-di-ci-o-nar[]\TU/CharisSIL(0)/m/it/8 (trans.) \TU/Ch
arisSIL(0)/m/n/8 Sen-dar
 []


Underfull \hbox (badness 5637) in paragraph at lines 4768--4769
[]\TU/Inter(0)/b/n/8 ex-pe-ri-en-car[]\TU/CharisSIL(0)/m/it/8 (trans.) \TU/Char
isSIL(0)/m/n/8 Ko-no-car
 []


Underfull \hbox (badness 5189) in paragraph at lines 4784--4785
\TU/CharisSIL(0)/m/n/8 pe-ne-trar til la esenco di la
 []


Package fancyhdr Warning: \headheight is too small (12.0pt): 
(fancyhdr)                Make it at least 16.54997pt, for example:
(fancyhdr)                \setlength{\headheight}{16.54997pt}.
(fancyhdr)                You might also make \topmargin smaller to compensate:

(fancyhdr)                \addtolength{\topmargin}{-4.54997pt}.

[103]
Underfull \hbox (badness 10000) in paragraph at lines 4792--4793
[]\TU/Inter(0)/b/n/8 ex-pre-sar[]\TU/CharisSIL(0)/m/it/8 (trans.) \TU/CharisSIL
(0)/m/n/8 Ma-ni-fe-star
 []


Underfull \hbox (badness 10000) in paragraph at lines 4792--4793
\TU/CharisSIL(0)/m/n/8 (penso, sen-ti-mento) per pa-
 []


Underfull \hbox (badness 10000) in paragraph at lines 4798--4799
[]\TU/Inter(0)/b/n/8 ex-ten-sar[]\TU/CharisSIL(0)/m/it/8 (trans.)\TU/Inter(0)/b
/n/7 1. \TU/CharisSIL(0)/m/n/8 De-ve-lo-par
 []


Underfull \hbox (badness 5908) in paragraph at lines 4798--4799
\TU/CharisSIL(0)/m/n/8 lon-ge-sale, lar-je-sale\TU/Inter(0)/b/n/7 2. \TU/Charis
SIL(0)/m/n/8 Esta-lar
 []


Underfull \hbox (badness 10000) in paragraph at lines 4808--4809
[]\TU/Inter(0)/b/n/8 ex-tin-gar[]\TU/CharisSIL(0)/m/it/8 (trans.)\TU/Inter(0)/b
/n/7 1. \TU/CharisSIL(0)/m/n/8 Ce-si-gar la
 []


Underfull \hbox (badness 10000) in paragraph at lines 4820--4821
[]\TU/Inter(0)/b/n/8 ex-trak-tar[]\TU/CharisSIL(0)/m/it/8 (trans.)\TU/Inter(0)/
b/n/7 1. \TU/CharisSIL(0)/m/n/8 Re-tro-ti-rar
 []


Underfull \hbox (badness 5802) in paragraph at lines 4820--4821
\TU/CharisSIL(0)/m/n/8 kita, ste-kita, na-ture od aci-
 []


Underfull \hbox (badness 7344) in paragraph at lines 4820--4821
\TU/CharisSIL(0)/m/n/8 kompozar ica\TU/Inter(0)/b/n/7 5. \TU/CharisSIL(0)/m/it/
8 (ke-mio) \TU/CharisSIL(0)/m/n/8 Ex-
 []


Package fancyhdr Warning: \headheight is too small (12.0pt): 
(fancyhdr)                Make it at least 16.54997pt, for example:
(fancyhdr)                \setlength{\headheight}{16.54997pt}.
(fancyhdr)                You might also make \topmargin smaller to compensate:

(fancyhdr)                \addtolength{\topmargin}{-4.54997pt}.

[104]

Package fancyhdr Warning: \headheight is too small (12.0pt): 
(fancyhdr)                Make it at least 16.54997pt, for example:
(fancyhdr)                \setlength{\headheight}{16.54997pt}.
(fancyhdr)                You might also make \topmargin smaller to compensate:

(fancyhdr)                \addtolength{\topmargin}{-4.54997pt}.

[105] [106

]
Underfull \hbox (badness 10000) in paragraph at lines 4847--4848
\TU/CharisSIL(0)/m/n/8 di qua la pro-ta-go-ni-sti esas,
 []


Underfull \hbox (badness 10000) in paragraph at lines 4849--4850
\TU/CharisSIL(0)/m/n/8 uzata kom nu-trivo\TU/CharisSIL(0)/m/it/8 L. vi-cia
 []


Underfull \hbox (badness 10000) in paragraph at lines 4855--4856
[]\TU/Inter(0)/b/n/8 fa-cila[] \TU/CharisSIL(0)/m/n/8 Fa-ce-bla od age-bla sen
 []


Package fancyhdr Warning: \headheight is too small (12.0pt): 
(fancyhdr)                Make it at least 16.54997pt, for example:
(fancyhdr)                \setlength{\headheight}{16.54997pt}.
(fancyhdr)                You might also make \topmargin smaller to compensate:

(fancyhdr)                \addtolength{\topmargin}{-4.54997pt}.

[107]

Package fancyhdr Warning: \headheight is too small (12.0pt): 
(fancyhdr)                Make it at least 16.54997pt, for example:
(fancyhdr)                \setlength{\headheight}{16.54997pt}.
(fancyhdr)                You might also make \topmargin smaller to compensate:

(fancyhdr)                \addtolength{\topmargin}{-4.54997pt}.

[108]
Underfull \hbox (badness 10000) in paragraph at lines 4929--4930
[]\TU/Inter(0)/b/n/8 famo[] \TU/CharisSIL(0)/m/n/8 Fa-vo-reso, segun-modeso,
 []


Underfull \hbox (badness 10000) in paragraph at lines 4937--4938
[]\TU/Inter(0)/b/n/8 fan-faro[]\TU/CharisSIL(0)/m/it/8 (muziko) \TU/CharisSIL(0
)/m/n/8 Ario ar-me-
 []


Underfull \hbox (badness 10000) in paragraph at lines 4953--4954
[]\TU/Inter(0)/b/n/8 « fa-rad »[]\TU/CharisSIL(0)/m/it/8 (elektrotekniko) \
TU/CharisSIL(0)/m/n/8 Ka-pa-
 []


Underfull \hbox (badness 7925) in paragraph at lines 4977--4978
\TU/CharisSIL(0)/m/n/8 la arto pre-pa-rar la me-di-ka-
 []


Package fancyhdr Warning: \headheight is too small (12.0pt): 
(fancyhdr)                Make it at least 16.54997pt, for example:
(fancyhdr)                \setlength{\headheight}{16.54997pt}.
(fancyhdr)                You might also make \topmargin smaller to compensate:

(fancyhdr)                \addtolength{\topmargin}{-4.54997pt}.

[109]

Package fancyhdr Warning: \headheight is too small (12.0pt): 
(fancyhdr)                Make it at least 16.54997pt, for example:
(fancyhdr)                \setlength{\headheight}{16.54997pt}.
(fancyhdr)                You might also make \topmargin smaller to compensate:

(fancyhdr)                \addtolength{\topmargin}{-4.54997pt}.

[110]
Underfull \hbox (badness 10000) in paragraph at lines 5055--5056
[]\TU/Inter(0)/b/n/8 fe-muro[]\TU/CharisSIL(0)/m/it/8 (anat.) \TU/CharisSIL(0)/
m/n/8 Osto di la
 []


Package fancyhdr Warning: \headheight is too small (12.0pt): 
(fancyhdr)                Make it at least 16.54997pt, for example:
(fancyhdr)                \setlength{\headheight}{16.54997pt}.
(fancyhdr)                You might also make \topmargin smaller to compensate:

(fancyhdr)                \addtolength{\topmargin}{-4.54997pt}.

[111]
Underfull \hbox (badness 10000) in paragraph at lines 5105--5106
[]\TU/Inter(0)/b/n/8 fe-tida[] \TU/CharisSIL(0)/m/n/8 Mal-odoranta re-pu-
 []


Underfull \hbox (badness 6510) in paragraph at lines 5127--5128
\TU/CharisSIL(0)/m/n/8 qu-ida, sen-odora, sen-sapora,
 []


Package fancyhdr Warning: \headheight is too small (12.0pt): 
(fancyhdr)                Make it at least 16.54997pt, for example:
(fancyhdr)                \setlength{\headheight}{16.54997pt}.
(fancyhdr)                You might also make \topmargin smaller to compensate:

(fancyhdr)                \addtolength{\topmargin}{-4.54997pt}.

[112]
Underfull \hbox (badness 10000) in paragraph at lines 5151--5152
[]\TU/Inter(0)/b/n/8 fi-guro[]\TU/Inter(0)/b/n/7 1. \TU/CharisSIL(0)/m/n/8 Formo
 vi-de-bla di
 []


Underfull \hbox (badness 5446) in paragraph at lines 5173--5174
[]\TU/Inter(0)/b/n/8 fi-leto[]\TU/Inter(0)/b/n/7 1. \TU/CharisSIL(0)/m/n/8 Spi-r
alo qua cir-kon-das
 []


Underfull \hbox (badness 5908) in paragraph at lines 5177--5178
\TU/CharisSIL(0)/m/n/8 an-ti-qua, di la arti e di la
 []


Package fancyhdr Warning: \headheight is too small (12.0pt): 
(fancyhdr)                Make it at least 16.54997pt, for example:
(fancyhdr)                \setlength{\headheight}{16.54997pt}.
(fancyhdr)                You might also make \topmargin smaller to compensate:

(fancyhdr)                \addtolength{\topmargin}{-4.54997pt}.

[113]

Package fancyhdr Warning: \headheight is too small (12.0pt): 
(fancyhdr)                Make it at least 16.54997pt, for example:
(fancyhdr)                \setlength{\headheight}{16.54997pt}.
(fancyhdr)                You might also make \topmargin smaller to compensate:

(fancyhdr)                \addtolength{\topmargin}{-4.54997pt}.

[114]
Underfull \hbox (badness 6396) in paragraph at lines 5283--5284
\TU/CharisSIL(0)/m/n/8 mem-brano in-terna di la ve-
 []


Package fancyhdr Warning: \headheight is too small (12.0pt): 
(fancyhdr)                Make it at least 16.54997pt, for example:
(fancyhdr)                \setlength{\headheight}{16.54997pt}.
(fancyhdr)                You might also make \topmargin smaller to compensate:

(fancyhdr)                \addtolength{\topmargin}{-4.54997pt}.

[115]
Underfull \hbox (badness 10000) in paragraph at lines 5295--5296
[]\TU/Inter(0)/b/n/8 fle-xar[]\TU/CharisSIL(0)/m/it/8 (trans.)\TU/Inter(0)/b/n/
7 1. \TU/CharisSIL(0)/m/n/8 Kur-vi-gar per
 []


Underfull \hbox (badness 10000) in paragraph at lines 5313--5314
[]\TU/Inter(0)/b/n/8 flo-rono[]\TU/Inter(0)/b/n/7 1. \TU/CharisSIL(0)/m/n/8 Or-n
ivo imi-tanta la
 []


Package fancyhdr Warning: \headheight is too small (12.0pt): 
(fancyhdr)                Make it at least 16.54997pt, for example:
(fancyhdr)                \setlength{\headheight}{16.54997pt}.
(fancyhdr)                You might also make \topmargin smaller to compensate:

(fancyhdr)                \addtolength{\topmargin}{-4.54997pt}.

[116]
Underfull \hbox (badness 10000) in paragraph at lines 5361--5362
[]\TU/Inter(0)/b/n/8 fo-li-kulo[]\TU/Inter(0)/b/n/7 1. \TU/CharisSIL(0)/m/it/8 
(anat.) \TU/CharisSIL(0)/m/n/8 Mi-kra
 []


Underfull \hbox (badness 7486) in paragraph at lines 5361--5362
\TU/CharisSIL(0)/m/n/8 sako mem-brana en la te-gu-
 []


Underfull \hbox (badness 10000) in paragraph at lines 5373--5374
[]\TU/Inter(0)/b/n/8 fo-ne-tiko[] \TU/CharisSIL(0)/m/n/8 La parto di lin-gu-i-
 []


Package fancyhdr Warning: \headheight is too small (12.0pt): 
(fancyhdr)                Make it at least 16.54997pt, for example:
(fancyhdr)                \setlength{\headheight}{16.54997pt}.
(fancyhdr)                You might also make \topmargin smaller to compensate:

(fancyhdr)                \addtolength{\topmargin}{-4.54997pt}.

[117]
Underfull \hbox (badness 10000) in paragraph at lines 5401--5402
[]\TU/Inter(0)/b/n/8 forco[]\TU/CharisSIL(0)/m/it/8 (fiziko)\TU/Inter(0)/b/n/7 
1. \TU/CharisSIL(0)/m/n/8 La ka-uzo di
 []


Underfull \hbox (badness 10000) in paragraph at lines 5423--5424
[]\TU/Inter(0)/b/n/8 formo[]\TU/Inter(0)/b/n/7 1. \TU/CharisSIL(0)/m/n/8 Aspekto
 ex-tera di
 []


Underfull \hbox (badness 5563) in paragraph at lines 5423--5424
\TU/CharisSIL(0)/m/n/8 ni-ero ex-tera agar se-gun ula
 []


Underfull \hbox (badness 10000) in paragraph at lines 5423--5424
\TU/CharisSIL(0)/m/n/8 re-guli\TU/Inter(0)/b/n/7 4. \TU/CharisSIL(0)/m/n/8 Ma-ni
-ero ex-pre-sar
 []


Package fancyhdr Warning: \headheight is too small (12.0pt): 
(fancyhdr)                Make it at least 16.54997pt, for example:
(fancyhdr)                \setlength{\headheight}{16.54997pt}.
(fancyhdr)                You might also make \topmargin smaller to compensate:

(fancyhdr)                \addtolength{\topmargin}{-4.54997pt}.

[118]

Package fancyhdr Warning: \headheight is too small (12.0pt): 
(fancyhdr)                Make it at least 16.54997pt, for example:
(fancyhdr)                \setlength{\headheight}{16.54997pt}.
(fancyhdr)                You might also make \topmargin smaller to compensate:

(fancyhdr)                \addtolength{\topmargin}{-4.54997pt}.

[119]
Underfull \hbox (badness 10000) in paragraph at lines 5483--5484
\TU/CharisSIL(0)/m/n/8 zu-rar la intenseso-grado di
 []


Underfull \hbox (badness 10000) in paragraph at lines 5485--5486
\TU/CharisSIL(0)/m/n/8 fero lu-moza qua cir-kon-das
 []


Underfull \hbox (badness 5970) in paragraph at lines 5489--5490
[]\TU/Inter(0)/b/n/8 fo-to-tak-ti-smo[] \TU/CharisSIL(0)/m/n/8 Movo (in-flue da
 []


Underfull \hbox (badness 10000) in paragraph at lines 5521--5522
[]\TU/Inter(0)/b/n/8 framo[] \TU/CharisSIL(0)/m/n/8 Me-nu-zuro quaza-kadra;
 []


Package fancyhdr Warning: \headheight is too small (12.0pt): 
(fancyhdr)                Make it at least 16.54997pt, for example:
(fancyhdr)                \setlength{\headheight}{16.54997pt}.
(fancyhdr)                You might also make \topmargin smaller to compensate:

(fancyhdr)                \addtolength{\topmargin}{-4.54997pt}.

[120]
Underfull \hbox (badness 10000) in paragraph at lines 5555--5556
[]\TU/Inter(0)/b/n/8 *frendo[] \TU/CharisSIL(0)/m/n/8 Kun-partoprenanto di
 []


Underfull \hbox (badness 5578) in paragraph at lines 5567--5568
[]\TU/Inter(0)/b/n/8 fre-qu-en-tar[]\TU/CharisSIL(0)/m/it/8 (trans.)\TU/Inter(0
)/b/n/7 1. \TU/CharisSIL(0)/m/n/8 Ve-nar (a
 []


Package fancyhdr Warning: \headheight is too small (12.0pt): 
(fancyhdr)                Make it at least 16.54997pt, for example:
(fancyhdr)                \setlength{\headheight}{16.54997pt}.
(fancyhdr)                You might also make \topmargin smaller to compensate:

(fancyhdr)                \addtolength{\topmargin}{-4.54997pt}.

[121]

Package fancyhdr Warning: \headheight is too small (12.0pt): 
(fancyhdr)                Make it at least 16.54997pt, for example:
(fancyhdr)                \setlength{\headheight}{16.54997pt}.
(fancyhdr)                You might also make \topmargin smaller to compensate:

(fancyhdr)                \addtolength{\topmargin}{-4.54997pt}.

[122]
Underfull \hbox (badness 10000) in paragraph at lines 5637--5638
[]\TU/Inter(0)/b/n/8 frukto[]\TU/CharisSIL(0)/m/it/8 (bot.)\TU/Inter(0)/b/n/7 1.
 \TU/CharisSIL(0)/m/n/8 Pro-duk-turo de
 []


Underfull \hbox (badness 5787) in paragraph at lines 5637--5638
\TU/CharisSIL(0)/m/n/8 la ve-je-tanto, qua su-ce-das a
 []


Package fancyhdr Warning: \headheight is too small (12.0pt): 
(fancyhdr)                Make it at least 16.54997pt, for example:
(fancyhdr)                \setlength{\headheight}{16.54997pt}.
(fancyhdr)                You might also make \topmargin smaller to compensate:

(fancyhdr)                \addtolength{\topmargin}{-4.54997pt}.

[123]
Underfull \hbox (badness 10000) in paragraph at lines 5689--5690
[]\TU/Inter(0)/b/n/8 fu-ne-sta[] \TU/CharisSIL(0)/m/n/8 Qua ad-por-tas des-for-
 []


Underfull \hbox (badness 6110) in paragraph at lines 5699--5700
[]\TU/Inter(0)/b/n/8 fur-gono[]\TU/CharisSIL(0)/m/it/8 (armeo) \TU/CharisSIL(0)
/m/n/8 Longa ve-turo,
 []


Underfull \hbox (badness 10000) in paragraph at lines 5705--5706
[]\TU/Inter(0)/b/n/8 fur-nazo[] \TU/CharisSIL(0)/m/n/8 Forno in-kan-de-canta.
 []


Package fancyhdr Warning: \headheight is too small (12.0pt): 
(fancyhdr)                Make it at least 16.54997pt, for example:
(fancyhdr)                \setlength{\headheight}{16.54997pt}.
(fancyhdr)                You might also make \topmargin smaller to compensate:

(fancyhdr)                \addtolength{\topmargin}{-4.54997pt}.

[124]

Package fancyhdr Warning: \headheight is too small (12.0pt): 
(fancyhdr)                Make it at least 16.54997pt, for example:
(fancyhdr)                \setlength{\headheight}{16.54997pt}.
(fancyhdr)                You might also make \topmargin smaller to compensate:

(fancyhdr)                \addtolength{\topmargin}{-4.54997pt}.

[125] [126

]
Underfull \hbox (badness 10000) in paragraph at lines 5772--5773
[]\TU/Inter(0)/b/n/8 gal-bano[]\TU/CharisSIL(0)/m/it/8 (farmacio) \TU/CharisSIL
(0)/m/n/8 Gum-rezino
 []


Package fancyhdr Warning: \headheight is too small (12.0pt): 
(fancyhdr)                Make it at least 16.54997pt, for example:
(fancyhdr)                \setlength{\headheight}{16.54997pt}.
(fancyhdr)                You might also make \topmargin smaller to compensate:

(fancyhdr)                \addtolength{\topmargin}{-4.54997pt}.

[127]
Underfull \hbox (badness 10000) in paragraph at lines 5810--5811
[]\TU/Inter(0)/b/n/8 gal-va-no-me-tro[]\TU/CharisSIL(0)/m/it/8 (fiziko) \TU/Cha
risSIL(0)/m/n/8 In-stru-
 []


Package fancyhdr Warning: \headheight is too small (12.0pt): 
(fancyhdr)                Make it at least 16.54997pt, for example:
(fancyhdr)                \setlength{\headheight}{16.54997pt}.
(fancyhdr)                You might also make \topmargin smaller to compensate:

(fancyhdr)                \addtolength{\topmargin}{-4.54997pt}.

[128]
Underfull \hbox (badness 5105) in paragraph at lines 5846--5847
[]\TU/Inter(0)/b/n/8 ga-rar[]\TU/CharisSIL(0)/m/it/8 (trans.)\TU/Inter(0)/b/n/7
 1. \TU/CharisSIL(0)/m/n/8 Lo-ki-zar (navo)
 []


Underfull \hbox (badness 10000) in paragraph at lines 5846--5847
\TU/CharisSIL(0)/m/n/8 shirme en doko\TU/Inter(0)/b/n/7 2. \TU/CharisSIL(0)/m/n
/8 Ve-ni-gar
 []


Underfull \hbox (badness 7116) in paragraph at lines 5874--5875
[]\TU/Inter(0)/b/n/8 gar-sono[] \TU/CharisSIL(0)/m/n/8 Em-plo-yato infra-klasa
 []


Package fancyhdr Warning: \headheight is too small (12.0pt): 
(fancyhdr)                Make it at least 16.54997pt, for example:
(fancyhdr)                \setlength{\headheight}{16.54997pt}.
(fancyhdr)                You might also make \topmargin smaller to compensate:

(fancyhdr)                \addtolength{\topmargin}{-4.54997pt}.

[129]
Underfull \hbox (badness 10000) in paragraph at lines 5894--5895
[]\TU/Inter(0)/b/n/8 ga-u-jar[]\TU/CharisSIL(0)/m/it/8 (trans.) \TU/CharisSIL(0
)/m/n/8 Me-zu-rar la
 []


Package fancyhdr Warning: \headheight is too small (12.0pt): 
(fancyhdr)                Make it at least 16.54997pt, for example:
(fancyhdr)                \setlength{\headheight}{16.54997pt}.
(fancyhdr)                You might also make \topmargin smaller to compensate:

(fancyhdr)                \addtolength{\topmargin}{-4.54997pt}.

[130]
Underfull \hbox (badness 10000) in paragraph at lines 5938--5939
[]\TU/Inter(0)/b/n/8 ge-ne-ralo[]\TU/CharisSIL(0)/m/it/8 (armeo) \TU/CharisSIL(
0)/m/n/8 Milito-chefo
 []


Underfull \hbox (badness 5345) in paragraph at lines 5948--5949
[]\TU/Inter(0)/b/n/8 ge-ni-tar[]\TU/Inter(0)/b/n/7 1. \TU/CharisSIL(0)/m/n/8 I 
(trans.) Pro-duk-
 []


Package fancyhdr Warning: \headheight is too small (12.0pt): 
(fancyhdr)                Make it at least 16.54997pt, for example:
(fancyhdr)                \setlength{\headheight}{16.54997pt}.
(fancyhdr)                You might also make \topmargin smaller to compensate:

(fancyhdr)                \addtolength{\topmargin}{-4.54997pt}.

[131]
Underfull \hbox (badness 6332) in paragraph at lines 5984--5985
\TU/CharisSIL(0)/m/n/8 e di qua la un-gli esas ne-
 []


Underfull \hbox (badness 10000) in paragraph at lines 6018--6019
[]\TU/Inter(0)/b/n/8 gim-bardo[]\TU/CharisSIL(0)/m/it/8 (muziko) \TU/CharisSIL(
0)/m/n/8 Muzik-
 []


Underfull \hbox (badness 10000) in paragraph at lines 6020--6021
\TU/CharisSIL(0)/m/n/8 for-ti-gar e plu-flexebligar la
 []


Package fancyhdr Warning: \headheight is too small (12.0pt): 
(fancyhdr)                Make it at least 16.54997pt, for example:
(fancyhdr)                \setlength{\headheight}{16.54997pt}.
(fancyhdr)                You might also make \topmargin smaller to compensate:

(fancyhdr)                \addtolength{\topmargin}{-4.54997pt}.

[132]
Underfull \hbox (badness 10000) in paragraph at lines 6038--6039
[]\TU/Inter(0)/b/n/8 gi-pso[]\TU/CharisSIL(0)/m/it/8 (ikkemio)\TU/Inter(0)/b/n/
7 1. \TU/CharisSIL(0)/m/n/8 Kali-sulfato,
 []


Underfull \hbox (badness 10000) in paragraph at lines 6038--6039
\TU/CharisSIL(0)/m/n/8 maxim-multa-kaze hi-dra-toza.
 []


Underfull \hbox (badness 10000) in paragraph at lines 6038--6039
\TU/CharisSIL(0)/m/n/8 Sim-bolo ke-mi-ala : SO₄Ca
 []


Package fancyhdr Warning: \headheight is too small (12.0pt): 
(fancyhdr)                Make it at least 16.54997pt, for example:
(fancyhdr)                \setlength{\headheight}{16.54997pt}.
(fancyhdr)                You might also make \topmargin smaller to compensate:

(fancyhdr)                \addtolength{\topmargin}{-4.54997pt}.

[133]
Underfull \hbox (badness 10000) in paragraph at lines 6098--6099
[]\TU/Inter(0)/b/n/8 gli-ko-ge-nezo[]\TU/CharisSIL(0)/m/it/8 (kemio bi-o-lo-gi-a
la)
 []


Underfull \hbox (badness 10000) in paragraph at lines 6102--6103
[]\TU/Inter(0)/b/n/8 gli-ko-pro-te-ido[]\TU/CharisSIL(0)/m/it/8 (kemio bi-o-lo-g
i-ala)
 []


Package fancyhdr Warning: \headheight is too small (12.0pt): 
(fancyhdr)                Make it at least 16.54997pt, for example:
(fancyhdr)                \setlength{\headheight}{16.54997pt}.
(fancyhdr)                You might also make \topmargin smaller to compensate:

(fancyhdr)                \addtolength{\topmargin}{-4.54997pt}.

[134]
Underfull \hbox (badness 10000) in paragraph at lines 6152--6153
[]\TU/Inter(0)/b/n/8 gno-miko[]\TU/CharisSIL(0)/m/it/8 (antique) \TU/CharisSIL(
0)/m/n/8 Skrip-ti-sto
 []


Underfull \hbox (badness 10000) in paragraph at lines 6178--6179
[]\TU/Inter(0)/b/n/8 gon-dolo[]\TU/Inter(0)/b/n/7 1. \TU/CharisSIL(0)/m/n/8 Ve-h
ilo su-spen-dita
 []


Underfull \hbox (badness 10000) in paragraph at lines 6178--6179
\TU/CharisSIL(0)/m/n/8 sub ae-ro-stato (di-rek-te-bla o
 []


Package fancyhdr Warning: \headheight is too small (12.0pt): 
(fancyhdr)                Make it at least 16.54997pt, for example:
(fancyhdr)                \setlength{\headheight}{16.54997pt}.
(fancyhdr)                You might also make \topmargin smaller to compensate:

(fancyhdr)                \addtolength{\topmargin}{-4.54997pt}.

[135]

Package fancyhdr Warning: \headheight is too small (12.0pt): 
(fancyhdr)                Make it at least 16.54997pt, for example:
(fancyhdr)                \setlength{\headheight}{16.54997pt}.
(fancyhdr)                You might also make \topmargin smaller to compensate:

(fancyhdr)                \addtolength{\topmargin}{-4.54997pt}.

[136]
Underfull \hbox (badness 7558) in paragraph at lines 6240--6241
[]\TU/Inter(0)/b/n/8 gra-ni-vora[] \TU/CharisSIL(0)/m/n/8 Qua su nu-tras per
 []


Underfull \hbox (badness 10000) in paragraph at lines 6250--6251
[]\TU/Inter(0)/b/n/8 gra-pino[]\TU/Inter(0)/b/n/7 1. \TU/CharisSIL(0)/m/it/8 (na
-vig.) \TU/CharisSIL(0)/m/n/8 Abordo-
 []


Package fancyhdr Warning: \headheight is too small (12.0pt): 
(fancyhdr)                Make it at least 16.54997pt, for example:
(fancyhdr)                \setlength{\headheight}{16.54997pt}.
(fancyhdr)                You might also make \topmargin smaller to compensate:

(fancyhdr)                \addtolength{\topmargin}{-4.54997pt}.

[137]

Package fancyhdr Warning: \headheight is too small (12.0pt): 
(fancyhdr)                Make it at least 16.54997pt, for example:
(fancyhdr)                \setlength{\headheight}{16.54997pt}.
(fancyhdr)                You might also make \topmargin smaller to compensate:

(fancyhdr)                \addtolength{\topmargin}{-4.54997pt}.

[138]
Underfull \hbox (badness 10000) in paragraph at lines 6322--6323
\TU/CharisSIL(0)/m/n/8 ma-ni-ero vul-gara, o fa-so-nita
 []


Underfull \hbox (badness 7613) in paragraph at lines 6324--6325
[]\TU/Inter(0)/b/n/8 gro-te-ska[] \TU/CharisSIL(0)/m/n/8 Rid-ecitanta pro lua
 []


Underfull \hbox (badness 7273) in paragraph at lines 6328--6329
\TU/CharisSIL(0)/m/n/8 ne-ma-tura ed acido-saporanta,
 []


Underfull \hbox (badness 10000) in paragraph at lines 6334--6335
\TU/CharisSIL(0)/m/n/8 stanco pul-ve-ra-tra aglo-me-rita,
 []


Package fancyhdr Warning: \headheight is too small (12.0pt): 
(fancyhdr)                Make it at least 16.54997pt, for example:
(fancyhdr)                \setlength{\headheight}{16.54997pt}.
(fancyhdr)                You might also make \topmargin smaller to compensate:

(fancyhdr)                \addtolength{\topmargin}{-4.54997pt}.

[139]

Package fancyhdr Warning: \headheight is too small (12.0pt): 
(fancyhdr)                Make it at least 16.54997pt, for example:
(fancyhdr)                \setlength{\headheight}{16.54997pt}.
(fancyhdr)                You might also make \topmargin smaller to compensate:

(fancyhdr)                \addtolength{\topmargin}{-4.54997pt}.

[140]

Package fancyhdr Warning: \headheight is too small (12.0pt): 
(fancyhdr)                Make it at least 16.54997pt, for example:
(fancyhdr)                \setlength{\headheight}{16.54997pt}.
(fancyhdr)                You might also make \topmargin smaller to compensate:

(fancyhdr)                \addtolength{\topmargin}{-4.54997pt}.

[141

]
Underfull \hbox (badness 10000) in paragraph at lines 6471--6472
[]\TU/Inter(0)/b/n/8 har-mo-niko[]\TU/CharisSIL(0)/m/it/8 (muzik.)\TU/Inter(0)/
b/n/7 1. \TU/CharisSIL(0)/m/n/8 Muzik-
 []


Underfull \hbox (badness 10000) in paragraph at lines 6479--6480
[]\TU/Inter(0)/b/n/8 harpo[] \TU/CharisSIL(0)/m/n/8 Muzik-instrumento tri-
 []


Underfull \hbox (badness 10000) in paragraph at lines 6481--6482
[]\TU/Inter(0)/b/n/8 har-puno[]\TU/Inter(0)/b/n/7 1. \TU/CharisSIL(0)/m/n/8 In-s
tru-mento fera,
 []


Underfull \hbox (badness 10000) in paragraph at lines 6481--6482
\TU/CharisSIL(0)/m/n/8 uzata por akro-char, pi-
 []


Package fancyhdr Warning: \headheight is too small (12.0pt): 
(fancyhdr)                Make it at least 16.54997pt, for example:
(fancyhdr)                \setlength{\headheight}{16.54997pt}.
(fancyhdr)                You might also make \topmargin smaller to compensate:

(fancyhdr)                \addtolength{\topmargin}{-4.54997pt}.

[142]
Underfull \hbox (badness 10000) in paragraph at lines 6513--6514
\TU/CharisSIL(0)/m/n/8 te-ri-zata da de-pe-riso pro-gre-
 []


Underfull \hbox (badness 10000) in paragraph at lines 6531--6532
\TU/CharisSIL(0)/m/n/8 tra-sita fi-le-ta-tre cir-kum ci-lin-
 []


Package fancyhdr Warning: \headheight is too small (12.0pt): 
(fancyhdr)                Make it at least 16.54997pt, for example:
(fancyhdr)                \setlength{\headheight}{16.54997pt}.
(fancyhdr)                You might also make \topmargin smaller to compensate:

(fancyhdr)                \addtolength{\topmargin}{-4.54997pt}.

[143]
Underfull \hbox (badness 10000) in paragraph at lines 6551--6552
[]\TU/Inter(0)/b/n/8 he-li-o-me-tro[]\TU/CharisSIL(0)/m/it/8 (astron.) \TU/Char
isSIL(0)/m/n/8 Apa-rato
 []


Package fancyhdr Warning: \headheight is too small (12.0pt): 
(fancyhdr)                Make it at least 16.54997pt, for example:
(fancyhdr)                \setlength{\headheight}{16.54997pt}.
(fancyhdr)                You might also make \topmargin smaller to compensate:

(fancyhdr)                \addtolength{\topmargin}{-4.54997pt}.

[144]
Underfull \hbox (badness 7168) in paragraph at lines 6607--6608
[]\TU/Inter(0)/b/n/8 her-bi-vora[] \TU/CharisSIL(0)/m/n/8 Qua su nu-tras per
 []


Package fancyhdr Warning: \headheight is too small (12.0pt): 
(fancyhdr)                Make it at least 16.54997pt, for example:
(fancyhdr)                \setlength{\headheight}{16.54997pt}.
(fancyhdr)                You might also make \topmargin smaller to compensate:

(fancyhdr)                \addtolength{\topmargin}{-4.54997pt}.

[145]
Underfull \hbox (badness 10000) in paragraph at lines 6671--6672
[]\TU/Inter(0)/b/n/8 he-xa-me-tro[]\TU/CharisSIL(0)/m/it/8 (metriko) \TU/Charis
SIL(0)/m/n/8 Sis-peda
 []


Package fancyhdr Warning: \headheight is too small (12.0pt): 
(fancyhdr)                Make it at least 16.54997pt, for example:
(fancyhdr)                \setlength{\headheight}{16.54997pt}.
(fancyhdr)                You might also make \topmargin smaller to compensate:

(fancyhdr)                \addtolength{\topmargin}{-4.54997pt}.

[146]
Underfull \hbox (badness 10000) in paragraph at lines 6715--6716
[]\TU/Inter(0)/b/n/8 hi-dro-lizo[] \TU/CharisSIL(0)/m/n/8 Re-akto di du-i-me-sko

 []


Underfull \hbox (badness 10000) in paragraph at lines 6717--6718
[]\TU/Inter(0)/b/n/8 hi-dro-lo-gio[] \TU/CharisSIL(0)/m/n/8 Parto di la natur-
 []


Underfull \hbox (badness 10000) in paragraph at lines 6719--6720
[]\TU/Inter(0)/b/n/8 hi-dro-man-cio[] \TU/CharisSIL(0)/m/n/8 Di-vi-nado per
 []


Package fancyhdr Warning: \headheight is too small (12.0pt): 
(fancyhdr)                Make it at least 16.54997pt, for example:
(fancyhdr)                \setlength{\headheight}{16.54997pt}.
(fancyhdr)                You might also make \topmargin smaller to compensate:

(fancyhdr)                \addtolength{\topmargin}{-4.54997pt}.

[147]
Underfull \hbox (badness 5147) in paragraph at lines 6755--6756
\TU/CharisSIL(0)/m/n/8 me-zu-ras la qu-anto de aquo-
 []


Underfull \hbox (badness 5147) in paragraph at lines 6757--6758
\TU/CharisSIL(0)/m/n/8 me-zu-ras la qu-anto de aquo-
 []


Underfull \hbox (badness 10000) in paragraph at lines 6761--6762
[]\TU/Inter(0)/b/n/8 hike[]\TU/Inter(0)/b/n/7 1. \TU/CharisSIL(0)/m/n/8 En la lo
ko ube esas
 []


Package fancyhdr Warning: \headheight is too small (12.0pt): 
(fancyhdr)                Make it at least 16.54997pt, for example:
(fancyhdr)                \setlength{\headheight}{16.54997pt}.
(fancyhdr)                You might also make \topmargin smaller to compensate:

(fancyhdr)                \addtolength{\topmargin}{-4.54997pt}.

[148]
Underfull \hbox (badness 5091) in paragraph at lines 6789--6790
[]\TU/Inter(0)/b/n/8 hi-per-bo-lo-ido[]\TU/CharisSIL(0)/m/it/8 (geom.) \TU/Char
isSIL(0)/m/n/8 Sur-faco
 []


Underfull \hbox (badness 10000) in paragraph at lines 6795--6796
[]\TU/Inter(0)/b/n/8 hi-pe-re-ste-zio[]\TU/CharisSIL(0)/m/it/8 (patol.) \TU/Cha
risSIL(0)/m/n/8 Hiper-
 []


Package fancyhdr Warning: \headheight is too small (12.0pt): 
(fancyhdr)                Make it at least 16.54997pt, for example:
(fancyhdr)                \setlength{\headheight}{16.54997pt}.
(fancyhdr)                You might also make \topmargin smaller to compensate:

(fancyhdr)                \addtolength{\topmargin}{-4.54997pt}.

[149]
Underfull \hbox (badness 10000) in paragraph at lines 6839--6840
\TU/CharisSIL(0)/m/n/8 de-duk-tas kon-se-qui ve-ri-fi-
 []


Underfull \hbox (badness 10000) in paragraph at lines 6851--6852
[]\TU/Inter(0)/b/n/8 hi-ste-rezo[]\TU/CharisSIL(0)/m/it/8 (elektrotekniko) \TU/
CharisSIL(0)/m/n/8 Pro-
 []


Underfull \hbox (badness 10000) in paragraph at lines 6853--6854
[]\TU/Inter(0)/b/n/8 hi-ste-re-zo-me-tro[]\TU/CharisSIL(0)/m/it/8 (elektroteknik
o)
 []


Underfull \hbox (badness 5302) in paragraph at lines 6871--6872
\TU/CharisSIL(0)/m/n/8 Ak-toro qua pleis farsi gro-si-
 []


Package fancyhdr Warning: \headheight is too small (12.0pt): 
(fancyhdr)                Make it at least 16.54997pt, for example:
(fancyhdr)                \setlength{\headheight}{16.54997pt}.
(fancyhdr)                You might also make \topmargin smaller to compensate:

(fancyhdr)                \addtolength{\topmargin}{-4.54997pt}.

[150]
Underfull \hbox (badness 10000) in paragraph at lines 6885--6886
[]\TU/Inter(0)/b/n/8 ho-do-me-tro[]\TU/Inter(0)/b/n/7 1. \TU/CharisSIL(0)/m/n/8
 In-stru-mento
 []


Underfull \hbox (badness 5022) in paragraph at lines 6895--6896
[]\TU/Inter(0)/b/n/8 ho-lo-grafa[]\TU/CharisSIL(0)/m/it/8 (pri te-sta-mento) \T
U/CharisSIL(0)/m/n/8 Tote
 []


Underfull \hbox (badness 10000) in paragraph at lines 6911--6912
[]\TU/Inter(0)/b/n/8 ho-me-rala[]\TU/CharisSIL(0)/m/it/8 (rido) \TU/CharisSIL(0
)/m/n/8 ne-re-pre-se-bla
 []


Package fancyhdr Warning: \headheight is too small (12.0pt): 
(fancyhdr)                Make it at least 16.54997pt, for example:
(fancyhdr)                \setlength{\headheight}{16.54997pt}.
(fancyhdr)                You might also make \topmargin smaller to compensate:

(fancyhdr)                \addtolength{\topmargin}{-4.54997pt}.

[151]
Underfull \hbox (badness 10000) in paragraph at lines 6919--6920
[]\TU/Inter(0)/b/n/8 ho-mo-gena[] \TU/CharisSIL(0)/m/n/8 Di qua la ele-
 []


Underfull \hbox (badness 10000) in paragraph at lines 6921--6922
[]\TU/Inter(0)/b/n/8 ho-mo-gra-fio[]\TU/CharisSIL(0)/m/it/8 (geom.) \TU/CharisS
IL(0)/m/n/8 In-ter-de-
 []


Underfull \hbox (badness 10000) in paragraph at lines 6923--6924
\TU/CharisSIL(0)/m/it/8 ter-mini) \TU/CharisSIL(0)/m/n/8 Qui in-ter-ko-re-spon-
 []


Underfull \hbox (badness 5050) in paragraph at lines 6937--6938
[]\TU/Inter(0)/b/n/8 ho-noro[]\TU/Inter(0)/b/n/7 1. \TU/CharisSIL(0)/m/n/8 Di-gn
eso eti-kala qua
 []


Package fancyhdr Warning: \headheight is too small (12.0pt): 
(fancyhdr)                Make it at least 16.54997pt, for example:
(fancyhdr)                \setlength{\headheight}{16.54997pt}.
(fancyhdr)                You might also make \topmargin smaller to compensate:

(fancyhdr)                \addtolength{\topmargin}{-4.54997pt}.

[152]
Underfull \hbox (badness 10000) in paragraph at lines 6969--6970
[]\TU/Inter(0)/b/n/8 ho-stio[]\TU/CharisSIL(0)/m/it/8 (liturgio ka-to-lika) \TU
/CharisSIL(0)/m/n/8 Pano-
 []


Underfull \hbox (badness 10000) in paragraph at lines 6971--6972
[]\TU/Inter(0)/b/n/8 ho-sto[] \TU/CharisSIL(0)/m/n/8 La per-sono qua ga-sti-
 []


Underfull \hbox (badness 10000) in paragraph at lines 7003--7004
[]\TU/Inter(0)/b/n/8 hun-grar[]\TU/CharisSIL(0)/m/it/8 (trans., ulo) \TU/Charis
SIL(0)/m/n/8 Be-zo-nar
 []


Package fancyhdr Warning: \headheight is too small (12.0pt): 
(fancyhdr)                Make it at least 16.54997pt, for example:
(fancyhdr)                \setlength{\headheight}{16.54997pt}.
(fancyhdr)                You might also make \topmargin smaller to compensate:

(fancyhdr)                \addtolength{\topmargin}{-4.54997pt}.

[153]
Underfull \hbox (badness 10000) in paragraph at lines 7007--7008
[]\TU/Inter(0)/b/n/8 hura![]\TU/Inter(0)/b/n/7 1. \TU/CharisSIL(0)/m/n/8 Klamo 
da la na-vani
 []


Underfull \hbox (badness 10000) in paragraph at lines 7007--7008
\TU/CharisSIL(0)/m/n/8 di per-so-nego qua eni-ras la
 []


Package fancyhdr Warning: \headheight is too small (12.0pt): 
(fancyhdr)                Make it at least 16.54997pt, for example:
(fancyhdr)                \setlength{\headheight}{16.54997pt}.
(fancyhdr)                You might also make \topmargin smaller to compensate:

(fancyhdr)                \addtolength{\topmargin}{-4.54997pt}.

[154]
Underfull \hbox (badness 10000) in paragraph at lines 7046--7047
[]\TU/Inter(0)/b/n/8 idi-lio[]\TU/Inter(0)/b/n/7 1. \TU/CharisSIL(0)/m/n/8 Mi-kr
a po-emo pa-sto-
 []


Underfull \hbox (badness 10000) in paragraph at lines 7046--7047
\TU/CharisSIL(0)/m/n/8 rala\TU/Inter(0)/b/n/7 2. \TU/CharisSIL(0)/m/n/8 Amoro-na
raco pa-sto-
 []


Package fancyhdr Warning: \headheight is too small (12.0pt): 
(fancyhdr)                Make it at least 16.54997pt, for example:
(fancyhdr)                \setlength{\headheight}{16.54997pt}.
(fancyhdr)                You might also make \topmargin smaller to compensate:

(fancyhdr)                \addtolength{\topmargin}{-4.54997pt}.

[155

]
Underfull \hbox (badness 10000) in paragraph at lines 7092--7093
\TU/CharisSIL(0)/m/n/8 fisho-vertebri\TU/CharisSIL(0)/m/it/8 L. icht-yo-sa-u-
 []


Package fancyhdr Warning: \headheight is too small (12.0pt): 
(fancyhdr)                Make it at least 16.54997pt, for example:
(fancyhdr)                \setlength{\headheight}{16.54997pt}.
(fancyhdr)                You might also make \topmargin smaller to compensate:

(fancyhdr)                \addtolength{\topmargin}{-4.54997pt}.

[156]
Underfull \hbox (badness 7722) in paragraph at lines 7146--7147
[]\TU/Inter(0)/b/n/8 im-pe-ra-tivo[]\TU/Inter(0)/b/n/7 1. \TU/CharisSIL(0)/m/it
/8 (gram.) \TU/CharisSIL(0)/m/n/8 Modo
 []


Underfull \hbox (badness 10000) in paragraph at lines 7148--7149
[]\TU/Inter(0)/b/n/8 im-pe-ra-toro[]\TU/CharisSIL(0)/m/it/8 (historio) \TU/Char
isSIL(0)/m/n/8 Ko-man-
 []


Underfull \hbox (badness 10000) in paragraph at lines 7158--7159
[]\TU/Inter(0)/b/n/8 im-ple-mento[] \TU/CharisSIL(0)/m/n/8 Uten-silo ma-nu-ala
 []


Underfull \hbox (badness 10000) in paragraph at lines 7164--7165
[]\TU/Inter(0)/b/n/8 im-plo-rar[]\TU/CharisSIL(0)/m/it/8 (trans.) (ulu, pri
 []


Underfull \hbox (badness 10000) in paragraph at lines 7164--7165
\TU/CharisSIL(0)/m/it/8 ulo)\TU/Inter(0)/b/n/7 1. \TU/CharisSIL(0)/m/n/8 Su-pli-
kar emo-ci-
 []


Package fancyhdr Warning: \headheight is too small (12.0pt): 
(fancyhdr)                Make it at least 16.54997pt, for example:
(fancyhdr)                \setlength{\headheight}{16.54997pt}.
(fancyhdr)                You might also make \topmargin smaller to compensate:

(fancyhdr)                \addtolength{\topmargin}{-4.54997pt}.

[157]
Underfull \hbox (badness 7925) in paragraph at lines 7176--7177
\TU/CharisSIL(0)/m/n/8 pe-ne-trar en omna parti (di
 []


Underfull \hbox (badness 10000) in paragraph at lines 7202--7203
[]\TU/Inter(0)/b/n/8 ina-u-gu-rar[]\TU/CharisSIL(0)/m/it/8 (trans.)\TU/Inter(0)
/b/n/7 1. \TU/CharisSIL(0)/m/n/8 Kon-sa-krar
 []


Underfull \hbox (badness 10000) in paragraph at lines 7216--7217
\TU/CharisSIL(0)/m/n/8 truatre, per in-stru-mento se-
 []


Package fancyhdr Warning: \headheight is too small (12.0pt): 
(fancyhdr)                Make it at least 16.54997pt, for example:
(fancyhdr)                \setlength{\headheight}{16.54997pt}.
(fancyhdr)                You might also make \topmargin smaller to compensate:

(fancyhdr)                \addtolength{\topmargin}{-4.54997pt}.

[158]
Underfull \hbox (badness 10000) in paragraph at lines 7228--7229
[]\TU/Inter(0)/b/n/8 in-dico[]\TU/Inter(0)/b/n/7 1. \TU/CharisSIL(0)/m/n/8 Si-gn
o qua tro-vi-gas
 []


Underfull \hbox (badness 7963) in paragraph at lines 7232--7233
[]\TU/Inter(0)/b/n/8 in-di-fe-renta[]\TU/Inter(0)/b/n/7 1. \TU/CharisSIL(0)/m/n
/8 Qua ne ten-den-
 []


Underfull \hbox (badness 10000) in paragraph at lines 7260--7261
[]\TU/Inter(0)/b/n/8 in-dul-jenco[]\TU/CharisSIL(0)/m/it/8 (teol.katol) \TU/Cha
risSIL(0)/m/n/8 Re-miso,
 []


Underfull \hbox (badness 7308) in paragraph at lines 7260--7261
\TU/CharisSIL(0)/m/n/8 gran-tas ula-kondicione (fa-sto,
 []


Underfull \hbox (badness 10000) in paragraph at lines 7268--7269
[]\TU/Inter(0)/b/n/8 inerta[]\TU/Inter(0)/b/n/7 1. \TU/CharisSIL(0)/m/n/8 Qua ne
 esas pro-
 []


Underfull \hbox (badness 6758) in paragraph at lines 7268--7269
\TU/CharisSIL(0)/m/n/8 pre agiva\TU/Inter(0)/b/n/7 2. \TU/CharisSIL(0)/m/it/8 (m
e-taf.) \TU/CharisSIL(0)/m/n/8 Sen-
 []


Underfull \hbox (badness 10000) in paragraph at lines 7270--7271
[]\TU/Inter(0)/b/n/8 in-fa-li-bla[] \TU/CharisSIL(0)/m/n/8 Qua ne po-vas ne-
 []


Package fancyhdr Warning: \headheight is too small (12.0pt): 
(fancyhdr)                Make it at least 16.54997pt, for example:
(fancyhdr)                \setlength{\headheight}{16.54997pt}.
(fancyhdr)                You might also make \topmargin smaller to compensate:

(fancyhdr)                \addtolength{\topmargin}{-4.54997pt}.

[159]
Underfull \hbox (badness 10000) in paragraph at lines 7302--7303
[]\TU/Inter(0)/b/n/8 in-fla-car[]\TU/CharisSIL(0)/m/it/8 (netrans.) (fi-nanco)
 []


Underfull \hbox (badness 10000) in paragraph at lines 7302--7303
\TU/CharisSIL(0)/m/n/8 Emi-sar exa-je-roze moneto-
 []


Underfull \hbox (badness 10000) in paragraph at lines 7314--7315
[]\TU/Inter(0)/b/n/8 in-flu-enzo[]\TU/CharisSIL(0)/m/it/8 (patol.) \TU/CharisSI
L(0)/m/n/8 Gripo tre
 []


Underfull \hbox (badness 10000) in paragraph at lines 7318--7319
[]\TU/Inter(0)/b/n/8 in-for-mar[]\TU/CharisSIL(0)/m/it/8 (trans., ulu, pri ulo)
 []


Underfull \hbox (badness 10000) in paragraph at lines 7318--7319
\TU/CharisSIL(0)/m/n/8 Igar (ulu) ne plus ne-sa-var
 []


Package fancyhdr Warning: \headheight is too small (12.0pt): 
(fancyhdr)                Make it at least 16.54997pt, for example:
(fancyhdr)                \setlength{\headheight}{16.54997pt}.
(fancyhdr)                You might also make \topmargin smaller to compensate:

(fancyhdr)                \addtolength{\topmargin}{-4.54997pt}.

[160]
Underfull \hbox (badness 6625) in paragraph at lines 7360--7361
\TU/CharisSIL(0)/m/n/8 kelke de-vi-a-car de lua ver-ti-
 []


Underfull \hbox (badness 10000) in paragraph at lines 7384--7385
[]\TU/Inter(0)/b/n/8 in-kur-sar[]\TU/CharisSIL(0)/m/it/8 (netrans.)\TU/Inter(0)
/b/n/7 1. \TU/CharisSIL(0)/m/n/8 Devast-
 []


Package fancyhdr Warning: \headheight is too small (12.0pt): 
(fancyhdr)                Make it at least 16.54997pt, for example:
(fancyhdr)                \setlength{\headheight}{16.54997pt}.
(fancyhdr)                You might also make \topmargin smaller to compensate:

(fancyhdr)                \addtolength{\topmargin}{-4.54997pt}.

[161]
Underfull \hbox (badness 10000) in paragraph at lines 7406--7407
[]\TU/Inter(0)/b/n/8 in-si-nuar[]\TU/CharisSIL(0)/m/it/8 (trans., su, ulo,
 []


Underfull \hbox (badness 10000) in paragraph at lines 7422--7423
[]\TU/Inter(0)/b/n/8 in-stanto[] \TU/CharisSIL(0)/m/n/8 Mi-kra tempo-
 []


Underfull \hbox (badness 5622) in paragraph at lines 7424--7425
[]\TU/Inter(0)/b/n/8 in-sti-gar[]\TU/CharisSIL(0)/m/it/8 (trans., ad) \TU/Chari
sSIL(0)/m/n/8 Pul-sar ad
 []


Package fancyhdr Warning: \headheight is too small (12.0pt): 
(fancyhdr)                Make it at least 16.54997pt, for example:
(fancyhdr)                \setlength{\headheight}{16.54997pt}.
(fancyhdr)                You might also make \topmargin smaller to compensate:

(fancyhdr)                \addtolength{\topmargin}{-4.54997pt}.

[162]
Underfull \hbox (badness 6125) in paragraph at lines 7438--7439
\TU/CharisSIL(0)/m/n/8 por pro-duk-tar efekto ma-te-ri-
 []


Underfull \hbox (badness 10000) in paragraph at lines 7446--7447
[]\TU/Inter(0)/b/n/8 in-ta-lio[] \TU/CharisSIL(0)/m/n/8 Pe-tro harda, gra-vita
 []


Underfull \hbox (badness 10000) in paragraph at lines 7458--7459
[]\TU/Inter(0)/b/n/8 in-ten-car[]\TU/CharisSIL(0)/m/it/8 (trans.) \TU/CharisSIL
(0)/m/n/8 Vo-lar ad
 []


Underfull \hbox (badness 10000) in paragraph at lines 7464--7465
[]\TU/Inter(0)/b/n/8 in-tensa[] \TU/CharisSIL(0)/m/n/8 Qua efi-kas ener-gi-
 []


Underfull \hbox (badness 6559) in paragraph at lines 7474--7475
[]\TU/Inter(0)/b/n/8 in-te-re-sar[]\TU/CharisSIL(0)/m/it/8 (trans., pri, ad) \T
U/CharisSIL(0)/m/n/8 Eci-
 []


Underfull \hbox (badness 10000) in paragraph at lines 7484--7485
[]\TU/Inter(0)/b/n/8 in-ter-mezo[] \TU/CharisSIL(0)/m/n/8 Di-strak-tivo (ba-leto
,
 []


Underfull \hbox (badness 5475) in paragraph at lines 7486--7487
[]\TU/Inter(0)/b/n/8 in-ter-mi-tar[]\TU/CharisSIL(0)/m/it/8 (netrans.) \TU/Char
isSIL(0)/m/n/8 Ce-sar e
 []


Underfull \hbox (badness 10000) in paragraph at lines 7486--7487
\TU/CharisSIL(0)/m/n/8 ri-e-ven-tar pos in-ter-vali ne-
 []


Underfull \hbox (badness 10000) in paragraph at lines 7492--7493
[]\TU/Inter(0)/b/n/8 in-te-ro-ga-tivo[]\TU/CharisSIL(0)/m/it/8 (gram.) \TU/Char
isSIL(0)/m/n/8 Formo
 []


Package fancyhdr Warning: \headheight is too small (12.0pt): 
(fancyhdr)                Make it at least 16.54997pt, for example:
(fancyhdr)                \setlength{\headheight}{16.54997pt}.
(fancyhdr)                You might also make \topmargin smaller to compensate:

(fancyhdr)                \addtolength{\topmargin}{-4.54997pt}.

[163]
Underfull \hbox (badness 10000) in paragraph at lines 7510--7511
[]\TU/Inter(0)/b/n/8 in-tima[]\TU/Inter(0)/b/n/7 1. \TU/CharisSIL(0)/m/n/8 Qua 
esas tote in-
 []


Underfull \hbox (badness 10000) in paragraph at lines 7518--7519
[]\TU/Inter(0)/b/n/8 in-tra-doso[]\TU/CharisSIL(0)/m/it/8 (arkitekt.) \TU/Chari
sSIL(0)/m/n/8 Ka-vajo
 []


Underfull \hbox (badness 10000) in paragraph at lines 7518--7519
\TU/CharisSIL(0)/m/n/8 in-terna, parto kon-kava di
 []


Underfull \hbox (badness 10000) in paragraph at lines 7530--7531
[]\TU/Inter(0)/b/n/8 « in-tro-i-tus »[]\TU/CharisSIL(0)/m/it/8 (liturgio ka-
to-lika)
 []


Package fancyhdr Warning: \headheight is too small (12.0pt): 
(fancyhdr)                Make it at least 16.54997pt, for example:
(fancyhdr)                \setlength{\headheight}{16.54997pt}.
(fancyhdr)                You might also make \topmargin smaller to compensate:

(fancyhdr)                \addtolength{\topmargin}{-4.54997pt}.

[164]
Underfull \hbox (badness 10000) in paragraph at lines 7554--7555
[]\TU/Inter(0)/b/n/8 in-ven-tar[]\TU/CharisSIL(0)/m/it/8 (trans.)\TU/Inter(0)/b
/n/7 1. \TU/CharisSIL(0)/m/n/8 Krear ulo
 []


Underfull \hbox (badness 10000) in paragraph at lines 7572--7573
\TU/CharisSIL(0)/m/n/8 floro o ka-pi-tulo, qu-aze ka-
 []


Underfull \hbox (badness 10000) in paragraph at lines 7578--7579
[]\TU/Inter(0)/b/n/8 io-do-formo[]\TU/CharisSIL(0)/m/it/8 (kemio) \TU/CharisSIL
(0)/m/n/8 Kom-po-zajo
 []


Package fancyhdr Warning: \headheight is too small (12.0pt): 
(fancyhdr)                Make it at least 16.54997pt, for example:
(fancyhdr)                \setlength{\headheight}{16.54997pt}.
(fancyhdr)                You might also make \topmargin smaller to compensate:

(fancyhdr)                \addtolength{\topmargin}{-4.54997pt}.

[165]
Underfull \hbox (badness 10000) in paragraph at lines 7598--7599
\TU/CharisSIL(0)/m/n/8 talo rup-te-bla, arjento-blanka,
 []


Package fancyhdr Warning: \headheight is too small (12.0pt): 
(fancyhdr)                Make it at least 16.54997pt, for example:
(fancyhdr)                \setlength{\headheight}{16.54997pt}.
(fancyhdr)                You might also make \topmargin smaller to compensate:

(fancyhdr)                \addtolength{\topmargin}{-4.54997pt}.

[166]
Underfull \hbox (badness 10000) in paragraph at lines 7658--7659
[]\TU/Inter(0)/b/n/8 izo-krona[]\TU/CharisSIL(0)/m/it/8 (fiziko) \TU/CharisSIL(
0)/m/n/8 Qua even-tas
 []


Underfull \hbox (badness 6961) in paragraph at lines 7660--7661
\TU/CharisSIL(0)/m/n/8 kozo : (a) igar (korpo) ne
 []


Package fancyhdr Warning: \headheight is too small (12.0pt): 
(fancyhdr)                Make it at least 16.54997pt, for example:
(fancyhdr)                \setlength{\headheight}{16.54997pt}.
(fancyhdr)                You might also make \topmargin smaller to compensate:

(fancyhdr)                \addtolength{\topmargin}{-4.54997pt}.

[167] [168

]
Underfull \hbox (badness 6316) in paragraph at lines 7693--7694
[]\TU/Inter(0)/b/n/8 ja-ko-bino[] \TU/CharisSIL(0)/m/n/8 Par-ti-sano di la dok-
 []


Underfull \hbox (badness 10000) in paragraph at lines 7707--7708
[]\TU/Inter(0)/b/n/8 jar-di-ni-ero[]\TU/Inter(0)/b/n/7 1. \TU/CharisSIL(0)/m/n/
8 Orno-moblo qua
 []


Underfull \hbox (badness 10000) in paragraph at lines 7707--7708
\TU/CharisSIL(0)/m/n/8 su-por-tas ke-sto pro-vi-zita ye
 []


Package fancyhdr Warning: \headheight is too small (12.0pt): 
(fancyhdr)                Make it at least 16.54997pt, for example:
(fancyhdr)                \setlength{\headheight}{16.54997pt}.
(fancyhdr)                You might also make \topmargin smaller to compensate:

(fancyhdr)                \addtolength{\topmargin}{-4.54997pt}.

[169]
Underfull \hbox (badness 10000) in paragraph at lines 7755--7756
[]\TU/Inter(0)/b/n/8 jigo[] \TU/CharisSIL(0)/m/n/8 Ario dan-sala, rapida-
 []


Package fancyhdr Warning: \headheight is too small (12.0pt): 
(fancyhdr)                Make it at least 16.54997pt, for example:
(fancyhdr)                \setlength{\headheight}{16.54997pt}.
(fancyhdr)                You might also make \topmargin smaller to compensate:

(fancyhdr)                \addtolength{\topmargin}{-4.54997pt}.

[170]
Underfull \hbox (badness 5316) in paragraph at lines 7809--7810
\TU/CharisSIL(0)/m/n/8 yaro (se-gun la ma-ni-ero mo-
 []


Underfull \hbox (badness 5316) in paragraph at lines 7815--7816
\TU/CharisSIL(0)/m/n/8 yaro (se-gun la ma-ni-ero mo-
 []


Package fancyhdr Warning: \headheight is too small (12.0pt): 
(fancyhdr)                Make it at least 16.54997pt, for example:
(fancyhdr)                \setlength{\headheight}{16.54997pt}.
(fancyhdr)                You might also make \topmargin smaller to compensate:

(fancyhdr)                \addtolength{\topmargin}{-4.54997pt}.

[171]
Underfull \hbox (badness 6445) in paragraph at lines 7833--7834
\TU/CharisSIL(0)/m/n/8 si-las pro-fe-si-one pri la yuro-
 []


Package fancyhdr Warning: \headheight is too small (12.0pt): 
(fancyhdr)                Make it at least 16.54997pt, for example:
(fancyhdr)                \setlength{\headheight}{16.54997pt}.
(fancyhdr)                You might also make \topmargin smaller to compensate:

(fancyhdr)                \addtolength{\topmargin}{-4.54997pt}.

[172]
Underfull \hbox (badness 7907) in paragraph at lines 7852--7853
[]\TU/Inter(0)/b/n/8 ka(d)[] \TU/CharisSIL(0)/m/n/8 Kon-jun-ci-ono qu-e-sti-o-na
la,
 []


Underfull \hbox (badness 10000) in paragraph at lines 7860--7861
\TU/CharisSIL(0)/m/n/8 grosa kor-dego ek elektro-
 []


Underfull \hbox (badness 10000) in paragraph at lines 7866--7867
[]\TU/Inter(0)/b/n/8 ka-bri-o-leto[] \TU/CharisSIL(0)/m/n/8 Ve-turo le-jera, un-

 []


Underfull \hbox (badness 10000) in paragraph at lines 7880--7881
[]\TU/Inter(0)/b/n/8 ka-dro[]\TU/Inter(0)/b/n/7 1. \TU/CharisSIL(0)/m/n/8 Bor-du
mo irga-forma
 []


Underfull \hbox (badness 10000) in paragraph at lines 7880--7881
\TU/CharisSIL(0)/m/n/8 qua cir-kon-das pik-turo, gra-
 []


Package fancyhdr Warning: \headheight is too small (12.0pt): 
(fancyhdr)                Make it at least 16.54997pt, for example:
(fancyhdr)                \setlength{\headheight}{16.54997pt}.
(fancyhdr)                You might also make \topmargin smaller to compensate:

(fancyhdr)                \addtolength{\topmargin}{-4.54997pt}.

[173

]
Underfull \hbox (badness 10000) in paragraph at lines 7906--7907
[]\TU/Inter(0)/b/n/8 ka-ko-fo-nio[]\TU/Inter(0)/b/n/7 1. \TU/CharisSIL(0)/m/n/8
 Kon-so-nanco qua
 []


Underfull \hbox (badness 10000) in paragraph at lines 7906--7907
\TU/CharisSIL(0)/m/n/8 le-zas la oreli\TU/Inter(0)/b/n/7 2. \TU/CharisSIL(0)/m/
it/8 (mu-ziko)
 []


Underfull \hbox (badness 10000) in paragraph at lines 7906--7907
\TU/CharisSIL(0)/m/n/8 Asem-blajo ek son-uni ne-
 []


Underfull \hbox (badness 10000) in paragraph at lines 7930--7931
[]\TU/Inter(0)/b/n/8 ka-le-fak-tar[]\TU/CharisSIL(0)/m/it/8 (netrans.) (fi-ziko)

 []


Package fancyhdr Warning: \headheight is too small (12.0pt): 
(fancyhdr)                Make it at least 16.54997pt, for example:
(fancyhdr)                \setlength{\headheight}{16.54997pt}.
(fancyhdr)                You might also make \topmargin smaller to compensate:

(fancyhdr)                \addtolength{\topmargin}{-4.54997pt}.

[174]
Underfull \hbox (badness 10000) in paragraph at lines 7944--7945
[]\TU/Inter(0)/b/n/8 kal-fa-tar[]\TU/CharisSIL(0)/m/it/8 (trans.) \TU/CharisSIL
(0)/m/n/8 Igar aquo-
 []


Underfull \hbox (badness 10000) in paragraph at lines 7944--7945
\TU/CharisSIL(0)/m/n/8 nepermeebla (barko, ramo-
 []


Underfull \hbox (badness 10000) in paragraph at lines 7966--7967
[]\TU/Inter(0)/b/n/8 kal-ku-lar[]\TU/CharisSIL(0)/m/it/8 (trans.)\TU/Inter(0)/b
/n/7 1. \TU/CharisSIL(0)/m/n/8 De-ter-mi-nar,
 []


Underfull \hbox (badness 10000) in paragraph at lines 7980--7981
[]\TU/Inter(0)/b/n/8 ka-lo-ri-me-tro[] \TU/CharisSIL(0)/m/n/8 Fizik-instrumento,

 []


Package fancyhdr Warning: \headheight is too small (12.0pt): 
(fancyhdr)                Make it at least 16.54997pt, for example:
(fancyhdr)                \setlength{\headheight}{16.54997pt}.
(fancyhdr)                You might also make \topmargin smaller to compensate:

(fancyhdr)                \addtolength{\topmargin}{-4.54997pt}.

[175]
Underfull \hbox (badness 10000) in paragraph at lines 7996--7997
[]\TU/Inter(0)/b/n/8 kal-va-rio[]\TU/CharisSIL(0)/m/it/8 (kristanismo)\TU/Inter
(0)/b/n/7 1. \TU/CharisSIL(0)/m/n/8 Ko-lino
 []


Package fancyhdr Warning: \headheight is too small (12.0pt): 
(fancyhdr)                Make it at least 16.54997pt, for example:
(fancyhdr)                \setlength{\headheight}{16.54997pt}.
(fancyhdr)                You might also make \topmargin smaller to compensate:

(fancyhdr)                \addtolength{\topmargin}{-4.54997pt}.

[176]
Underfull \hbox (badness 10000) in paragraph at lines 8024--8025
[]\TU/Inter(0)/b/n/8 ka-mero[]\TU/Inter(0)/b/n/7 1. \TU/CharisSIL(0)/m/n/8 Cham-
bro sen-
 []


Underfull \hbox (badness 10000) in paragraph at lines 8026--8027
[]\TU/Inter(0)/b/n/8 kam-foro[] \TU/CharisSIL(0)/m/n/8 Sub-stanco kon-kreta,
 []


Underfull \hbox (badness 5175) in paragraph at lines 8026--8027
\TU/CharisSIL(0)/m/n/8 kontre-spasmo ed an-ti-se-psivo,
 []


Underfull \hbox (badness 5681) in paragraph at lines 8038--8039
\TU/CharisSIL(0)/m/n/8 mun-tita sur la pe-ri-me-tro di
 []


Package fancyhdr Warning: \headheight is too small (12.0pt): 
(fancyhdr)                Make it at least 16.54997pt, for example:
(fancyhdr)                \setlength{\headheight}{16.54997pt}.
(fancyhdr)                You might also make \topmargin smaller to compensate:

(fancyhdr)                \addtolength{\topmargin}{-4.54997pt}.

[177]
Underfull \hbox (badness 10000) in paragraph at lines 8066--8067
[]\TU/Inter(0)/b/n/8 kan-de-la-bro[]\TU/Inter(0)/b/n/7 1. \TU/CharisSIL(0)/m/n/
8 Kan-de-li-ero kun
 []


Underfull \hbox (badness 10000) in paragraph at lines 8066--8067
\TU/CharisSIL(0)/m/n/8 plura bran-chi por la bu-
 []


Underfull \hbox (badness 10000) in paragraph at lines 8074--8075
[]\TU/Inter(0)/b/n/8 kan-dio[] \TU/CharisSIL(0)/m/n/8 Su-kro, kri-sta-li-gita a
 []


Package fancyhdr Warning: \headheight is too small (12.0pt): 
(fancyhdr)                Make it at least 16.54997pt, for example:
(fancyhdr)                \setlength{\headheight}{16.54997pt}.
(fancyhdr)                You might also make \topmargin smaller to compensate:

(fancyhdr)                \addtolength{\topmargin}{-4.54997pt}.

[178]
Underfull \hbox (badness 10000) in paragraph at lines 8116--8117
[]\TU/Inter(0)/b/n/8 kan-tiko[]\TU/CharisSIL(0)/m/it/8 (kristanismo)\TU/Inter(0
)/b/n/7 1. \TU/CharisSIL(0)/m/n/8 Kan-tajo
 []


Package fancyhdr Warning: \headheight is too small (12.0pt): 
(fancyhdr)                Make it at least 16.54997pt, for example:
(fancyhdr)                \setlength{\headheight}{16.54997pt}.
(fancyhdr)                You might also make \topmargin smaller to compensate:

(fancyhdr)                \addtolength{\topmargin}{-4.54997pt}.

[179]
Underfull \hbox (badness 10000) in paragraph at lines 8152--8153
[]\TU/Inter(0)/b/n/8 ka-pi-talo[]\TU/CharisSIL(0)/m/it/8 (financo) \TU/CharisSI
L(0)/m/n/8 La pe-ku-nio
 []


Underfull \hbox (badness 10000) in paragraph at lines 8160--8161
[]\TU/Inter(0)/b/n/8 ka-pi-tulo[]\TU/Inter(0)/b/n/7 1. \TU/CharisSIL(0)/m/it/8 
(bot.) \TU/CharisSIL(0)/m/n/8 In-flo-re-
 []


Package fancyhdr Warning: \headheight is too small (12.0pt): 
(fancyhdr)                Make it at least 16.54997pt, for example:
(fancyhdr)                \setlength{\headheight}{16.54997pt}.
(fancyhdr)                You might also make \topmargin smaller to compensate:

(fancyhdr)                \addtolength{\topmargin}{-4.54997pt}.

[180]
Underfull \hbox (badness 10000) in paragraph at lines 8182--8183
[]\TU/Inter(0)/b/n/8 ka-pri-o-lar[]\TU/CharisSIL(0)/m/it/8 (netrans.)\TU/Inter(
0)/b/n/7 1. \TU/CharisSIL(0)/m/n/8 Sal-tar
 []


Underfull \hbox (badness 10000) in paragraph at lines 8196--8197
[]\TU/Inter(0)/b/n/8 ka-pu-cino[]\TU/CharisSIL(0)/m/it/8 (kristanismo) \TU/Char
isSIL(0)/m/n/8 Re-gu-li-
 []


Package fancyhdr Warning: \headheight is too small (12.0pt): 
(fancyhdr)                Make it at least 16.54997pt, for example:
(fancyhdr)                \setlength{\headheight}{16.54997pt}.
(fancyhdr)                You might also make \topmargin smaller to compensate:

(fancyhdr)                \addtolength{\topmargin}{-4.54997pt}.

[181]
Underfull \hbox (badness 5622) in paragraph at lines 8216--8217
[]\TU/Inter(0)/b/n/8 ka-rak-tero[]\TU/Inter(0)/b/n/7 1. \TU/CharisSIL(0)/m/n/8 
Tra-ito par-ti-ku-lara,
 []


Underfull \hbox (badness 6220) in paragraph at lines 8228--8229
[]\TU/Inter(0)/b/n/8 ka-ra-van-se-rayo[] \TU/CharisSIL(0)/m/n/8 En la Oriento-
 []


Underfull \hbox (badness 10000) in paragraph at lines 8238--8239
\TU/CharisSIL(0)/m/n/8 do-mi-na-cas la korpo sim-pla
 []


Underfull \hbox (badness 10000) in paragraph at lines 8240--8241
[]\TU/Inter(0)/b/n/8 kar-bo-rundo[]\TU/CharisSIL(0)/m/it/8 (kemio) \TU/CharisSI
L(0)/m/n/8 Siliko-
 []


Package fancyhdr Warning: \headheight is too small (12.0pt): 
(fancyhdr)                Make it at least 16.54997pt, for example:
(fancyhdr)                \setlength{\headheight}{16.54997pt}.
(fancyhdr)                You might also make \topmargin smaller to compensate:

(fancyhdr)                \addtolength{\topmargin}{-4.54997pt}.

[182]
Underfull \hbox (badness 5533) in paragraph at lines 8274--8275
[]\TU/Inter(0)/b/n/8 ka-relo[]\TU/Inter(0)/b/n/7 1. \TU/CharisSIL(0)/m/it/8 (lud
o-karto) \TU/CharisSIL(0)/m/n/8 Qu-a-drato
 []


Underfull \hbox (badness 10000) in paragraph at lines 8292--8293
[]\TU/Inter(0)/b/n/8 ka-ri-ero[] \TU/CharisSIL(0)/m/n/8 Pro-fe-si-ono ofico-
 []


Underfull \hbox (badness 10000) in paragraph at lines 8294--8295
[]\TU/Inter(0)/b/n/8 ka-ri-ka-tar[]\TU/CharisSIL(0)/m/it/8 (trans.) \TU/CharisS
IL(0)/m/n/8 Re-pre-zen-
 []


Package fancyhdr Warning: \headheight is too small (12.0pt): 
(fancyhdr)                Make it at least 16.54997pt, for example:
(fancyhdr)                \setlength{\headheight}{16.54997pt}.
(fancyhdr)                You might also make \topmargin smaller to compensate:

(fancyhdr)                \addtolength{\topmargin}{-4.54997pt}.

[183]
Underfull \hbox (badness 10000) in paragraph at lines 8318--8319
[]\TU/Inter(0)/b/n/8 kar-ni-voro[] \TU/CharisSIL(0)/m/n/8 Qua su nu-tras ye
 []


Underfull \hbox (badness 6445) in paragraph at lines 8328--8329
[]\TU/Inter(0)/b/n/8 ka-ro-tino[]\TU/CharisSIL(0)/m/it/8 (kemio) \TU/CharisSIL(
0)/m/n/8 Hidro-karburo,
 []


Underfull \hbox (badness 10000) in paragraph at lines 8340--8341
[]\TU/Inter(0)/b/n/8 kar-ta-mino[]\TU/CharisSIL(0)/m/it/8 (kemio) \TU/CharisSIL
(0)/m/n/8 Koloro-
 []


Package fancyhdr Warning: \headheight is too small (12.0pt): 
(fancyhdr)                Make it at least 16.54997pt, for example:
(fancyhdr)                \setlength{\headheight}{16.54997pt}.
(fancyhdr)                You might also make \topmargin smaller to compensate:

(fancyhdr)                \addtolength{\topmargin}{-4.54997pt}.

[184]
Underfull \hbox (badness 10000) in paragraph at lines 8360--8361
\TU/CharisSIL(0)/m/n/8 (ge-o-gra-fi-ala, astro-no-mi-ala, e
 []


Package fancyhdr Warning: \headheight is too small (12.0pt): 
(fancyhdr)                Make it at least 16.54997pt, for example:
(fancyhdr)                \setlength{\headheight}{16.54997pt}.
(fancyhdr)                You might also make \topmargin smaller to compensate:

(fancyhdr)                \addtolength{\topmargin}{-4.54997pt}.

[185]
Underfull \hbox (badness 5667) in paragraph at lines 8402--8403
\TU/CharisSIL(0)/m/n/8 jeyo si-ni-o-rala, de-fen-sata per
 []


Underfull \hbox (badness 10000) in paragraph at lines 8402--8403
\TU/CharisSIL(0)/m/n/8 princo\TU/Inter(0)/b/n/7 3. \TU/CharisSIL(0)/m/n/8 Granda
 distrakto-
 []


Underfull \hbox (badness 10000) in paragraph at lines 8412--8413
[]\TU/Inter(0)/b/n/8 ka-strar[]\TU/CharisSIL(0)/m/it/8 (trans.) \TU/CharisSIL(0
)/m/n/8 Igar sexuo-
 []


Package fancyhdr Warning: \headheight is too small (12.0pt): 
(fancyhdr)                Make it at least 16.54997pt, for example:
(fancyhdr)                \setlength{\headheight}{16.54997pt}.
(fancyhdr)                You might also make \topmargin smaller to compensate:

(fancyhdr)                \addtolength{\topmargin}{-4.54997pt}.

[186]
Underfull \hbox (badness 6063) in paragraph at lines 8444--8445
[]\TU/Inter(0)/b/n/8 ka-te-dralo[] \TU/CharisSIL(0)/m/n/8 Granda kirko di la
 []


Underfull \hbox (badness 10000) in paragraph at lines 8444--8445
\TU/CharisSIL(0)/m/n/8 ar-ki-tek-turo kri-stana me-ze-po-
 []


Underfull \hbox (badness 6001) in paragraph at lines 8448--8449
\TU/CharisSIL(0)/m/it/8 da Kant) \TU/CharisSIL(0)/m/n/8 Lo ab-so-luta e ne-
 []


Underfull \hbox (badness 6236) in paragraph at lines 8462--8463
[]\TU/Inter(0)/b/n/8 ka-teto[]\TU/CharisSIL(0)/m/it/8 (olima ge-o-me-trio) \TU/
CharisSIL(0)/m/n/8 Rekto,
 []


Package fancyhdr Warning: \headheight is too small (12.0pt): 
(fancyhdr)                Make it at least 16.54997pt, for example:
(fancyhdr)                \setlength{\headheight}{16.54997pt}.
(fancyhdr)                You might also make \topmargin smaller to compensate:

(fancyhdr)                \addtolength{\topmargin}{-4.54997pt}.

[187]
Underfull \hbox (badness 10000) in paragraph at lines 8472--8473
\TU/CharisSIL(0)/m/n/8 ne-ga-tiva di la elektro-fluo-
 []


Underfull \hbox (badness 7064) in paragraph at lines 8482--8483
[]\TU/Inter(0)/b/n/8 ka-udo[] \TU/CharisSIL(0)/m/n/8 Pro-lon-guro plu o min
 []


Underfull \hbox (badness 10000) in paragraph at lines 8504--8505
[]\TU/Inter(0)/b/n/8 ka-va-tino[]\TU/CharisSIL(0)/m/it/8 (muziko) \TU/CharisSIL
(0)/m/n/8 Kant-ario
 []


Underfull \hbox (badness 10000) in paragraph at lines 8510--8511
[]\TU/Inter(0)/b/n/8 ka-yero[]\TU/Inter(0)/b/n/7 1. \TU/CharisSIL(0)/m/n/8 Asem-
blajo ek plura
 []


Package fancyhdr Warning: \headheight is too small (12.0pt): 
(fancyhdr)                Make it at least 16.54997pt, for example:
(fancyhdr)                \setlength{\headheight}{16.54997pt}.
(fancyhdr)                You might also make \topmargin smaller to compensate:

(fancyhdr)                \addtolength{\topmargin}{-4.54997pt}.

[188]
Underfull \hbox (badness 6078) in paragraph at lines 8566--8567
\TU/CharisSIL(0)/m/n/8 te-nita per di-sti-lar petrol-olei
 []


Package fancyhdr Warning: \headheight is too small (12.0pt): 
(fancyhdr)                Make it at least 16.54997pt, for example:
(fancyhdr)                \setlength{\headheight}{16.54997pt}.
(fancyhdr)                You might also make \topmargin smaller to compensate:

(fancyhdr)                \addtolength{\topmargin}{-4.54997pt}.

[189]
Underfull \hbox (badness 10000) in paragraph at lines 8596--8597
[]\TU/Inter(0)/b/n/8 ki-o-sko[]\TU/Inter(0)/b/n/7 1. \TU/CharisSIL(0)/m/n/8 Bel-
ve-dero, pa-vi-li-ono
 []


Package fancyhdr Warning: \headheight is too small (12.0pt): 
(fancyhdr)                Make it at least 16.54997pt, for example:
(fancyhdr)                \setlength{\headheight}{16.54997pt}.
(fancyhdr)                You might also make \topmargin smaller to compensate:

(fancyhdr)                \addtolength{\topmargin}{-4.54997pt}.

[190]
Underfull \hbox (badness 6141) in paragraph at lines 8618--8619
\TU/CharisSIL(0)/m/n/8 vorti pro-nun-cata forte, re-zo-
 []


Underfull \hbox (badness 10000) in paragraph at lines 8628--8629
[]\TU/Inter(0)/b/n/8 kla-ri-neto[]\TU/CharisSIL(0)/m/it/8 (muziko) \TU/CharisSI
L(0)/m/n/8 Sufl-
 []


Underfull \hbox (badness 10000) in paragraph at lines 8634--8635
[]\TU/Inter(0)/b/n/8 klaso[]\TU/Inter(0)/b/n/7 1. \TU/CharisSIL(0)/m/n/8 Ka-te-g
o-rio de ci-vi-
 []


Underfull \hbox (badness 10000) in paragraph at lines 8634--8635
\TU/CharisSIL(0)/m/n/8 tani\TU/Inter(0)/b/n/7 2. \TU/CharisSIL(0)/m/n/8 Ka-te-go
-rio de ado-le-
 []


Underfull \hbox (badness 5105) in paragraph at lines 8636--8637
[]\TU/Inter(0)/b/n/8 kla-stika[]\TU/CharisSIL(0)/m/it/8 (geol.) \TU/CharisSIL(0
)/m/n/8 Qua de-ve-nas
 []


Package fancyhdr Warning: \headheight is too small (12.0pt): 
(fancyhdr)                Make it at least 16.54997pt, for example:
(fancyhdr)                \setlength{\headheight}{16.54997pt}.
(fancyhdr)                You might also make \topmargin smaller to compensate:

(fancyhdr)                \addtolength{\topmargin}{-4.54997pt}.

[191]
Underfull \hbox (badness 6445) in paragraph at lines 8678--8679
[]\TU/Inter(0)/b/n/8 kli-ma-to-lo-gio[] \TU/CharisSIL(0)/m/n/8 Stu-dio di la kli
-
 []


Package fancyhdr Warning: \headheight is too small (12.0pt): 
(fancyhdr)                Make it at least 16.54997pt, for example:
(fancyhdr)                \setlength{\headheight}{16.54997pt}.
(fancyhdr)                You might also make \topmargin smaller to compensate:

(fancyhdr)                \addtolength{\topmargin}{-4.54997pt}.

[192]

Package fancyhdr Warning: \headheight is too small (12.0pt): 
(fancyhdr)                Make it at least 16.54997pt, for example:
(fancyhdr)                \setlength{\headheight}{16.54997pt}.
(fancyhdr)                You might also make \topmargin smaller to compensate:

(fancyhdr)                \addtolength{\topmargin}{-4.54997pt}.

[193]
Underfull \hbox (badness 10000) in paragraph at lines 8746--8747
[]\TU/Inter(0)/b/n/8 ko-a-li-sar[]\TU/CharisSIL(0)/m/it/8 (netrans.) (alu-dante
 []


Underfull \hbox (badness 6412) in paragraph at lines 8774--8775
\TU/CharisSIL(0)/m/n/8 kon-vexa, *klu-zi-ge-bla per se-
 []


Underfull \hbox (badness 5908) in paragraph at lines 8784--8785
[]\TU/Inter(0)/b/n/8 ko-i-tar[]\TU/CharisSIL(0)/m/it/8 (netrans., kun) (alu-dant
e
 []


Package fancyhdr Warning: \headheight is too small (12.0pt): 
(fancyhdr)                Make it at least 16.54997pt, for example:
(fancyhdr)                \setlength{\headheight}{16.54997pt}.
(fancyhdr)                You might also make \topmargin smaller to compensate:

(fancyhdr)                \addtolength{\topmargin}{-4.54997pt}.

[194]

Package fancyhdr Warning: \headheight is too small (12.0pt): 
(fancyhdr)                Make it at least 16.54997pt, for example:
(fancyhdr)                \setlength{\headheight}{16.54997pt}.
(fancyhdr)                You might also make \topmargin smaller to compensate:

(fancyhdr)                \addtolength{\topmargin}{-4.54997pt}.

[195]
Underfull \hbox (badness 5403) in paragraph at lines 8844--8845
\TU/CharisSIL(0)/m/n/8 tempo sur la aquo-surfaco\TU/CharisSIL(0)/m/it/8 L.
 []


Underfull \hbox (badness 10000) in paragraph at lines 8848--8849
[]\TU/Inter(0)/b/n/8 ko-li-rio[]\TU/CharisSIL(0)/m/it/8 (medicino) \TU/CharisSI
L(0)/m/n/8 Me-di-ka-mento
 []


Underfull \hbox (badness 5105) in paragraph at lines 8858--8859
[]\TU/Inter(0)/b/n/8 ko-lo-di-ono[] \TU/CharisSIL(0)/m/n/8 Sol-vuro ek pulvero-
 []


Underfull \hbox (badness 5288) in paragraph at lines 8862--8863
[]\TU/Inter(0)/b/n/8 ko-lo-ido[]\TU/CharisSIL(0)/m/it/8 (kemio) \TU/CharisSIL(0
)/m/n/8 Kom-po-zajo ne-
 []


Underfull \hbox (badness 6380) in paragraph at lines 8874--8875
\TU/CharisSIL(0)/m/n/8 ku-kom-bro\TU/CharisSIL(0)/m/it/8 L. cu-cu-mis colycyn-
 []


Underfull \hbox (badness 10000) in paragraph at lines 8878--8879
[]\TU/Inter(0)/b/n/8 ko-loro[]\TU/Inter(0)/b/n/7 1. \TU/CharisSIL(0)/m/n/8 Im-pr
eso par-ti-ku-lara,
 []


Package fancyhdr Warning: \headheight is too small (12.0pt): 
(fancyhdr)                Make it at least 16.54997pt, for example:
(fancyhdr)                \setlength{\headheight}{16.54997pt}.
(fancyhdr)                You might also make \topmargin smaller to compensate:

(fancyhdr)                \addtolength{\topmargin}{-4.54997pt}.

[196]
Underfull \hbox (badness 10000) in paragraph at lines 8884--8885
[]\TU/Inter(0)/b/n/8 ko-lu-bro[]\TU/CharisSIL(0)/m/it/8 (zool.) \TU/CharisSIL(0
)/m/n/8 Rep-tero ne-
 []


Underfull \hbox (badness 10000) in paragraph at lines 8900--8901
[]\TU/Inter(0)/b/n/8 ko-man-dar[]\TU/CharisSIL(0)/m/it/8 (trans.) (alu-dante
 []


Package fancyhdr Warning: \headheight is too small (12.0pt): 
(fancyhdr)                Make it at least 16.54997pt, for example:
(fancyhdr)                \setlength{\headheight}{16.54997pt}.
(fancyhdr)                You might also make \topmargin smaller to compensate:

(fancyhdr)                \addtolength{\topmargin}{-4.54997pt}.

[197]
Underfull \hbox (badness 7012) in paragraph at lines 8950--8951
\TU/CharisSIL(0)/m/n/8 di komerco-firmo, di banko-
 []


Underfull \hbox (badness 10000) in paragraph at lines 8970--8971
[]\TU/Inter(0)/b/n/8 kom-pa-rar[]\TU/CharisSIL(0)/m/it/8 (trans.)\TU/Inter(0)/b
/n/7 1. \TU/CharisSIL(0)/m/it/8 (kom-pa-rar
 []


Underfull \hbox (badness 5331) in paragraph at lines 8970--8971
\TU/CharisSIL(0)/m/n/8 di-gar por igar re-la-tar ega-le-
 []


Package fancyhdr Warning: \headheight is too small (12.0pt): 
(fancyhdr)                Make it at least 16.54997pt, for example:
(fancyhdr)                \setlength{\headheight}{16.54997pt}.
(fancyhdr)                You might also make \topmargin smaller to compensate:

(fancyhdr)                \addtolength{\topmargin}{-4.54997pt}.

[198]
Underfull \hbox (badness 10000) in paragraph at lines 9002--9003
[]\TU/Inter(0)/b/n/8 kom-pli-men-tar[]\TU/CharisSIL(0)/m/it/8 (trans., pri,
 []


Underfull \hbox (badness 10000) in paragraph at lines 9010--9011
[]\TU/Inter(0)/b/n/8 kom-po-zar[]\TU/CharisSIL(0)/m/it/8 (trans.)\TU/Inter(0)/b
/n/7 1. \TU/CharisSIL(0)/m/n/8 For-ma-car
 []


Underfull \hbox (badness 10000) in paragraph at lines 9010--9011
\TU/CharisSIL(0)/m/n/8 la kom-bino di ele-menti di-
 []


Package fancyhdr Warning: \headheight is too small (12.0pt): 
(fancyhdr)                Make it at least 16.54997pt, for example:
(fancyhdr)                \setlength{\headheight}{16.54997pt}.
(fancyhdr)                You might also make \topmargin smaller to compensate:

(fancyhdr)                \addtolength{\topmargin}{-4.54997pt}.

[199]
Underfull \hbox (badness 7667) in paragraph at lines 9038--9039
[]\TU/Inter(0)/b/n/8 kon-cen-trar[]\TU/CharisSIL(0)/m/it/8 (trans.)\TU/Inter(0)
/b/n/7 1. \TU/CharisSIL(0)/m/n/8 Asem-blar
 []


Underfull \hbox (badness 10000) in paragraph at lines 9052--9053
[]\TU/Inter(0)/b/n/8 kon-ciar[]\TU/CharisSIL(0)/m/it/8 (trans.) \TU/CharisSIL(0
)/m/n/8 Kom-pre-nar
 []


Underfull \hbox (badness 10000) in paragraph at lines 9056--9057
[]\TU/Inter(0)/b/n/8 kon-ci-liar[]\TU/CharisSIL(0)/m/it/8 (trans.)\TU/Inter(0)/
b/n/7 1. \TU/CharisSIL(0)/m/n/8 Ad-duk-tar
 []


Underfull \hbox (badness 10000) in paragraph at lines 9056--9057
\TU/CharisSIL(0)/m/n/8 ad in-ter-kon-kordo pri litijo-
 []


Underfull \hbox (badness 10000) in paragraph at lines 9062--9063
[]\TU/Inter(0)/b/n/8 kon-dam-nar[]\TU/CharisSIL(0)/m/it/8 (trans.)\TU/Inter(0)/
b/n/7 1. \TU/CharisSIL(0)/m/n/8 De-kla-rar
 []


Package fancyhdr Warning: \headheight is too small (12.0pt): 
(fancyhdr)                Make it at least 16.54997pt, for example:
(fancyhdr)                \setlength{\headheight}{16.54997pt}.
(fancyhdr)                You might also make \topmargin smaller to compensate:

(fancyhdr)                \addtolength{\topmargin}{-4.54997pt}.

[200]
Underfull \hbox (badness 5771) in paragraph at lines 9066--9067
[]\TU/Inter(0)/b/n/8 kon-den-sa-toro[]\TU/CharisSIL(0)/m/it/8 (elektro) \TU/Cha
risSIL(0)/m/n/8 Apa-rato
 []


Underfull \hbox (badness 6412) in paragraph at lines 9108--9109
[]\TU/Inter(0)/b/n/8 kon-fir-mar[]\TU/CharisSIL(0)/m/it/8 (trans.)\TU/Inter(0)/
b/n/7 1. \TU/CharisSIL(0)/m/n/8 Igar (ulu)
 []


Package fancyhdr Warning: \headheight is too small (12.0pt): 
(fancyhdr)                Make it at least 16.54997pt, for example:
(fancyhdr)                \setlength{\headheight}{16.54997pt}.
(fancyhdr)                You might also make \topmargin smaller to compensate:

(fancyhdr)                \addtolength{\topmargin}{-4.54997pt}.

[201]
Underfull \hbox (badness 10000) in paragraph at lines 9114--9115
\TU/CharisSIL(0)/m/n/8 en in-ter-lukto, in-ter-kom-bato
 []


Underfull \hbox (badness 10000) in paragraph at lines 9114--9115
\TU/CharisSIL(0)/m/n/8 la pa-si-oni)\TU/Inter(0)/b/n/7 3. \TU/CharisSIL(0)/m/n/
8 In-ter-kon-te-star,
 []


Overfull \hbox (0.29332pt too wide) in paragraph at lines 9122--9123
[]\TU/Inter(0)/b/n/8 kon-fun-dar[]\TU/CharisSIL(0)/m/it/8 (trans., ad, kun)\TU/
Inter(0)/b/n/7 1. \TU/CharisSIL(0)/m/n/8 Kon-
 []


Package fancyhdr Warning: \headheight is too small (12.0pt): 
(fancyhdr)                Make it at least 16.54997pt, for example:
(fancyhdr)                \setlength{\headheight}{16.54997pt}.
(fancyhdr)                You might also make \topmargin smaller to compensate:

(fancyhdr)                \addtolength{\topmargin}{-4.54997pt}.

[202]

Package fancyhdr Warning: \headheight is too small (12.0pt): 
(fancyhdr)                Make it at least 16.54997pt, for example:
(fancyhdr)                \setlength{\headheight}{16.54997pt}.
(fancyhdr)                You might also make \topmargin smaller to compensate:

(fancyhdr)                \addtolength{\topmargin}{-4.54997pt}.

[203]
Underfull \hbox (badness 6725) in paragraph at lines 9198--9199
\TU/CharisSIL(0)/m/n/8 bar-kita e pri lia transporto-
 []


Underfull \hbox (badness 10000) in paragraph at lines 9204--9205
[]\TU/Inter(0)/b/n/8 kon-sa-krar[]\TU/CharisSIL(0)/m/it/8 (trans., ad) \TU/Char
isSIL(0)/m/n/8 Do-nar
 []


Package fancyhdr Warning: \headheight is too small (12.0pt): 
(fancyhdr)                Make it at least 16.54997pt, for example:
(fancyhdr)                \setlength{\headheight}{16.54997pt}.
(fancyhdr)                You might also make \topmargin smaller to compensate:

(fancyhdr)                \addtolength{\topmargin}{-4.54997pt}.

[204]
Underfull \hbox (badness 10000) in paragraph at lines 9212--9213
[]\TU/Inter(0)/b/n/8 kon-sen-tar[]\TU/CharisSIL(0)/m/it/8 (trans.) \TU/CharisSI
L(0)/m/n/8 Acep-tar
 []


Underfull \hbox (badness 10000) in paragraph at lines 9222--9223
\TU/CharisSIL(0)/m/n/8 kon-ser-venda kom ga-ran-tiivo,
 []


Underfull \hbox (badness 6173) in paragraph at lines 9228--9229
[]\TU/Inter(0)/b/n/8 kon-si-sto-rio[]\TU/Inter(0)/b/n/7 1. \TU/CharisSIL(0)/m/i
t/8 (che la ka-to-liki)
 []


Underfull \hbox (badness 10000) in paragraph at lines 9242--9243
[]\TU/Inter(0)/b/n/8 kon-so-nan-car[]\TU/CharisSIL(0)/m/it/8 (netrans.)\TU/Inte
r(0)/b/n/7 1. \TU/CharisSIL(0)/m/it/8 (alu-
 []


Package fancyhdr Warning: \headheight is too small (12.0pt): 
(fancyhdr)                Make it at least 16.54997pt, for example:
(fancyhdr)                \setlength{\headheight}{16.54997pt}.
(fancyhdr)                You might also make \topmargin smaller to compensate:

(fancyhdr)                \addtolength{\topmargin}{-4.54997pt}.

[205]
Underfull \hbox (badness 10000) in paragraph at lines 9258--9259
\TU/CharisSIL(0)/m/n/8 kako, pro kon-strikto in-te-sti-
 []


Underfull \hbox (badness 10000) in paragraph at lines 9260--9261
[]\TU/Inter(0)/b/n/8 kon-sti-tu-car[]\TU/CharisSIL(0)/m/it/8 (trans.)\TU/Inter(
0)/b/n/7 1. \TU/CharisSIL(0)/m/n/8 In-sta-lar
 []


Underfull \hbox (badness 10000) in paragraph at lines 9264--9265
[]\TU/Inter(0)/b/n/8 kon-strik-tar[]\TU/CharisSIL(0)/m/it/8 (trans.) (anat)
 []


Underfull \hbox (badness 10000) in paragraph at lines 9264--9265
\TU/CharisSIL(0)/m/n/8 Kom-pre-sar, per kle-mar cir-
 []


Underfull \hbox (badness 10000) in paragraph at lines 9266--9267
[]\TU/Inter(0)/b/n/8 kon-struk-tar[]\TU/CharisSIL(0)/m/it/8 (trans.)\TU/Inter(0
)/b/n/7 1. \TU/CharisSIL(0)/m/n/8 Fa-car
 []


Underfull \hbox (badness 10000) in paragraph at lines 9272--9273
[]\TU/Inter(0)/b/n/8 kon-su-mar[]\TU/CharisSIL(0)/m/it/8 (trans.)\TU/Inter(0)/b
/n/7 1. \TU/CharisSIL(0)/m/n/8 De-struk-
 []


Underfull \hbox (badness 10000) in paragraph at lines 9284--9285
[]\TU/Inter(0)/b/n/8 kon-te-nar[]\TU/CharisSIL(0)/m/it/8 (trans.)\TU/Inter(0)/b
/n/7 1. \TU/CharisSIL(0)/m/n/8 Ha-var en
 []


Underfull \hbox (badness 10000) in paragraph at lines 9296--9297
\TU/CharisSIL(0)/m/n/8 de ar-me-ani qua esas fur-ni-
 []


Package fancyhdr Warning: \headheight is too small (12.0pt): 
(fancyhdr)                Make it at least 16.54997pt, for example:
(fancyhdr)                \setlength{\headheight}{16.54997pt}.
(fancyhdr)                You might also make \topmargin smaller to compensate:

(fancyhdr)                \addtolength{\topmargin}{-4.54997pt}.

[206]
Underfull \hbox (badness 6220) in paragraph at lines 9298--9299
\TU/CharisSIL(0)/m/n/8 interruptita en spaco od en
 []


Underfull \hbox (badness 10000) in paragraph at lines 9308--9309
[]\TU/Inter(0)/b/n/8 kon-tra-fak-tar[]\TU/CharisSIL(0)/m/it/8 (trans.)\TU/Inter
(0)/b/n/7 1. \TU/CharisSIL(0)/m/n/8 Imi-
 []


Underfull \hbox (badness 10000) in paragraph at lines 9308--9309
\TU/CharisSIL(0)/m/n/8 tar o *re-pro-duk-tar kontre-
 []


Underfull \hbox (badness 10000) in paragraph at lines 9308--9309
\TU/CharisSIL(0)/m/n/8 detrimente)\TU/Inter(0)/b/n/7 2. \TU/CharisSIL(0)/m/n/8 
Imi-tar fra-ude
 []


Underfull \hbox (badness 10000) in paragraph at lines 9328--9329
[]\TU/Inter(0)/b/n/8 kon-tre-skarpo[]\TU/CharisSIL(0)/m/it/8 (tekn., mi-li-tarto
)
 []


Underfull \hbox (badness 10000) in paragraph at lines 9334--9335
[]\TU/Inter(0)/b/n/8 kon-tro-lar[]\TU/CharisSIL(0)/m/it/8 (trans.)\TU/Inter(0)/
b/n/7 1. \TU/CharisSIL(0)/m/n/8 Sub-mi-sar
 []


Underfull \hbox (badness 10000) in paragraph at lines 9336--9337
[]\TU/Inter(0)/b/n/8 kon-tro-ver-sar[]\TU/CharisSIL(0)/m/it/8 (trans.) \TU/Char
isSIL(0)/m/n/8 Di-sku-
 []


Package fancyhdr Warning: \headheight is too small (12.0pt): 
(fancyhdr)                Make it at least 16.54997pt, for example:
(fancyhdr)                \setlength{\headheight}{16.54997pt}.
(fancyhdr)                You might also make \topmargin smaller to compensate:

(fancyhdr)                \addtolength{\topmargin}{-4.54997pt}.

[207]
Underfull \hbox (badness 10000) in paragraph at lines 9366--9367
[]\TU/Inter(0)/b/n/8 kon-vin-kar[]\TU/CharisSIL(0)/m/it/8 (trans., pri) \TU/Cha
risSIL(0)/m/n/8 Duk-tar
 []


Underfull \hbox (badness 10000) in paragraph at lines 9366--9367
\TU/CharisSIL(0)/m/n/8 (ulu) ad agno-skar ulo kom
 []


Package fancyhdr Warning: \headheight is too small (12.0pt): 
(fancyhdr)                Make it at least 16.54997pt, for example:
(fancyhdr)                \setlength{\headheight}{16.54997pt}.
(fancyhdr)                You might also make \topmargin smaller to compensate:

(fancyhdr)                \addtolength{\topmargin}{-4.54997pt}.

[208]
Underfull \hbox (badness 7379) in paragraph at lines 9394--9395
[]\TU/Inter(0)/b/n/8 ko-pu-la-car[]\TU/CharisSIL(0)/m/it/8 (netrans., kun) (alu-

 []


Package fancyhdr Warning: \headheight is too small (12.0pt): 
(fancyhdr)                Make it at least 16.54997pt, for example:
(fancyhdr)                \setlength{\headheight}{16.54997pt}.
(fancyhdr)                You might also make \topmargin smaller to compensate:

(fancyhdr)                \addtolength{\topmargin}{-4.54997pt}.

[209]
Underfull \hbox (badness 10000) in paragraph at lines 9426--9427
[]\TU/Inter(0)/b/n/8 ko-re-spon-dar[]\TU/CharisSIL(0)/m/it/8 (netrans., kun,
 []


Underfull \hbox (badness 5105) in paragraph at lines 9426--9427
\TU/CharisSIL(0)/m/n/8 (1) pro in-ter-kon-veno di sua
 []


Underfull \hbox (badness 10000) in paragraph at lines 9426--9427
\TU/CharisSIL(0)/m/n/8 na-turo, di sua pro-por-ci-oni;
 []


Underfull \hbox (badness 10000) in paragraph at lines 9428--9429
[]\TU/Inter(0)/b/n/8 ko-ri-an-dro[]\TU/Inter(0)/b/n/7 1. \TU/CharisSIL(0)/m/it/
8 (bot.) \TU/CharisSIL(0)/m/n/8 Planto
 []


Underfull \hbox (badness 10000) in paragraph at lines 9428--9429
\TU/CharisSIL(0)/m/n/8 aro-mata, qua for-ma-cas ge-
 []


Underfull \hbox (badness 5490) in paragraph at lines 9428--9429
\TU/CharisSIL(0)/m/n/8 nero ek la fa-mi-lio « om-be-li-
 []


Package fancyhdr Warning: \headheight is too small (12.0pt): 
(fancyhdr)                Make it at least 16.54997pt, for example:
(fancyhdr)                \setlength{\headheight}{16.54997pt}.
(fancyhdr)                You might also make \topmargin smaller to compensate:

(fancyhdr)                \addtolength{\topmargin}{-4.54997pt}.

[210]
Underfull \hbox (badness 10000) in paragraph at lines 9452--9453
[]\TU/Inter(0)/b/n/8 kor-na-muzo[]\TU/CharisSIL(0)/m/it/8 (muziko) \TU/CharisSI
L(0)/m/n/8 Muzik-
 []


Underfull \hbox (badness 5771) in paragraph at lines 9456--9457
\TU/CharisSIL(0)/m/n/8 ta-pi-sas la dopa parto di la
 []


Underfull \hbox (badness 10000) in paragraph at lines 9464--9465
[]\TU/Inter(0)/b/n/8 korno[]\TU/Inter(0)/b/n/7 1. \TU/CharisSIL(0)/m/n/8 Sur-kre
-skajo ko-na-tra,
 []


Package fancyhdr Warning: \headheight is too small (12.0pt): 
(fancyhdr)                Make it at least 16.54997pt, for example:
(fancyhdr)                \setlength{\headheight}{16.54997pt}.
(fancyhdr)                You might also make \topmargin smaller to compensate:

(fancyhdr)                \addtolength{\topmargin}{-4.54997pt}.

[211]
Underfull \hbox (badness 10000) in paragraph at lines 9498--9499
[]\TU/Inter(0)/b/n/8 kor-tico[]\TU/CharisSIL(0)/m/it/8 (bot.) \TU/CharisSIL(0)/
m/n/8 En-ve-lo-pilo,
 []


Overfull \hbox (1.90907pt too wide) in paragraph at lines 9506--9507
[]\TU/Inter(0)/b/n/8 kor-vear[]\TU/CharisSIL(0)/m/it/8 (netrans., por, pri)\TU/
Inter(0)/b/n/7 1. \TU/CharisSIL(0)/m/it/8 (olim)
 []


Package fancyhdr Warning: \headheight is too small (12.0pt): 
(fancyhdr)                Make it at least 16.54997pt, for example:
(fancyhdr)                \setlength{\headheight}{16.54997pt}.
(fancyhdr)                You might also make \topmargin smaller to compensate:

(fancyhdr)                \addtolength{\topmargin}{-4.54997pt}.

[212]
Underfull \hbox (badness 6995) in paragraph at lines 9538--9539
\TU/CharisSIL(0)/m/n/8 ec., de-sti-nita a man-jeso da
 []


Package fancyhdr Warning: \headheight is too small (12.0pt): 
(fancyhdr)                Make it at least 16.54997pt, for example:
(fancyhdr)                \setlength{\headheight}{16.54997pt}.
(fancyhdr)                You might also make \topmargin smaller to compensate:

(fancyhdr)                \addtolength{\topmargin}{-4.54997pt}.

[213]
Underfull \hbox (badness 10000) in paragraph at lines 9594--9595
[]\TU/Inter(0)/b/n/8 kre-dar[]\TU/CharisSIL(0)/m/it/8 (trans.)\TU/Inter(0)/b/n/
7 1. \TU/CharisSIL(0)/m/n/8 (1) Ad-mi-sar
 []


Package fancyhdr Warning: \headheight is too small (12.0pt): 
(fancyhdr)                Make it at least 16.54997pt, for example:
(fancyhdr)                \setlength{\headheight}{16.54997pt}.
(fancyhdr)                You might also make \topmargin smaller to compensate:

(fancyhdr)                \addtolength{\topmargin}{-4.54997pt}.

[214]
Underfull \hbox (badness 10000) in paragraph at lines 9614--9615
[]\TU/Inter(0)/b/n/8 kre-pi-tar[]\TU/CharisSIL(0)/m/it/8 (netrans.) \TU/CharisS
IL(0)/m/n/8 Pro-duk-tar
 []


Package fancyhdr Warning: \headheight is too small (12.0pt): 
(fancyhdr)                Make it at least 16.54997pt, for example:
(fancyhdr)                \setlength{\headheight}{16.54997pt}.
(fancyhdr)                You might also make \topmargin smaller to compensate:

(fancyhdr)                \addtolength{\topmargin}{-4.54997pt}.

[215]
Underfull \hbox (badness 10000) in paragraph at lines 9634--9635
[]\TU/Inter(0)/b/n/8 kreto[] \TU/CharisSIL(0)/m/n/8 Kalko-karbonato amorfa,
 []


Underfull \hbox (badness 10000) in paragraph at lines 9642--9643
[]\TU/Inter(0)/b/n/8 kre-vi-sar[]\TU/Inter(0)/b/n/7 1. \TU/CharisSIL(0)/m/it/8 
(ne-trans.) \TU/CharisSIL(0)/m/n/8 Su-bi-
 []


Underfull \hbox (badness 5711) in paragraph at lines 9642--9643
\TU/CharisSIL(0)/m/n/8 sar fen-deso plu o min pro-
 []


Underfull \hbox (badness 7631) in paragraph at lines 9644--9645
[]\TU/Inter(0)/b/n/8 kriar[]\TU/CharisSIL(0)/m/it/8 (netrans.) \TU/CharisSIL(0)
/m/n/8 Lan-sar voco-
 []


Underfull \hbox (badness 10000) in paragraph at lines 9644--9645
\TU/CharisSIL(0)/m/n/8 sonuni stri-danta e ne-ar-ti-ku-
 []


Underfull \hbox (badness 8094) in paragraph at lines 9656--9657
\TU/CharisSIL(0)/m/n/8 ke la lego eti-kala esas ne-
 []


Underfull \hbox (badness 5908) in paragraph at lines 9660--9661
[]\TU/Inter(0)/b/n/8 kri-no-lino[]\TU/Inter(0)/b/n/7 1. \TU/CharisSIL(0)/m/n/8 
Te-xuro di qua la
 []


Package fancyhdr Warning: \headheight is too small (12.0pt): 
(fancyhdr)                Make it at least 16.54997pt, for example:
(fancyhdr)                \setlength{\headheight}{16.54997pt}.
(fancyhdr)                You might also make \topmargin smaller to compensate:

(fancyhdr)                \addtolength{\topmargin}{-4.54997pt}.

[216]
Underfull \hbox (badness 10000) in paragraph at lines 9698--9699
[]\TU/Inter(0)/b/n/8 krizo[]\TU/Inter(0)/b/n/7 1. \TU/CharisSIL(0)/m/n/8 Fazo da
n-je-roza di
 []


Package fancyhdr Warning: \headheight is too small (12.0pt): 
(fancyhdr)                Make it at least 16.54997pt, for example:
(fancyhdr)                \setlength{\headheight}{16.54997pt}.
(fancyhdr)                You might also make \topmargin smaller to compensate:

(fancyhdr)                \addtolength{\topmargin}{-4.54997pt}.

[217]

Package fancyhdr Warning: \headheight is too small (12.0pt): 
(fancyhdr)                Make it at least 16.54997pt, for example:
(fancyhdr)                \setlength{\headheight}{16.54997pt}.
(fancyhdr)                You might also make \topmargin smaller to compensate:

(fancyhdr)                \addtolength{\topmargin}{-4.54997pt}.

[218]
Underfull \hbox (badness 10000) in paragraph at lines 9786--9787
\TU/CharisSIL(0)/m/n/8 espruva, por-ce-lano, me-talo,
 []


Underfull \hbox (badness 10000) in paragraph at lines 9792--9793
[]\TU/Inter(0)/b/n/8 ku-biko[]\TU/CharisSIL(0)/m/it/8 (matem.) \TU/CharisSIL(0)
/m/n/8 Equ-a-ci-ono
 []


Package fancyhdr Warning: \headheight is too small (12.0pt): 
(fancyhdr)                Make it at least 16.54997pt, for example:
(fancyhdr)                \setlength{\headheight}{16.54997pt}.
(fancyhdr)                You might also make \topmargin smaller to compensate:

(fancyhdr)                \addtolength{\topmargin}{-4.54997pt}.

[219]
Underfull \hbox (badness 10000) in paragraph at lines 9828--9829
[]\TU/Inter(0)/b/n/8 kul-mi-nar[]\TU/CharisSIL(0)/m/it/8 (netrans.)\TU/Inter(0)
/b/n/7 1. \TU/CharisSIL(0)/m/it/8 (astron.)
 []


Package fancyhdr Warning: \headheight is too small (12.0pt): 
(fancyhdr)                Make it at least 16.54997pt, for example:
(fancyhdr)                \setlength{\headheight}{16.54997pt}.
(fancyhdr)                You might also make \topmargin smaller to compensate:

(fancyhdr)                \addtolength{\topmargin}{-4.54997pt}.

[220]
Underfull \hbox (badness 10000) in paragraph at lines 9836--9837
[]\TU/Inter(0)/b/n/8 kul-telo[] \TU/CharisSIL(0)/m/n/8 In-stru-mento mikra-
 []


Underfull \hbox (badness 10000) in paragraph at lines 9862--9863
\TU/CharisSIL(0)/m/n/8 omna parto quan fi-nas re-
 []


Package fancyhdr Warning: \headheight is too small (12.0pt): 
(fancyhdr)                Make it at least 16.54997pt, for example:
(fancyhdr)                \setlength{\headheight}{16.54997pt}.
(fancyhdr)                You might also make \topmargin smaller to compensate:

(fancyhdr)                \addtolength{\topmargin}{-4.54997pt}.

[221]
Underfull \hbox (badness 10000) in paragraph at lines 9888--9889
[]\TU/Inter(0)/b/n/8 kur-ba-tu-rar[]\TU/CharisSIL(0)/m/it/8 (trans.) (alu-dante
 []


Underfull \hbox (badness 5862) in paragraph at lines 9894--9895
\TU/CharisSIL(0)/m/n/8 cir-ku-las per ve-turo or-di-nara,
 []


Package fancyhdr Warning: \headheight is too small (12.0pt): 
(fancyhdr)                Make it at least 16.54997pt, for example:
(fancyhdr)                \setlength{\headheight}{16.54997pt}.
(fancyhdr)                You might also make \topmargin smaller to compensate:

(fancyhdr)                \addtolength{\topmargin}{-4.54997pt}.

[222]
Underfull \hbox (badness 5105) in paragraph at lines 9916--9917
\TU/CharisSIL(0)/m/n/8 por ce-lar o shir-mar ulo od
 []


Package fancyhdr Warning: \headheight is too small (12.0pt): 
(fancyhdr)                Make it at least 16.54997pt, for example:
(fancyhdr)                \setlength{\headheight}{16.54997pt}.
(fancyhdr)                You might also make \topmargin smaller to compensate:

(fancyhdr)                \addtolength{\topmargin}{-4.54997pt}.

[223] [224

]
Underfull \hbox (badness 10000) in paragraph at lines 9967--9968
[]\TU/Inter(0)/b/n/8 la-bi-rin-to-donto[]\TU/CharisSIL(0)/m/it/8 (paleontologio)

 []


Package fancyhdr Warning: \headheight is too small (12.0pt): 
(fancyhdr)                Make it at least 16.54997pt, for example:
(fancyhdr)                \setlength{\headheight}{16.54997pt}.
(fancyhdr)                You might also make \topmargin smaller to compensate:

(fancyhdr)                \addtolength{\topmargin}{-4.54997pt}.

[225]
Underfull \hbox (badness 10000) in paragraph at lines 9989--9990
\TU/CharisSIL(0)/m/n/8 poke pro-funda, in-ter in-su-
 []


Underfull \hbox (badness 10000) in paragraph at lines 10019--10020
\TU/CharisSIL(0)/m/n/8 cilindri, qui tur-nas inversa-
 []


Underfull \hbox (badness 6204) in paragraph at lines 10019--10020
\TU/CharisSIL(0)/m/n/8 sinse\TU/Inter(0)/b/n/7 2. \TU/CharisSIL(0)/m/n/8 Igar ci
-lin-dro me-tala
 []


Package fancyhdr Warning: \headheight is too small (12.0pt): 
(fancyhdr)                Make it at least 16.54997pt, for example:
(fancyhdr)                \setlength{\headheight}{16.54997pt}.
(fancyhdr)                You might also make \topmargin smaller to compensate:

(fancyhdr)                \addtolength{\topmargin}{-4.54997pt}.

[226]

Package fancyhdr Warning: \headheight is too small (12.0pt): 
(fancyhdr)                Make it at least 16.54997pt, for example:
(fancyhdr)                \setlength{\headheight}{16.54997pt}.
(fancyhdr)                You might also make \topmargin smaller to compensate:

(fancyhdr)                \addtolength{\topmargin}{-4.54997pt}.

[227]
Underfull \hbox (badness 10000) in paragraph at lines 10067--10068
[]\TU/Inter(0)/b/n/8 la-pi-sla-zulo[]\TU/CharisSIL(0)/m/it/8 (mineral.) \TU/Cha
risSIL(0)/m/n/8 Stono
 []


Underfull \hbox (badness 10000) in paragraph at lines 10083--10084
[]\TU/Inter(0)/b/n/8 larvo[]\TU/Inter(0)/b/n/7 1. \TU/CharisSIL(0)/m/it/8 (epoki
 an-ti-qua, en
 []


Package fancyhdr Warning: \headheight is too small (12.0pt): 
(fancyhdr)                Make it at least 16.54997pt, for example:
(fancyhdr)                \setlength{\headheight}{16.54997pt}.
(fancyhdr)                You might also make \topmargin smaller to compensate:

(fancyhdr)                \addtolength{\topmargin}{-4.54997pt}.

[228]

Package fancyhdr Warning: \headheight is too small (12.0pt): 
(fancyhdr)                Make it at least 16.54997pt, for example:
(fancyhdr)                \setlength{\headheight}{16.54997pt}.
(fancyhdr)                You might also make \topmargin smaller to compensate:

(fancyhdr)                \addtolength{\topmargin}{-4.54997pt}.

[229]

Package fancyhdr Warning: \headheight is too small (12.0pt): 
(fancyhdr)                Make it at least 16.54997pt, for example:
(fancyhdr)                \setlength{\headheight}{16.54997pt}.
(fancyhdr)                You might also make \topmargin smaller to compensate:

(fancyhdr)                \addtolength{\topmargin}{-4.54997pt}.

[230]
Underfull \hbox (badness 10000) in paragraph at lines 10223--10224
[]\TU/Inter(0)/b/n/8 le-vi-a-tano[]\TU/CharisSIL(0)/m/it/8 (biblo) \TU/CharisSI
L(0)/m/n/8 Mon-stro ma-
 []


Package fancyhdr Warning: \headheight is too small (12.0pt): 
(fancyhdr)                Make it at least 16.54997pt, for example:
(fancyhdr)                \setlength{\headheight}{16.54997pt}.
(fancyhdr)                You might also make \topmargin smaller to compensate:

(fancyhdr)                \addtolength{\topmargin}{-4.54997pt}.

[231]

Package fancyhdr Warning: \headheight is too small (12.0pt): 
(fancyhdr)                Make it at least 16.54997pt, for example:
(fancyhdr)                \setlength{\headheight}{16.54997pt}.
(fancyhdr)                You might also make \topmargin smaller to compensate:

(fancyhdr)                \addtolength{\topmargin}{-4.54997pt}.

[232]

Package fancyhdr Warning: \headheight is too small (12.0pt): 
(fancyhdr)                Make it at least 16.54997pt, for example:
(fancyhdr)                \setlength{\headheight}{16.54997pt}.
(fancyhdr)                You might also make \topmargin smaller to compensate:

(fancyhdr)                \addtolength{\topmargin}{-4.54997pt}.

[233]
Underfull \hbox (badness 10000) in paragraph at lines 10323--10324
[]\TU/Inter(0)/b/n/8 li-mo-nado[] \TU/CharisSIL(0)/m/n/8 Drin-kajo boko-
 []


Underfull \hbox (badness 10000) in paragraph at lines 10339--10340
[]\TU/Inter(0)/b/n/8 li-neo[]\TU/Inter(0)/b/n/7 1. \TU/CharisSIL(0)/m/n/8 Streko
 kon-ti-nua qua
 []


Underfull \hbox (badness 10000) in paragraph at lines 10339--10340
\TU/CharisSIL(0)/m/n/8 in-di-kas di-re-ci-ono de-ter-mi-
 []


Underfull \hbox (badness 5345) in paragraph at lines 10339--10340
\TU/CharisSIL(0)/m/n/8 edi-fici di rel-voyo, tram-voyo,
 []


Underfull \hbox (badness 10000) in paragraph at lines 10339--10340
\TU/CharisSIL(0)/m/n/8 autobuso-exploto, aeroplano-
 []


Underfull \hbox (badness 10000) in paragraph at lines 10347--10348
[]\TU/Inter(0)/b/n/8 li-ni-mento[]\TU/CharisSIL(0)/m/it/8 (farmacio) \TU/Charis
SIL(0)/m/n/8 Me-di-ka-
 []


Underfull \hbox (badness 7631) in paragraph at lines 10361--10362
[]\TU/Inter(0)/b/n/8 li-pomo[]\TU/CharisSIL(0)/m/it/8 (patol.) \TU/CharisSIL(0)
/m/n/8 Tu-moro gra-
 []


Underfull \hbox (badness 7151) in paragraph at lines 10369--10370
[]\TU/Inter(0)/b/n/8 li-qu-i-da-car[]\TU/CharisSIL(0)/m/it/8 (trans.) \TU/Chari
sSIL(0)/m/n/8 Kon-klu-zar
 []


Package fancyhdr Warning: \headheight is too small (12.0pt): 
(fancyhdr)                Make it at least 16.54997pt, for example:
(fancyhdr)                \setlength{\headheight}{16.54997pt}.
(fancyhdr)                You might also make \topmargin smaller to compensate:

(fancyhdr)                \addtolength{\topmargin}{-4.54997pt}.

[234]
Underfull \hbox (badness 10000) in paragraph at lines 10373--10374
[]\TU/Inter(0)/b/n/8 li-rika[]\TU/Inter(0)/b/n/7 1. \TU/CharisSIL(0)/m/n/8 Qua 
kon-te-nas po-emi
 []


Underfull \hbox (badness 10000) in paragraph at lines 10383--10384
[]\TU/Inter(0)/b/n/8 li-tar-giro[]\TU/CharisSIL(0)/m/it/8 (kemio) \TU/CharisSIL
(0)/m/n/8 Pro-to-xido di
 []


Package fancyhdr Warning: \headheight is too small (12.0pt): 
(fancyhdr)                Make it at least 16.54997pt, for example:
(fancyhdr)                \setlength{\headheight}{16.54997pt}.
(fancyhdr)                You might also make \topmargin smaller to compensate:

(fancyhdr)                \addtolength{\topmargin}{-4.54997pt}.

[235]
Underfull \hbox (badness 10000) in paragraph at lines 10441--10442
[]\TU/Inter(0)/b/n/8 lo-giko[]\TU/Inter(0)/b/n/7 1. \TU/CharisSIL(0)/m/n/8 La ci
-enco pri lo
 []


Underfull \hbox (badness 10000) in paragraph at lines 10441--10442
\TU/CharisSIL(0)/m/n/8 exakta\TU/Inter(0)/b/n/7 2. \TU/CharisSIL(0)/m/n/8 La ci-
enco pri la
 []


Package fancyhdr Warning: \headheight is too small (12.0pt): 
(fancyhdr)                Make it at least 16.54997pt, for example:
(fancyhdr)                \setlength{\headheight}{16.54997pt}.
(fancyhdr)                You might also make \topmargin smaller to compensate:

(fancyhdr)                \addtolength{\topmargin}{-4.54997pt}.

[236]
Underfull \hbox (badness 10000) in paragraph at lines 10457--10458
[]\TU/Inter(0)/b/n/8 loko[]\TU/Inter(0)/b/n/7 1. \TU/CharisSIL(0)/m/n/8 Parto de
-ter-mi-nita ek
 []


Underfull \hbox (badness 10000) in paragraph at lines 10463--10464
[]\TU/Inter(0)/b/n/8 lo-ko-mo-tivo[]\TU/Inter(0)/b/n/7 1. \TU/CharisSIL(0)/m/it
/8 (olim) \TU/CharisSIL(0)/m/n/8 Vaporo-
 []


Package fancyhdr Warning: \headheight is too small (12.0pt): 
(fancyhdr)                Make it at least 16.54997pt, for example:
(fancyhdr)                \setlength{\headheight}{16.54997pt}.
(fancyhdr)                You might also make \topmargin smaller to compensate:

(fancyhdr)                \addtolength{\topmargin}{-4.54997pt}.

[237]
Underfull \hbox (badness 10000) in paragraph at lines 10511--10512
[]\TU/Inter(0)/b/n/8 lu-gro[]\TU/CharisSIL(0)/m/it/8 (maronavigado) \TU/CharisS
IL(0)/m/n/8 Milito-
 []


Underfull \hbox (badness 5939) in paragraph at lines 10513--10514
[]\TU/Inter(0)/b/n/8 lu-kano[]\TU/CharisSIL(0)/m/it/8 (zool.) \TU/CharisSIL(0)/
m/n/8 In-sekto aloza,
 []


Underfull \hbox (badness 10000) in paragraph at lines 10517--10518
[]\TU/Inter(0)/b/n/8 luk-tar[]\TU/CharisSIL(0)/m/it/8 (netrans., kon-tre, kun,
 []


Underfull \hbox (badness 6204) in paragraph at lines 10517--10518
\TU/CharisSIL(0)/m/n/8 per em-braco\TU/Inter(0)/b/n/7 2. \TU/CharisSIL(0)/m/it/
8 (alu-dante du
 []


Package fancyhdr Warning: \headheight is too small (12.0pt): 
(fancyhdr)                Make it at least 16.54997pt, for example:
(fancyhdr)                \setlength{\headheight}{16.54997pt}.
(fancyhdr)                You might also make \topmargin smaller to compensate:

(fancyhdr)                \addtolength{\topmargin}{-4.54997pt}.

[238]
Underfull \hbox (badness 10000) in paragraph at lines 10541--10542
[]\TU/Inter(0)/b/n/8 lupo[]\TU/CharisSIL(0)/m/it/8 (optiko) \TU/CharisSIL(0)/m/
n/8 Lenso bi-kon-vexa,
 []


Underfull \hbox (badness 6510) in paragraph at lines 10541--10542
\TU/CharisSIL(0)/m/n/8 uzata por igar aspek-tar plu
 []


Underfull \hbox (badness 10000) in paragraph at lines 10553--10554
[]\TU/Inter(0)/b/n/8 lu-stro[]\TU/Inter(0)/b/n/7 1. \TU/CharisSIL(0)/m/n/8 Lu-mi
-zilo su-spen-dita,
 []


Underfull \hbox (badness 10000) in paragraph at lines 10559--10560
[]\TU/Inter(0)/b/n/8 lu-xa-car[]\TU/CharisSIL(0)/m/it/8 (trans.) (pat) \TU/Char
isSIL(0)/m/n/8 Igar
 []


Package fancyhdr Warning: \headheight is too small (12.0pt): 
(fancyhdr)                Make it at least 16.54997pt, for example:
(fancyhdr)                \setlength{\headheight}{16.54997pt}.
(fancyhdr)                You might also make \topmargin smaller to compensate:

(fancyhdr)                \addtolength{\topmargin}{-4.54997pt}.

[239] [240

]

Package fancyhdr Warning: \headheight is too small (12.0pt): 
(fancyhdr)                Make it at least 16.54997pt, for example:
(fancyhdr)                \setlength{\headheight}{16.54997pt}.
(fancyhdr)                You might also make \topmargin smaller to compensate:

(fancyhdr)                \addtolength{\topmargin}{-4.54997pt}.

[241]
Underfull \hbox (badness 10000) in paragraph at lines 10630--10631
[]\TU/Inter(0)/b/n/8 ma-ka-damo[]\TU/CharisSIL(0)/m/it/8 (tekn.) \TU/CharisSIL(
0)/m/n/8 Quaza-
 []


Underfull \hbox (badness 10000) in paragraph at lines 10636--10637
[]\TU/Inter(0)/b/n/8 ma-ka-ro-nio[]\TU/CharisSIL(0)/m/it/8 (koquarto) \TU/Chari
sSIL(0)/m/n/8 Nutro-
 []


Underfull \hbox (badness 10000) in paragraph at lines 10638--10639
[]\TU/Inter(0)/b/n/8 ma-ka-rono[]\TU/CharisSIL(0)/m/it/8 (koquarto) \TU/CharisS
IL(0)/m/n/8 Pa-sto ek
 []


Underfull \hbox (badness 7925) in paragraph at lines 10646--10647
\TU/CharisSIL(0)/m/n/8 ma-ku-leti diversa-kolora, qua,
 []


Package fancyhdr Warning: \headheight is too small (12.0pt): 
(fancyhdr)                Make it at least 16.54997pt, for example:
(fancyhdr)                \setlength{\headheight}{16.54997pt}.
(fancyhdr)                You might also make \topmargin smaller to compensate:

(fancyhdr)                \addtolength{\topmargin}{-4.54997pt}.

[242]
Underfull \hbox (badness 10000) in paragraph at lines 10670--10671
[]\TU/Inter(0)/b/n/8 ma-le-di-kar[]\TU/CharisSIL(0)/m/it/8 (trans.)\TU/Inter(0)
/b/n/7 1. \TU/CharisSIL(0)/m/n/8 Advo-kar
 []


Underfull \hbox (badness 5036) in paragraph at lines 10690--10691
\TU/CharisSIL(0)/m/n/8 fitanta, por maro-balno, por
 []


Package fancyhdr Warning: \headheight is too small (12.0pt): 
(fancyhdr)                Make it at least 16.54997pt, for example:
(fancyhdr)                \setlength{\headheight}{16.54997pt}.
(fancyhdr)                You might also make \topmargin smaller to compensate:

(fancyhdr)                \addtolength{\topmargin}{-4.54997pt}.

[243]
Underfull \hbox (badness 10000) in paragraph at lines 10704--10705
[]\TU/Inter(0)/b/n/8 man-da-reno[]\TU/CharisSIL(0)/m/it/8 (olim) \TU/CharisSIL(
0)/m/n/8 En Chi-nia,
 []


Underfull \hbox (badness 6995) in paragraph at lines 10704--10705
\TU/CharisSIL(0)/m/n/8 granda stat-employato, ci-vila
 []


Underfull \hbox (badness 10000) in paragraph at lines 10714--10715
[]\TU/Inter(0)/b/n/8 man-do-lino[]\TU/CharisSIL(0)/m/it/8 (muziko) \TU/CharisSI
L(0)/m/n/8 Muzik-
 []


Underfull \hbox (badness 10000) in paragraph at lines 10716--10717
[]\TU/Inter(0)/b/n/8 man-doro[]\TU/CharisSIL(0)/m/it/8 (muziko) \TU/CharisSIL(0
)/m/n/8 Muzik-
 []


Package fancyhdr Warning: \headheight is too small (12.0pt): 
(fancyhdr)                Make it at least 16.54997pt, for example:
(fancyhdr)                \setlength{\headheight}{16.54997pt}.
(fancyhdr)                You might also make \topmargin smaller to compensate:

(fancyhdr)                \addtolength{\topmargin}{-4.54997pt}.

[244]
Underfull \hbox (badness 5954) in paragraph at lines 10768--10769
[]\TU/Inter(0)/b/n/8 man-sardo[]\TU/Inter(0)/b/n/7 1. \TU/CharisSIL(0)/m/n/8 Tek
to di qua la
 []


Underfull \hbox (badness 10000) in paragraph at lines 10768--10769
\TU/CharisSIL(0)/m/n/8 kar-pen-turo esas qu-aze rup-
 []


Package fancyhdr Warning: \headheight is too small (12.0pt): 
(fancyhdr)                Make it at least 16.54997pt, for example:
(fancyhdr)                \setlength{\headheight}{16.54997pt}.
(fancyhdr)                You might also make \topmargin smaller to compensate:

(fancyhdr)                \addtolength{\topmargin}{-4.54997pt}.

[245]

Package fancyhdr Warning: \headheight is too small (12.0pt): 
(fancyhdr)                Make it at least 16.54997pt, for example:
(fancyhdr)                \setlength{\headheight}{16.54997pt}.
(fancyhdr)                You might also make \topmargin smaller to compensate:

(fancyhdr)                \addtolength{\topmargin}{-4.54997pt}.

[246]
Underfull \hbox (badness 10000) in paragraph at lines 10828--10829
[]\TU/Inter(0)/b/n/8 mar-kezo[]\TU/Inter(0)/b/n/7 1. \TU/CharisSIL(0)/m/it/8 (ol
im) \TU/CharisSIL(0)/m/n/8 Chefo di
 []


Underfull \hbox (badness 10000) in paragraph at lines 10828--10829
\TU/CharisSIL(0)/m/n/8 do-meno an la fron-ti-ero di
 []


Underfull \hbox (badness 10000) in paragraph at lines 10846--10847
[]\TU/Inter(0)/b/n/8 ma-ro-dar[]\TU/CharisSIL(0)/m/it/8 (netrans.)\TU/Inter(0)/
b/n/7 1. \TU/CharisSIL(0)/m/it/8 (alu-dante
 []


Underfull \hbox (badness 10000) in paragraph at lines 10852--10853
[]\TU/Inter(0)/b/n/8 mar-qu-izo[] \TU/CharisSIL(0)/m/n/8 Avan-tekto, maxim-
 []


Package fancyhdr Warning: \headheight is too small (12.0pt): 
(fancyhdr)                Make it at least 16.54997pt, for example:
(fancyhdr)                \setlength{\headheight}{16.54997pt}.
(fancyhdr)                You might also make \topmargin smaller to compensate:

(fancyhdr)                \addtolength{\topmargin}{-4.54997pt}.

[247]
Underfull \hbox (badness 10000) in paragraph at lines 10886--10887
[]\TU/Inter(0)/b/n/8 ma-siva[] \TU/CharisSIL(0)/m/n/8 Qua esas maso kom-
 []


Package fancyhdr Warning: \headheight is too small (12.0pt): 
(fancyhdr)                Make it at least 16.54997pt, for example:
(fancyhdr)                \setlength{\headheight}{16.54997pt}.
(fancyhdr)                You might also make \topmargin smaller to compensate:

(fancyhdr)                \addtolength{\topmargin}{-4.54997pt}.

[248]
Underfull \hbox (badness 10000) in paragraph at lines 10938--10939
[]\TU/Inter(0)/b/n/8 ma-u-zo-leo[] \TU/CharisSIL(0)/m/n/8 Tombo mo-nu-
 []


Package fancyhdr Warning: \headheight is too small (12.0pt): 
(fancyhdr)                Make it at least 16.54997pt, for example:
(fancyhdr)                \setlength{\headheight}{16.54997pt}.
(fancyhdr)                You might also make \topmargin smaller to compensate:

(fancyhdr)                \addtolength{\topmargin}{-4.54997pt}.

[249]
Underfull \hbox (badness 10000) in paragraph at lines 10942--10943
\TU/CharisSIL(0)/m/n/8 somito pri la eso-maniero
 []


Underfull \hbox (badness 10000) in paragraph at lines 10942--10943
\TU/CharisSIL(0)/m/n/8 quan ex-pre-sas ad-jek-tivo od
 []


Underfull \hbox (badness 10000) in paragraph at lines 10948--10949
[]\TU/Inter(0)/b/n/8 ma-yo-nezo[]\TU/CharisSIL(0)/m/it/8 (koquarto) \TU/CharisS
IL(0)/m/n/8 Sa-uco
 []


Underfull \hbox (badness 10000) in paragraph at lines 10960--10961
[]\TU/Inter(0)/b/n/8 me-an-dro[]\TU/CharisSIL(0)/m/it/8 (arkitekt. Greka)
 []


Package fancyhdr Warning: \headheight is too small (12.0pt): 
(fancyhdr)                Make it at least 16.54997pt, for example:
(fancyhdr)                \setlength{\headheight}{16.54997pt}.
(fancyhdr)                You might also make \topmargin smaller to compensate:

(fancyhdr)                \addtolength{\topmargin}{-4.54997pt}.

[250]
Underfull \hbox (badness 10000) in paragraph at lines 10996--10997
[]\TU/Inter(0)/b/n/8 me-ga-fono[]\TU/CharisSIL(0)/m/it/8 (akustiko) \TU/CharisS
IL(0)/m/n/8 Apa-rato
 []


Underfull \hbox (badness 10000) in paragraph at lines 11010--11011
[]\TU/Inter(0)/b/n/8 me-ka-niko[] \TU/CharisSIL(0)/m/n/8 La ci-enco di la
 []


Underfull \hbox (badness 6380) in paragraph at lines 11026--11027
[]\TU/Inter(0)/b/n/8 me-li-nito[]\TU/CharisSIL(0)/m/it/8 (kemio) \TU/CharisSIL(
0)/m/n/8 Mi-xuro ex-plo-
 []


Underfull \hbox (badness 5175) in paragraph at lines 11028--11029
\TU/CharisSIL(0)/m/n/8 aquo al-ko-ho-li-zita e stomako-
 []


Underfull \hbox (badness 10000) in paragraph at lines 11030--11031
[]\TU/Inter(0)/b/n/8 mel-kar[]\TU/CharisSIL(0)/m/it/8 (trans.) \TU/CharisSIL(0)
/m/n/8 Ex-trak-tar la
 []


Package fancyhdr Warning: \headheight is too small (12.0pt): 
(fancyhdr)                Make it at least 16.54997pt, for example:
(fancyhdr)                \setlength{\headheight}{16.54997pt}.
(fancyhdr)                You might also make \topmargin smaller to compensate:

(fancyhdr)                \addtolength{\topmargin}{-4.54997pt}.

[251]
Underfull \hbox (badness 5316) in paragraph at lines 11042--11043
[]\TU/Inter(0)/b/n/8 mem[]\TU/CharisSIL(0)/m/it/8 (gram.) \TU/CharisSIL(0)/m/n/
8 Manier-adverbo
 []


Package fancyhdr Warning: \headheight is too small (12.0pt): 
(fancyhdr)                Make it at least 16.54997pt, for example:
(fancyhdr)                \setlength{\headheight}{16.54997pt}.
(fancyhdr)                You might also make \topmargin smaller to compensate:

(fancyhdr)                \addtolength{\topmargin}{-4.54997pt}.

[252]
Underfull \hbox (badness 10000) in paragraph at lines 11108--11109
[]\TU/Inter(0)/b/n/8 mer-kato[]\TU/Inter(0)/b/n/7 1. \TU/CharisSIL(0)/m/n/8 Loko
 pu-blika ube
 []


Package fancyhdr Warning: \headheight is too small (12.0pt): 
(fancyhdr)                Make it at least 16.54997pt, for example:
(fancyhdr)                \setlength{\headheight}{16.54997pt}.
(fancyhdr)                You might also make \topmargin smaller to compensate:

(fancyhdr)                \addtolength{\topmargin}{-4.54997pt}.

[253]
Underfull \hbox (badness 7451) in paragraph at lines 11162--11163
\TU/CharisSIL(0)/m/n/8 CH₄ ek la hi-do-kar-bidi sa-tu-
 []


Package fancyhdr Warning: \headheight is too small (12.0pt): 
(fancyhdr)                Make it at least 16.54997pt, for example:
(fancyhdr)                \setlength{\headheight}{16.54997pt}.
(fancyhdr)                You might also make \topmargin smaller to compensate:

(fancyhdr)                \addtolength{\topmargin}{-4.54997pt}.

[254]
Underfull \hbox (badness 10000) in paragraph at lines 11172--11173
[]\TU/Inter(0)/b/n/8 me-tem-psi-koso[] \TU/CharisSIL(0)/m/n/8 Dok-trino qua
 []


Underfull \hbox (badness 6575) in paragraph at lines 11172--11173
\TU/CharisSIL(0)/m/n/8 agno-skas exi-sti in-ter-se-qu-anta,
 []


Underfull \hbox (badness 10000) in paragraph at lines 11178--11179
[]\TU/Inter(0)/b/n/8 me-ti-leno[]\TU/CharisSIL(0)/m/it/8 (kemio) \TU/CharisSIL(
0)/m/n/8 Ra-diko di-va-
 []


Underfull \hbox (badness 10000) in paragraph at lines 11190--11191
[]\TU/Inter(0)/b/n/8 me-topo[]\TU/CharisSIL(0)/m/it/8 (arkitekturo) \TU/CharisS
IL(0)/m/n/8 In-ter-spaco
 []


Underfull \hbox (badness 10000) in paragraph at lines 11200--11201
[]\TU/Inter(0)/b/n/8 me-tro-nomo[]\TU/CharisSIL(0)/m/it/8 (muziko) \TU/CharisSI
L(0)/m/n/8 In-stru-
 []


Underfull \hbox (badness 10000) in paragraph at lines 11202--11203
[]\TU/Inter(0)/b/n/8 me-tro-po-lito[]\TU/CharisSIL(0)/m/it/8 (eklezio Greka)
 []


Package fancyhdr Warning: \headheight is too small (12.0pt): 
(fancyhdr)                Make it at least 16.54997pt, for example:
(fancyhdr)                \setlength{\headheight}{16.54997pt}.
(fancyhdr)                You might also make \topmargin smaller to compensate:

(fancyhdr)                \addtolength{\topmargin}{-4.54997pt}.

[255]

Package fancyhdr Warning: \headheight is too small (12.0pt): 
(fancyhdr)                Make it at least 16.54997pt, for example:
(fancyhdr)                \setlength{\headheight}{16.54997pt}.
(fancyhdr)                You might also make \topmargin smaller to compensate:

(fancyhdr)                \addtolength{\topmargin}{-4.54997pt}.

[256]
Underfull \hbox (badness 10000) in paragraph at lines 11260--11261
[]\TU/Inter(0)/b/n/8 mi-kro-me-tro[]\TU/CharisSIL(0)/m/it/8 (metrologio) \TU/Ch
arisSIL(0)/m/n/8 In-stru-
 []


Package fancyhdr Warning: \headheight is too small (12.0pt): 
(fancyhdr)                Make it at least 16.54997pt, for example:
(fancyhdr)                \setlength{\headheight}{16.54997pt}.
(fancyhdr)                You might also make \topmargin smaller to compensate:

(fancyhdr)                \addtolength{\topmargin}{-4.54997pt}.

[257]
Underfull \hbox (badness 10000) in paragraph at lines 11336--11337
[]\TU/Inter(0)/b/n/8 mi-ni-umo[]\TU/Inter(0)/b/n/7 1. \TU/CharisSIL(0)/m/it/8 (k
e-mio) \TU/CharisSIL(0)/m/n/8 De-u-to-xido
 []


Underfull \hbox (badness 10000) in paragraph at lines 11336--11337
\TU/CharisSIL(0)/m/n/8 di plumbo, sub-stanco farba,
 []


Underfull \hbox (badness 10000) in paragraph at lines 11340--11341
[]\TU/Inter(0)/b/n/8 mi-no-ri-tato[] \TU/CharisSIL(0)/m/n/8 La qu-anto mi-nim
 []


Underfull \hbox (badness 5133) in paragraph at lines 11350--11351
[]\TU/Inter(0)/b/n/8 mi-nuto[]\TU/Inter(0)/b/n/7 1. \TU/CharisSIL(0)/m/n/8 Si-sa
-de-kima parto di
 []


Package fancyhdr Warning: \headheight is too small (12.0pt): 
(fancyhdr)                Make it at least 16.54997pt, for example:
(fancyhdr)                \setlength{\headheight}{16.54997pt}.
(fancyhdr)                You might also make \topmargin smaller to compensate:

(fancyhdr)                \addtolength{\topmargin}{-4.54997pt}.

[258]

Package fancyhdr Warning: \headheight is too small (12.0pt): 
(fancyhdr)                Make it at least 16.54997pt, for example:
(fancyhdr)                \setlength{\headheight}{16.54997pt}.
(fancyhdr)                You might also make \topmargin smaller to compensate:

(fancyhdr)                \addtolength{\topmargin}{-4.54997pt}.

[259]
Underfull \hbox (badness 6094) in paragraph at lines 11414--11415
\TU/CharisSIL(0)/m/n/8 di la epi-skopi, kar-di-nali ed
 []


Underfull \hbox (badness 10000) in paragraph at lines 11422--11423
\TU/CharisSIL(0)/m/n/8 po-vra ke (lu) esas kom-pa-
 []


Underfull \hbox (badness 7740) in paragraph at lines 11434--11435
[]\TU/Inter(0)/b/n/8 mo-de-rar[]\TU/CharisSIL(0)/m/it/8 (trans.) \TU/CharisSIL(
0)/m/n/8 Fo-ri-gar de
 []


Underfull \hbox (badness 8113) in paragraph at lines 11438--11439
[]\TU/Inter(0)/b/n/8 mo-de-sta[]\TU/Inter(0)/b/n/7 1. \TU/CharisSIL(0)/m/n/8 For
 lu-xego, brilo,
 []


Package fancyhdr Warning: \headheight is too small (12.0pt): 
(fancyhdr)                Make it at least 16.54997pt, for example:
(fancyhdr)                \setlength{\headheight}{16.54997pt}.
(fancyhdr)                You might also make \topmargin smaller to compensate:

(fancyhdr)                \addtolength{\topmargin}{-4.54997pt}.

[260]
Underfull \hbox (badness 10000) in paragraph at lines 11448--11449
[]\TU/Inter(0)/b/n/8 mo-du-la-car[]\TU/CharisSIL(0)/m/it/8 (trans.)\TU/Inter(0)
/b/n/7 1. \TU/CharisSIL(0)/m/n/8 Re-pro-
 []


Underfull \hbox (badness 7704) in paragraph at lines 11454--11455
\TU/CharisSIL(0)/m/n/8 ulo) la ob-jekto di desprizo-
 []


Underfull \hbox (badness 10000) in paragraph at lines 11458--11459
[]\TU/Inter(0)/b/n/8 mola[]\TU/Inter(0)/b/n/7 1. \TU/CharisSIL(0)/m/n/8 Qua ce-d
as fa-cile ye
 []


Underfull \hbox (badness 6268) in paragraph at lines 11470--11471
[]\TU/Inter(0)/b/n/8 mo-libdo[]\TU/CharisSIL(0)/m/it/8 (kemio) \TU/CharisSIL(0)
/m/n/8 Korpo sim-pla,
 []


Package fancyhdr Warning: \headheight is too small (12.0pt): 
(fancyhdr)                Make it at least 16.54997pt, for example:
(fancyhdr)                \setlength{\headheight}{16.54997pt}.
(fancyhdr)                You might also make \topmargin smaller to compensate:

(fancyhdr)                \addtolength{\topmargin}{-4.54997pt}.

[261]
Underfull \hbox (badness 10000) in paragraph at lines 11504--11505
[]\TU/Inter(0)/b/n/8 mo-ni-sto[] \TU/CharisSIL(0)/m/n/8 Adepto di mo-ni-
 []


Underfull \hbox (badness 10000) in paragraph at lines 11506--11507
[]\TU/Inter(0)/b/n/8 mo-ni-toro[] \TU/CharisSIL(0)/m/n/8 Milito-navo, di tun-
 []


Package fancyhdr Warning: \headheight is too small (12.0pt): 
(fancyhdr)                Make it at least 16.54997pt, for example:
(fancyhdr)                \setlength{\headheight}{16.54997pt}.
(fancyhdr)                You might also make \topmargin smaller to compensate:

(fancyhdr)                \addtolength{\topmargin}{-4.54997pt}.

[262]
Underfull \hbox (badness 10000) in paragraph at lines 11526--11527
[]\TU/Inter(0)/b/n/8 mo-no-kroma[] \TU/CharisSIL(0)/m/n/8 Qua esas un-
 []


Underfull \hbox (badness 10000) in paragraph at lines 11528--11529
[]\TU/Inter(0)/b/n/8 mo-no-lito[] \TU/CharisSIL(0)/m/n/8 Mo-nu-mento (ko-lono,
 []


Underfull \hbox (badness 10000) in paragraph at lines 11538--11539
[]\TU/Inter(0)/b/n/8 mo-no-te-i-smo[] \TU/CharisSIL(0)/m/n/8 Kredo ye deo
 []


Underfull \hbox (badness 5008) in paragraph at lines 11544--11545
\TU/CharisSIL(0)/m/n/8 esas kontre-natura. (mi-tol.)
 []


Underfull \hbox (badness 10000) in paragraph at lines 11544--11545
\TU/CharisSIL(0)/m/n/8 Ento ma-li-gna, kun formo
 []


Underfull \hbox (badness 10000) in paragraph at lines 11550--11551
[]\TU/Inter(0)/b/n/8 mon-trar[]\TU/CharisSIL(0)/m/it/8 (trans., ad)\TU/Inter(0)
/b/n/7 1. \TU/CharisSIL(0)/m/n/8 Vi-di-
 []


Underfull \hbox (badness 5359) in paragraph at lines 11562--11563
[]\TU/Inter(0)/b/n/8 mor-dar[]\TU/CharisSIL(0)/m/it/8 (trans.)\TU/Inter(0)/b/n/
7 1. \TU/CharisSIL(0)/m/n/8 En-ta-mar per
 []


Package fancyhdr Warning: \headheight is too small (12.0pt): 
(fancyhdr)                Make it at least 16.54997pt, for example:
(fancyhdr)                \setlength{\headheight}{16.54997pt}.
(fancyhdr)                You might also make \topmargin smaller to compensate:

(fancyhdr)                \addtolength{\topmargin}{-4.54997pt}.

[263]
Underfull \hbox (badness 5316) in paragraph at lines 11572--11573
[]\TU/Inter(0)/b/n/8 mor-fo-lo-gio[]\TU/Inter(0)/b/n/7 1. \TU/CharisSIL(0)/m/it
/8 (fi-loz.) \TU/CharisSIL(0)/m/n/8 Ci-enco
 []


Underfull \hbox (badness 10000) in paragraph at lines 11578--11579
[]\TU/Inter(0)/b/n/8 mor-ga-na-tika[]\TU/CharisSIL(0)/m/it/8 (yurocienco) (pa-ri
-
 []


Underfull \hbox (badness 10000) in paragraph at lines 11588--11589
[]\TU/Inter(0)/b/n/8 mor-ta-delo[] \TU/CharisSIL(0)/m/n/8 Grosa so-ci-sego ek
 []


Package fancyhdr Warning: \headheight is too small (12.0pt): 
(fancyhdr)                Make it at least 16.54997pt, for example:
(fancyhdr)                \setlength{\headheight}{16.54997pt}.
(fancyhdr)                You might also make \topmargin smaller to compensate:

(fancyhdr)                \addtolength{\topmargin}{-4.54997pt}.

[264]
Underfull \hbox (badness 10000) in paragraph at lines 11628--11629
[]\TU/Inter(0)/b/n/8 mo-vi-mento[]\TU/CharisSIL(0)/m/it/8 (muziko) \TU/CharisSI
L(0)/m/n/8 Rapideso-
 []


Underfull \hbox (badness 10000) in paragraph at lines 11638--11639
[]\TU/Inter(0)/b/n/8 mu-ci-lajo[]\TU/Inter(0)/b/n/7 1. \TU/CharisSIL(0)/m/n/8 Su
b-stanco vi-skoza
 []


Underfull \hbox (badness 10000) in paragraph at lines 11638--11639
\TU/CharisSIL(0)/m/n/8 quan kon-te-nas ula ve-je-
 []


Package fancyhdr Warning: \headheight is too small (12.0pt): 
(fancyhdr)                Make it at least 16.54997pt, for example:
(fancyhdr)                \setlength{\headheight}{16.54997pt}.
(fancyhdr)                You might also make \topmargin smaller to compensate:

(fancyhdr)                \addtolength{\topmargin}{-4.54997pt}.

[265]
Underfull \hbox (badness 10000) in paragraph at lines 11680--11681
[]\TU/Inter(0)/b/n/8 mur-mu-rar[]\TU/CharisSIL(0)/m/it/8 (netrans.)\TU/Inter(0)
/b/n/7 1. \TU/CharisSIL(0)/m/n/8 Ex-ha-
 []


Package fancyhdr Warning: \headheight is too small (12.0pt): 
(fancyhdr)                Make it at least 16.54997pt, for example:
(fancyhdr)                \setlength{\headheight}{16.54997pt}.
(fancyhdr)                You might also make \topmargin smaller to compensate:

(fancyhdr)                \addtolength{\topmargin}{-4.54997pt}.

[266]
Underfull \hbox (badness 10000) in paragraph at lines 11716--11717
[]\TU/Inter(0)/b/n/8 mu-ti-lar[]\TU/CharisSIL(0)/m/it/8 (trans.)\TU/Inter(0)/b/
n/7 1. \TU/CharisSIL(0)/m/n/8 Al-te-rar (la
 []


Package fancyhdr Warning: \headheight is too small (12.0pt): 
(fancyhdr)                Make it at least 16.54997pt, for example:
(fancyhdr)                \setlength{\headheight}{16.54997pt}.
(fancyhdr)                You might also make \topmargin smaller to compensate:

(fancyhdr)                \addtolength{\topmargin}{-4.54997pt}.

[267] [268

]
Underfull \hbox (badness 10000) in paragraph at lines 11753--11754
[]\TU/Inter(0)/b/n/8 naf-ta-lino[]\TU/CharisSIL(0)/m/it/8 (kemio) \TU/CharisSIL
(0)/m/n/8 Hi-dro-kar-bido
 []


Package fancyhdr Warning: \headheight is too small (12.0pt): 
(fancyhdr)                Make it at least 16.54997pt, for example:
(fancyhdr)                \setlength{\headheight}{16.54997pt}.
(fancyhdr)                You might also make \topmargin smaller to compensate:

(fancyhdr)                \addtolength{\topmargin}{-4.54997pt}.

[269]
Underfull \hbox (badness 10000) in paragraph at lines 11835--11836
\TU/CharisSIL(0)/m/n/8 di tom-beyo sub-tera che la
 []


Package fancyhdr Warning: \headheight is too small (12.0pt): 
(fancyhdr)                Make it at least 16.54997pt, for example:
(fancyhdr)                \setlength{\headheight}{16.54997pt}.
(fancyhdr)                You might also make \topmargin smaller to compensate:

(fancyhdr)                \addtolength{\topmargin}{-4.54997pt}.

[270]
Underfull \hbox (badness 10000) in paragraph at lines 11865--11866
[]\TU/Inter(0)/b/n/8 ne-re-ido[]\TU/CharisSIL(0)/m/it/8 (mitol.) \TU/CharisSIL(
0)/m/n/8 Nimfo di
 []


Underfull \hbox (badness 5578) in paragraph at lines 11875--11876
[]\TU/Inter(0)/b/n/8 ne-u-rono[]\TU/CharisSIL(0)/m/it/8 (histol.) \TU/CharisSIL
(0)/m/n/8 Ce-lulo ner-
 []


Package fancyhdr Warning: \headheight is too small (12.0pt): 
(fancyhdr)                Make it at least 16.54997pt, for example:
(fancyhdr)                \setlength{\headheight}{16.54997pt}.
(fancyhdr)                You might also make \topmargin smaller to compensate:

(fancyhdr)                \addtolength{\topmargin}{-4.54997pt}.

[271]
Underfull \hbox (badness 10000) in paragraph at lines 11913--11914
[]\TU/Inter(0)/b/n/8 ni-ke-lino[]\TU/CharisSIL(0)/m/it/8 (kemio) \TU/CharisSIL(
0)/m/n/8 Alo-yuro ek
 []


Underfull \hbox (badness 10000) in paragraph at lines 11917--11918
[]\TU/Inter(0)/b/n/8 ni-ko-tino[]\TU/CharisSIL(0)/m/it/8 (kemio) \TU/CharisSIL(
0)/m/n/8 Al-ka-lo-ido ve-
 []


Package fancyhdr Warning: \headheight is too small (12.0pt): 
(fancyhdr)                Make it at least 16.54997pt, for example:
(fancyhdr)                \setlength{\headheight}{16.54997pt}.
(fancyhdr)                You might also make \topmargin smaller to compensate:

(fancyhdr)                \addtolength{\topmargin}{-4.54997pt}.

[272]
Underfull \hbox (badness 10000) in paragraph at lines 11963--11964
[]\TU/Inter(0)/b/n/8 no-mado[] \TU/CharisSIL(0)/m/n/8 Qua ne ha-vas re-zi-
 []


Underfull \hbox (badness 10000) in paragraph at lines 11973--11974
[]\TU/Inter(0)/b/n/8 no-mi-na-tivo[]\TU/CharisSIL(0)/m/it/8 (gram.)\TU/Inter(0)
/b/n/7 1. \TU/CharisSIL(0)/m/n/8 Deklino-
 []


Underfull \hbox (badness 5388) in paragraph at lines 11983--11984
\TU/CharisSIL(0)/m/n/8 vi-vas la ko-che-nilo, va-ri-e-tato
 []


Package fancyhdr Warning: \headheight is too small (12.0pt): 
(fancyhdr)                Make it at least 16.54997pt, for example:
(fancyhdr)                \setlength{\headheight}{16.54997pt}.
(fancyhdr)                You might also make \topmargin smaller to compensate:

(fancyhdr)                \addtolength{\topmargin}{-4.54997pt}.

[273]
Underfull \hbox (badness 10000) in paragraph at lines 12005--12006
[]\TU/Inter(0)/b/n/8 nova[]\TU/Inter(0)/b/n/7 1. \TU/CharisSIL(0)/m/n/8 Qua apa-
ras une-sma-
 []


Underfull \hbox (badness 10000) in paragraph at lines 12007--12008
\TU/CharisSIL(0)/m/n/8 pagina) pri aven-turo in-te-re-
 []


Underfull \hbox (badness 10000) in paragraph at lines 12009--12010
[]\TU/Inter(0)/b/n/8 no-vem-bro[] \TU/CharisSIL(0)/m/n/8 La mo-nato dek-ed-
 []


Underfull \hbox (badness 10000) in paragraph at lines 12025--12026
[]\TU/Inter(0)/b/n/8 nudlo[]\TU/CharisSIL(0)/m/it/8 (koquarto) \TU/CharisSIL(0)
/m/n/8 Sin-gla de la
 []


Package fancyhdr Warning: \headheight is too small (12.0pt): 
(fancyhdr)                Make it at least 16.54997pt, for example:
(fancyhdr)                \setlength{\headheight}{16.54997pt}.
(fancyhdr)                You might also make \topmargin smaller to compensate:

(fancyhdr)                \addtolength{\topmargin}{-4.54997pt}.

[274]
Underfull \hbox (badness 10000) in paragraph at lines 12053--12054
[]\TU/Inter(0)/b/n/8 nun-cio[] \TU/CharisSIL(0)/m/n/8 Am-ba-sa-di-sto di la
 []


Package fancyhdr Warning: \headheight is too small (12.0pt): 
(fancyhdr)                Make it at least 16.54997pt, for example:
(fancyhdr)                \setlength{\headheight}{16.54997pt}.
(fancyhdr)                You might also make \topmargin smaller to compensate:

(fancyhdr)                \addtolength{\topmargin}{-4.54997pt}.

[275] [276

]
Underfull \hbox (badness 10000) in paragraph at lines 12070--12071
[]\TU/Inter(0)/b/n/8 obe-li-sko[] \TU/CharisSIL(0)/m/n/8 Mo-nu-mento (maxim-
 []


Underfull \hbox (badness 10000) in paragraph at lines 12070--12071
\TU/CharisSIL(0)/m/n/8 multa-kaze mo-no-lita) ta-liita
 []


Underfull \hbox (badness 10000) in paragraph at lines 12070--12071
\TU/CharisSIL(0)/m/n/8 forme di agulo qu-a-dran-
 []


Underfull \hbox (badness 10000) in paragraph at lines 12078--12079
\TU/CharisSIL(0)/m/n/8 ronde, uzata por si-glar ku-
 []


Underfull \hbox (badness 10000) in paragraph at lines 12102--12103
\TU/CharisSIL(0)/m/n/8 obskure-verda, te-naca, bele-
 []


Underfull \hbox (badness 10000) in paragraph at lines 12104--12105
[]\TU/Inter(0)/b/n/8 ob-skura[]\TU/Inter(0)/b/n/7 1. \TU/CharisSIL(0)/m/n/8 Qua esas sen-
 []


Package fancyhdr Warning: \headheight is too small (12.0pt): 
(fancyhdr)                Make it at least 16.54997pt, for example:
(fancyhdr)                \setlength{\headheight}{16.54997pt}.
(fancyhdr)                You might also make \topmargin smaller to compensate:

(fancyhdr)                \addtolength{\topmargin}{-4.54997pt}.

[277]
Underfull \hbox (badness 10000) in paragraph at lines 12114--12115
[]\TU/Inter(0)/b/n/8 ob-struk-tar[]\TU/CharisSIL(0)/m/it/8 (trans.)\TU/Inter(0)
/b/n/7 1. \TU/CharisSIL(0)/m/n/8 Em-ba-ra-
 []


Underfull \hbox (badness 5403) in paragraph at lines 12134--12135
[]\TU/Inter(0)/b/n/8 oci-lar[]\TU/CharisSIL(0)/m/it/8 (netrans.) \TU/CharisSIL(
0)/m/n/8 De-vi-a-car de
 []


Underfull \hbox (badness 6741) in paragraph at lines 12146--12147
[]\TU/Inter(0)/b/n/8 odiar[]\TU/CharisSIL(0)/m/it/8 (trans.)\TU/Inter(0)/b/n/7 
1. \TU/CharisSIL(0)/m/it/8 (ulu) \TU/CharisSIL(0)/m/n/8 Mal-vo-lar
 []


Underfull \hbox (badness 5050) in paragraph at lines 12146--12147
\TU/CharisSIL(0)/m/n/8 pro-funde\TU/Inter(0)/b/n/7 2. \TU/CharisSIL(0)/m/it/8 (u
lo) \TU/CharisSIL(0)/m/n/8 Re-pu-gne-sar
 []


Package fancyhdr Warning: \headheight is too small (12.0pt): 
(fancyhdr)                Make it at least 16.54997pt, for example:
(fancyhdr)                \setlength{\headheight}{16.54997pt}.
(fancyhdr)                You might also make \topmargin smaller to compensate:

(fancyhdr)                \addtolength{\topmargin}{-4.54997pt}.

[278]
Underfull \hbox (badness 10000) in paragraph at lines 12166--12167
[]\TU/Inter(0)/b/n/8 ofi-kle-ido[]\TU/CharisSIL(0)/m/it/8 (muziko) \TU/CharisSI
L(0)/m/n/8 Sufl-
 []


Underfull \hbox (badness 10000) in paragraph at lines 12186--12187
[]\TU/Inter(0)/b/n/8 oka-rino[]\TU/CharisSIL(0)/m/it/8 (muziko) \TU/CharisSIL(0
)/m/n/8 Muzik-
 []


Underfull \hbox (badness 10000) in paragraph at lines 12188--12189
[]\TU/Inter(0)/b/n/8 oka-zi-ono[]\TU/Inter(0)/b/n/7 1. \TU/CharisSIL(0)/m/n/8 Ci
r-kon-stanco qua
 []


Underfull \hbox (badness 10000) in paragraph at lines 12188--12189
\TU/CharisSIL(0)/m/n/8 even-tas opor-tune\TU/Inter(0)/b/n/7 2. \TU/CharisSIL(0)
/m/n/8 Cir-kon-
 []


Package fancyhdr Warning: \headheight is too small (12.0pt): 
(fancyhdr)                Make it at least 16.54997pt, for example:
(fancyhdr)                \setlength{\headheight}{16.54997pt}.
(fancyhdr)                You might also make \topmargin smaller to compensate:

(fancyhdr)                \addtolength{\topmargin}{-4.54997pt}.

[279]
Underfull \hbox (badness 10000) in paragraph at lines 12212--12213
\TU/CharisSIL(0)/m/it/8 astro) \TU/CharisSIL(0)/m/n/8 Ce-lar per in-ter-po-zar
 []


Underfull \hbox (badness 10000) in paragraph at lines 12214--12215
[]\TU/Inter(0)/b/n/8 oku-par[]\TU/CharisSIL(0)/m/it/8 (trans.)\TU/Inter(0)/b/n/
7 1. \TU/CharisSIL(0)/m/n/8 Po-se-de-skar
 []


Underfull \hbox (badness 5681) in paragraph at lines 12238--12239
[]\TU/Inter(0)/b/n/8 omento[]\TU/CharisSIL(0)/m/it/8 (kirurgio) \TU/CharisSIL(0
)/m/n/8 Granda ri-fal-
 []


Underfull \hbox (badness 10000) in paragraph at lines 12252--12253
[]\TU/Inter(0)/b/n/8 ona-gro[]\TU/Inter(0)/b/n/7 1. \TU/CharisSIL(0)/m/it/8 (zoo
l.) \TU/CharisSIL(0)/m/n/8 Asno so-
 []


Underfull \hbox (badness 10000) in paragraph at lines 12252--12253
\TU/CharisSIL(0)/m/n/8 vaja\TU/Inter(0)/b/n/7 2. \TU/CharisSIL(0)/m/it/8 (mi-li-
tarto) \TU/CharisSIL(0)/m/n/8 *Asiejo-
 []


Package fancyhdr Warning: \headheight is too small (12.0pt): 
(fancyhdr)                Make it at least 16.54997pt, for example:
(fancyhdr)                \setlength{\headheight}{16.54997pt}.
(fancyhdr)                You might also make \topmargin smaller to compensate:

(fancyhdr)                \addtolength{\topmargin}{-4.54997pt}.

[280]
Underfull \hbox (badness 10000) in paragraph at lines 12298--12299
[]\TU/Inter(0)/b/n/8 opi-ato[]\TU/Inter(0)/b/n/7 1. \TU/CharisSIL(0)/m/n/8 Elek-
tu-a-rio opi-u-
 []


Underfull \hbox (badness 10000) in paragraph at lines 12306--12307
[]\TU/Inter(0)/b/n/8 opo-del-doko[]\TU/CharisSIL(0)/m/it/8 (farmacio) \TU/Chari
sSIL(0)/m/n/8 Me-di-ka-
 []


Package fancyhdr Warning: \headheight is too small (12.0pt): 
(fancyhdr)                Make it at least 16.54997pt, for example:
(fancyhdr)                \setlength{\headheight}{16.54997pt}.
(fancyhdr)                You might also make \topmargin smaller to compensate:

(fancyhdr)                \addtolength{\topmargin}{-4.54997pt}.

[281]
Underfull \hbox (badness 10000) in paragraph at lines 12336--12337
\TU/CharisSIL(0)/m/n/8 qua iras, propra-move, ula
 []


Underfull \hbox (badness 10000) in paragraph at lines 12348--12349
[]\TU/Inter(0)/b/n/8 or-do-nanco[]\TU/CharisSIL(0)/m/it/8 (armeo)\TU/Inter(0)/b
/n/7 1. \TU/CharisSIL(0)/m/n/8 Ser-vi-sto
 []


Package fancyhdr Warning: \headheight is too small (12.0pt): 
(fancyhdr)                Make it at least 16.54997pt, for example:
(fancyhdr)                \setlength{\headheight}{16.54997pt}.
(fancyhdr)                You might also make \topmargin smaller to compensate:

(fancyhdr)                \addtolength{\topmargin}{-4.54997pt}.

[282]
Underfull \hbox (badness 7486) in paragraph at lines 12368--12369
\TU/CharisSIL(0)/m/n/8 de ele-menti, koor-di-nita tale
 []


Underfull \hbox (badness 10000) in paragraph at lines 12368--12369
\TU/CharisSIL(0)/m/n/8 ke exe-ku-te-sas fun-ci-ono spe-
 []


Underfull \hbox (badness 7981) in paragraph at lines 12374--12375
[]\TU/Inter(0)/b/n/8 or-gio[]\TU/Inter(0)/b/n/7 1. \TU/CharisSIL(0)/m/it/8 (en 
la epoki an-ti-qua)
 []


Underfull \hbox (badness 6876) in paragraph at lines 12384--12385
[]\TU/Inter(0)/b/n/8 ori-gino[]\TU/Inter(0)/b/n/7 1. \TU/CharisSIL(0)/m/n/8 Depa
rto-punto (loko,
 []


Package fancyhdr Warning: \headheight is too small (12.0pt): 
(fancyhdr)                Make it at least 16.54997pt, for example:
(fancyhdr)                \setlength{\headheight}{16.54997pt}.
(fancyhdr)                You might also make \topmargin smaller to compensate:

(fancyhdr)                \addtolength{\topmargin}{-4.54997pt}.

[283]
Underfull \hbox (badness 10000) in paragraph at lines 12410--12411
[]\TU/Inter(0)/b/n/8 oro-gra-fio[] \TU/CharisSIL(0)/m/n/8 De-skripto di la
 []


Package fancyhdr Warning: \headheight is too small (12.0pt): 
(fancyhdr)                Make it at least 16.54997pt, for example:
(fancyhdr)                \setlength{\headheight}{16.54997pt}.
(fancyhdr)                You might also make \topmargin smaller to compensate:

(fancyhdr)                \addtolength{\topmargin}{-4.54997pt}.

[284]

Package fancyhdr Warning: \headheight is too small (12.0pt): 
(fancyhdr)                Make it at least 16.54997pt, for example:
(fancyhdr)                \setlength{\headheight}{16.54997pt}.
(fancyhdr)                You might also make \topmargin smaller to compensate:

(fancyhdr)                \addtolength{\topmargin}{-4.54997pt}.

[285]
Underfull \hbox (badness 10000) in paragraph at lines 12504--12505
[]\TU/Inter(0)/b/n/8 oxi-dazo[]\TU/CharisSIL(0)/m/it/8 (kemio bi-o-lo-gi-ala) \
TU/CharisSIL(0)/m/n/8 Fer-
 []


Package fancyhdr Warning: \headheight is too small (12.0pt): 
(fancyhdr)                Make it at least 16.54997pt, for example:
(fancyhdr)                \setlength{\headheight}{16.54997pt}.
(fancyhdr)                You might also make \topmargin smaller to compensate:

(fancyhdr)                \addtolength{\topmargin}{-4.54997pt}.

[286]
Underfull \hbox (badness 10000) in paragraph at lines 12523--12524
[]\TU/Inter(0)/b/n/8 pa-car[]\TU/CharisSIL(0)/m/it/8 (netrans.)\TU/Inter(0)/b/n
/7 1. \TU/CharisSIL(0)/m/n/8 Ne mi-li-
 []


Underfull \hbox (badness 10000) in paragraph at lines 12529--12530
[]\TU/Inter(0)/b/n/8 pa-delo[] \TU/CharisSIL(0)/m/n/8 Im-ple-mento ko-qu-e-yala,

 []


Underfull \hbox (badness 10000) in paragraph at lines 12555--12556
\TU/CharisSIL(0)/m/n/8 in-ter-li-gita, en-vol-vita ad-
 []


Package fancyhdr Warning: \headheight is too small (12.0pt): 
(fancyhdr)                Make it at least 16.54997pt, for example:
(fancyhdr)                \setlength{\headheight}{16.54997pt}.
(fancyhdr)                You might also make \topmargin smaller to compensate:

(fancyhdr)                \addtolength{\topmargin}{-4.54997pt}.

[287

]
Underfull \hbox (badness 10000) in paragraph at lines 12585--12586
[]\TU/Inter(0)/b/n/8 pa-le-stro[]\TU/CharisSIL(0)/m/it/8 (en la epoki an-ti-qua)

 []


Underfull \hbox (badness 10000) in paragraph at lines 12589--12590
[]\TU/Inter(0)/b/n/8 pa-li-a-tar[]\TU/CharisSIL(0)/m/it/8 (trans.) \TU/CharisSI
L(0)/m/n/8 Min-gra-vi-gar
 []


Underfull \hbox (badness 10000) in paragraph at lines 12597--12598
[]\TU/Inter(0)/b/n/8 pa-li-sado[]\TU/Inter(0)/b/n/7 1. \TU/CharisSIL(0)/m/n/8 Kl
o-zilo ek planki,
 []


Package fancyhdr Warning: \headheight is too small (12.0pt): 
(fancyhdr)                Make it at least 16.54997pt, for example:
(fancyhdr)                \setlength{\headheight}{16.54997pt}.
(fancyhdr)                You might also make \topmargin smaller to compensate:

(fancyhdr)                \addtolength{\topmargin}{-4.54997pt}.

[288]

Package fancyhdr Warning: \headheight is too small (12.0pt): 
(fancyhdr)                Make it at least 16.54997pt, for example:
(fancyhdr)                \setlength{\headheight}{16.54997pt}.
(fancyhdr)                You might also make \topmargin smaller to compensate:

(fancyhdr)                \addtolength{\topmargin}{-4.54997pt}.

[289]
Underfull \hbox (badness 10000) in paragraph at lines 12717--12718
[]\TU/Inter(0)/b/n/8 pa-ra-dar[]\TU/CharisSIL(0)/m/it/8 (netrans.) (alu-dante
 []


Underfull \hbox (badness 5817) in paragraph at lines 12717--12718
\TU/CharisSIL(0)/m/it/8 armeo-trupi) \TU/CharisSIL(0)/m/n/8 De-fi-lar lor re-vu-

 []


Package fancyhdr Warning: \headheight is too small (12.0pt): 
(fancyhdr)                Make it at least 16.54997pt, for example:
(fancyhdr)                \setlength{\headheight}{16.54997pt}.
(fancyhdr)                You might also make \topmargin smaller to compensate:

(fancyhdr)                \addtolength{\topmargin}{-4.54997pt}.

[290]
Underfull \hbox (badness 7362) in paragraph at lines 12731--12732
[]\TU/Inter(0)/b/n/8 pa-ra-grafo[] \TU/CharisSIL(0)/m/n/8 Seg-mento di cha-pi-
 []


Underfull \hbox (badness 10000) in paragraph at lines 12743--12744
[]\TU/Inter(0)/b/n/8 pa-ra-lo-gi-smo[] \TU/CharisSIL(0)/m/n/8 Re-zono ne-ko-
 []


Underfull \hbox (badness 10000) in paragraph at lines 12763--12764
[]\TU/Inter(0)/b/n/8 pa-rear[]\TU/CharisSIL(0)/m/it/8 (trans.) \TU/CharisSIL(0)
/m/n/8 Evi-tar atin-
 []


Package fancyhdr Warning: \headheight is too small (12.0pt): 
(fancyhdr)                Make it at least 16.54997pt, for example:
(fancyhdr)                \setlength{\headheight}{16.54997pt}.
(fancyhdr)                You might also make \topmargin smaller to compensate:

(fancyhdr)                \addtolength{\topmargin}{-4.54997pt}.

[291]
Underfull \hbox (badness 7433) in paragraph at lines 12789--12790
[]\TU/Inter(0)/b/n/8 paro[]\TU/Inter(0)/b/n/7 1. \TU/CharisSIL(0)/m/n/8 Duo de 
kozi od ani-
 []


Underfull \hbox (badness 6995) in paragraph at lines 12791--12792
[]\TU/Inter(0)/b/n/8 pa-ro-diar[]\TU/CharisSIL(0)/m/it/8 (trans.) \TU/CharisSIL
(0)/m/n/8 Imi-tar, de-
 []


Underfull \hbox (badness 10000) in paragraph at lines 12795--12796
\TU/CharisSIL(0)/m/n/8 artikulo-linguo\TU/Inter(0)/b/n/7 2. \TU/CharisSIL(0)/m/
n/8 Ex-pre-sar
 []


Underfull \hbox (badness 10000) in paragraph at lines 12795--12796
\TU/CharisSIL(0)/m/n/8 sua penso per la artikulo-
 []


Underfull \hbox (badness 6188) in paragraph at lines 12815--12816
\TU/CharisSIL(0)/m/it/8 a-tro) \TU/CharisSIL(0)/m/n/8 Ta parto di spektaklo-
 []


Package fancyhdr Warning: \headheight is too small (12.0pt): 
(fancyhdr)                Make it at least 16.54997pt, for example:
(fancyhdr)                \setlength{\headheight}{16.54997pt}.
(fancyhdr)                You might also make \topmargin smaller to compensate:

(fancyhdr)                \addtolength{\topmargin}{-4.54997pt}.

[292]
Underfull \hbox (badness 10000) in paragraph at lines 12823--12824
[]\TU/Inter(0)/b/n/8 par-ti-kulo[]\TU/Inter(0)/b/n/7 1. \TU/CharisSIL(0)/m/n/8 
Parto mi-krega di
 []


Underfull \hbox (badness 6741) in paragraph at lines 12853--12854
\TU/CharisSIL(0)/m/n/8 pe-tu-oza, di la psiko ad to
 []


Package fancyhdr Warning: \headheight is too small (12.0pt): 
(fancyhdr)                Make it at least 16.54997pt, for example:
(fancyhdr)                \setlength{\headheight}{16.54997pt}.
(fancyhdr)                You might also make \topmargin smaller to compensate:

(fancyhdr)                \addtolength{\topmargin}{-4.54997pt}.

[293]
Underfull \hbox (badness 10000) in paragraph at lines 12869--12870
[]\TU/Inter(0)/b/n/8 pa-steto[] \TU/CharisSIL(0)/m/n/8 Ku-kajo qua kon-te-nas
 []


Underfull \hbox (badness 6396) in paragraph at lines 12875--12876
\TU/CharisSIL(0)/m/n/8 di qua la radiko-bulbo esas
 []


Underfull \hbox (badness 10000) in paragraph at lines 12875--12876
\TU/CharisSIL(0)/m/n/8 su-kroza ed odo-roza\TU/CharisSIL(0)/m/it/8 L. pa-sti-
 []


Underfull \hbox (badness 10000) in paragraph at lines 12879--12880
[]\TU/Inter(0)/b/n/8 pa-storo[]\TU/Inter(0)/b/n/7 1. \TU/CharisSIL(0)/m/it/8 (ol
im) \TU/CharisSIL(0)/m/n/8 La per-sono
 []


Underfull \hbox (badness 5667) in paragraph at lines 12879--12880
\TU/CharisSIL(0)/m/n/8 qua edu-kas e gar-das be-sti-o-
 []


Package fancyhdr Warning: \headheight is too small (12.0pt): 
(fancyhdr)                Make it at least 16.54997pt, for example:
(fancyhdr)                \setlength{\headheight}{16.54997pt}.
(fancyhdr)                You might also make \topmargin smaller to compensate:

(fancyhdr)                \addtolength{\topmargin}{-4.54997pt}.

[294]
Underfull \hbox (badness 10000) in paragraph at lines 12911--12912
[]\TU/Inter(0)/b/n/8 pa-tri-arko[]\TU/Inter(0)/b/n/7 1. \TU/CharisSIL(0)/m/it/8
 (bi-blo) \TU/CharisSIL(0)/m/n/8 Familio-
 []


Underfull \hbox (badness 10000) in paragraph at lines 12919--12920
[]\TU/Inter(0)/b/n/8 pa-tri-ota[] \TU/CharisSIL(0)/m/n/8 De-vota por sua pa-
 []


Underfull \hbox (badness 5862) in paragraph at lines 12929--12930
[]\TU/Inter(0)/b/n/8 pa-trono[]\TU/Inter(0)/b/n/7 1. \TU/CharisSIL(0)/m/it/8 (en
 Roma, dum la
 []


Underfull \hbox (badness 10000) in paragraph at lines 12937--12938
[]\TU/Inter(0)/b/n/8 pa-vi-li-ono[]\TU/Inter(0)/b/n/7 1. \TU/CharisSIL(0)/m/n/8
 Edi-fico qua su-
 []


Underfull \hbox (badness 10000) in paragraph at lines 12937--12938
\TU/CharisSIL(0)/m/n/8 per-sta-cas la kon-struk-turi ce-
 []


Package fancyhdr Warning: \headheight is too small (12.0pt): 
(fancyhdr)                Make it at least 16.54997pt, for example:
(fancyhdr)                \setlength{\headheight}{16.54997pt}.
(fancyhdr)                You might also make \topmargin smaller to compensate:

(fancyhdr)                \addtolength{\topmargin}{-4.54997pt}.

[295]
Underfull \hbox (badness 10000) in paragraph at lines 12981--12982
\TU/CharisSIL(0)/m/n/8 senco des-fa-vo-roza, de-spri-zi-
 []


Package fancyhdr Warning: \headheight is too small (12.0pt): 
(fancyhdr)                Make it at least 16.54997pt, for example:
(fancyhdr)                \setlength{\headheight}{16.54997pt}.
(fancyhdr)                You might also make \topmargin smaller to compensate:

(fancyhdr)                \addtolength{\topmargin}{-4.54997pt}.

[296]
Underfull \hbox (badness 6461) in paragraph at lines 13039--13040
[]\TU/Inter(0)/b/n/8 pe-ne-trar[]\TU/Inter(0)/b/n/7 1. \TU/CharisSIL(0)/m/it/8 
(ne-trans.) \TU/CharisSIL(0)/m/n/8 Eni-rar
 []


Underfull \hbox (badness 10000) in paragraph at lines 13045--13046
[]\TU/Inter(0)/b/n/8 pe-ni-ten-car[]\TU/CharisSIL(0)/m/it/8 (netrans.) (re-li-
 []


Underfull \hbox (badness 10000) in paragraph at lines 13049--13050
[]\TU/Inter(0)/b/n/8 pen-si-o-nar[]\TU/CharisSIL(0)/m/it/8 (trans.) \TU/CharisS
IL(0)/m/n/8 Pa-gar
 []


Underfull \hbox (badness 10000) in paragraph at lines 13049--13050
\TU/CharisSIL(0)/m/n/8 sen-intermanke, sive a stat-
 []


Package fancyhdr Warning: \headheight is too small (12.0pt): 
(fancyhdr)                Make it at least 16.54997pt, for example:
(fancyhdr)                \setlength{\headheight}{16.54997pt}.
(fancyhdr)                You might also make \topmargin smaller to compensate:

(fancyhdr)                \addtolength{\topmargin}{-4.54997pt}.

[297]
Underfull \hbox (badness 10000) in paragraph at lines 13059--13060
[]\TU/Inter(0)/b/n/8 pen-ta-me-tro[] \TU/CharisSIL(0)/m/n/8 Verso de kin
 []


Underfull \hbox (badness 10000) in paragraph at lines 13061--13062
[]\TU/Inter(0)/b/n/8 pen-tatlo[]\TU/CharisSIL(0)/m/it/8 (en la epoki an-ti-qua)
 []


Underfull \hbox (badness 10000) in paragraph at lines 13075--13076
\TU/CharisSIL(0)/m/n/8 pre-nar, la do-na-taji de la
 []


Package fancyhdr Warning: \headheight is too small (12.0pt): 
(fancyhdr)                Make it at least 16.54997pt, for example:
(fancyhdr)                \setlength{\headheight}{16.54997pt}.
(fancyhdr)                You might also make \topmargin smaller to compensate:

(fancyhdr)                \addtolength{\topmargin}{-4.54997pt}.

[298]
Underfull \hbox (badness 10000) in paragraph at lines 13131--13132
[]\TU/Inter(0)/b/n/8 per-ju-rar[]\TU/CharisSIL(0)/m/it/8 (netrans.)\TU/Inter(0)
/b/n/7 1. \TU/CharisSIL(0)/m/n/8 Agar
 []


Underfull \hbox (badness 10000) in paragraph at lines 13133--13134
[]\TU/Inter(0)/b/n/8 per-ka-lino[] \TU/CharisSIL(0)/m/n/8 Per-kalo tin-tita e
 []


Underfull \hbox (badness 10000) in paragraph at lines 13153--13154
\TU/CharisSIL(0)/m/n/8 bro di la judicio-korto re-
 []


Package fancyhdr Warning: \headheight is too small (12.0pt): 
(fancyhdr)                Make it at least 16.54997pt, for example:
(fancyhdr)                \setlength{\headheight}{16.54997pt}.
(fancyhdr)                You might also make \topmargin smaller to compensate:

(fancyhdr)                \addtolength{\topmargin}{-4.54997pt}.

[299]
Underfull \hbox (badness 10000) in paragraph at lines 13191--13192
[]\TU/Inter(0)/b/n/8 per-su-a-dar[]\TU/CharisSIL(0)/m/it/8 (trans.) (ulu,
 []


Underfull \hbox (badness 6032) in paragraph at lines 13193--13194
[]\TU/Inter(0)/b/n/8 per-tur-bar[]\TU/CharisSIL(0)/m/it/8 (trans.)\TU/Inter(0)/
b/n/7 1. \TU/CharisSIL(0)/m/n/8 De-sor-di-nar
 []


Underfull \hbox (badness 8038) in paragraph at lines 13199--13200
[]\TU/Inter(0)/b/n/8 per-versa[] \TU/CharisSIL(0)/m/n/8 Qua ha-vas ten-denci
 []


Underfull \hbox (badness 10000) in paragraph at lines 13199--13200
\TU/CharisSIL(0)/m/n/8 o gu-sto ne-normala, kontre-
 []


Underfull \hbox (badness 10000) in paragraph at lines 13213--13214
[]\TU/Inter(0)/b/n/8 pe-tardo[]\TU/Inter(0)/b/n/7 1. \TU/CharisSIL(0)/m/n/8 Ex-p
lo-zivo por de-
 []


Package fancyhdr Warning: \headheight is too small (12.0pt): 
(fancyhdr)                Make it at least 16.54997pt, for example:
(fancyhdr)                \setlength{\headheight}{16.54997pt}.
(fancyhdr)                You might also make \topmargin smaller to compensate:

(fancyhdr)                \addtolength{\topmargin}{-4.54997pt}.

[300]
Underfull \hbox (badness 10000) in paragraph at lines 13231--13232
\TU/CharisSIL(0)/m/n/8 uzata pre-ci-pue kom kon-di-
 []


Underfull \hbox (badness 10000) in paragraph at lines 13233--13234
\TU/CharisSIL(0)/m/n/8 vi-va-ceso per agito bru-i-soza;
 []


Underfull \hbox (badness 10000) in paragraph at lines 13235--13236
[]\TU/Inter(0)/b/n/8 pe-tu-nio[]\TU/CharisSIL(0)/m/it/8 (bot.) \TU/CharisSIL(0)
/m/n/8 Or-na-men-tala
 []


Package fancyhdr Warning: \headheight is too small (12.0pt): 
(fancyhdr)                Make it at least 16.54997pt, for example:
(fancyhdr)                \setlength{\headheight}{16.54997pt}.
(fancyhdr)                You might also make \topmargin smaller to compensate:

(fancyhdr)                \addtolength{\topmargin}{-4.54997pt}.

[301]

Package fancyhdr Warning: \headheight is too small (12.0pt): 
(fancyhdr)                Make it at least 16.54997pt, for example:
(fancyhdr)                \setlength{\headheight}{16.54997pt}.
(fancyhdr)                You might also make \topmargin smaller to compensate:

(fancyhdr)                \addtolength{\topmargin}{-4.54997pt}.

[302]
Underfull \hbox (badness 10000) in paragraph at lines 13307--13308
[]\TU/Inter(0)/b/n/8 pi-na-klo[]\TU/CharisSIL(0)/m/it/8 (arkitekt.) \TU/CharisS
IL(0)/m/n/8 Tekto-
 []


Package fancyhdr Warning: \headheight is too small (12.0pt): 
(fancyhdr)                Make it at least 16.54997pt, for example:
(fancyhdr)                \setlength{\headheight}{16.54997pt}.
(fancyhdr)                You might also make \topmargin smaller to compensate:

(fancyhdr)                \addtolength{\topmargin}{-4.54997pt}.

[303]
Underfull \hbox (badness 10000) in paragraph at lines 13357--13358
[]\TU/Inter(0)/b/n/8 pi-riko[]\TU/CharisSIL(0)/m/it/8 (prozodio an-ti-qua) \TU/
CharisSIL(0)/m/n/8 Pedo
 []


Package fancyhdr Warning: \headheight is too small (12.0pt): 
(fancyhdr)                Make it at least 16.54997pt, for example:
(fancyhdr)                \setlength{\headheight}{16.54997pt}.
(fancyhdr)                You might also make \topmargin smaller to compensate:

(fancyhdr)                \addtolength{\topmargin}{-4.54997pt}.

[304]
Underfull \hbox (badness 5519) in paragraph at lines 13405--13406
[]\TU/Inter(0)/b/n/8 pi-voto[]\TU/CharisSIL(0)/m/it/8 (mekan.)\TU/Inter(0)/b/n/
7 1. \TU/CharisSIL(0)/m/n/8 Su-por-tilo di
 []


Underfull \hbox (badness 10000) in paragraph at lines 13405--13406
\TU/CharisSIL(0)/m/n/8 la axo cir-kum qua ro-ta-cas
 []


Package fancyhdr Warning: \headheight is too small (12.0pt): 
(fancyhdr)                Make it at least 16.54997pt, for example:
(fancyhdr)                \setlength{\headheight}{16.54997pt}.
(fancyhdr)                You might also make \topmargin smaller to compensate:

(fancyhdr)                \addtolength{\topmargin}{-4.54997pt}.

[305]
Underfull \hbox (badness 10000) in paragraph at lines 13429--13430
[]\TU/Inter(0)/b/n/8 pla-ni-me-trio[] \TU/CharisSIL(0)/m/n/8 Parto di ge-o-me-
 []


Underfull \hbox (badness 10000) in paragraph at lines 13455--13456
[]\TU/Inter(0)/b/n/8 pla-smo-dio[]\TU/CharisSIL(0)/m/it/8 (parazitologio) \TU/C
harisSIL(0)/m/n/8 Pa-ra-
 []


Underfull \hbox (badness 7888) in paragraph at lines 13457--13458
[]\TU/Inter(0)/b/n/8 pla-smo-lizo[]\TU/CharisSIL(0)/m/it/8 (biol.) \TU/CharisSI
L(0)/m/n/8 Fe-no-meno
 []


Underfull \hbox (badness 10000) in paragraph at lines 13459--13460
[]\TU/Inter(0)/b/n/8 pla-smo-somo[]\TU/CharisSIL(0)/m/it/8 (histologio) \TU/Cha
risSIL(0)/m/n/8 Nu-kle-
 []


Underfull \hbox (badness 5592) in paragraph at lines 13465--13466
[]\TU/Inter(0)/b/n/8 pla-stido[]\TU/CharisSIL(0)/m/it/8 (biol.) \TU/CharisSIL(0
)/m/n/8 En-sem-blo ek
 []


Underfull \hbox (badness 10000) in paragraph at lines 13465--13466
\TU/CharisSIL(0)/m/n/8 la ek-sekrecaji, la envelopo-
 []


Package fancyhdr Warning: \headheight is too small (12.0pt): 
(fancyhdr)                Make it at least 16.54997pt, for example:
(fancyhdr)                \setlength{\headheight}{16.54997pt}.
(fancyhdr)                You might also make \topmargin smaller to compensate:

(fancyhdr)                \addtolength{\topmargin}{-4.54997pt}.

[306]
Underfull \hbox (badness 10000) in paragraph at lines 13483--13484
[]\TU/Inter(0)/b/n/8 plat-formo[]\TU/Inter(0)/b/n/7 1. \TU/CharisSIL(0)/m/n/8 Ko
-vrilo ho-ri-zon-
 []


Underfull \hbox (badness 10000) in paragraph at lines 13483--13484
\TU/CharisSIL(0)/m/n/8 tala di domo sen tekto-
 []


Underfull \hbox (badness 10000) in paragraph at lines 13497--13498
\TU/CharisSIL(0)/m/n/8 pro-ce-sala) ko-ram la ju-di-cii-
 []


Underfull \hbox (badness 10000) in paragraph at lines 13501--13502
[]\TU/Inter(0)/b/n/8 plek-tro[]\TU/CharisSIL(0)/m/it/8 (epoki an-ti-qua) \TU/Ch
arisSIL(0)/m/n/8 Mi-kra
 []


Package fancyhdr Warning: \headheight is too small (12.0pt): 
(fancyhdr)                Make it at least 16.54997pt, for example:
(fancyhdr)                \setlength{\headheight}{16.54997pt}.
(fancyhdr)                You might also make \topmargin smaller to compensate:

(fancyhdr)                \addtolength{\topmargin}{-4.54997pt}.

[307]
Underfull \hbox (badness 6493) in paragraph at lines 13519--13520
[]\TU/Inter(0)/b/n/8 ple-u-ro-nekto[]\TU/CharisSIL(0)/m/it/8 (zool.) \TU/Charis
SIL(0)/m/n/8 Mar-fi-sho
 []


Underfull \hbox (badness 10000) in paragraph at lines 13537--13538
[]\TU/Inter(0)/b/n/8 plinto[]\TU/CharisSIL(0)/m/it/8 (arkitekt.)\TU/Inter(0)/b/
n/7 1. \TU/CharisSIL(0)/m/n/8 Ta-bulo qu-
 []


Underfull \hbox (badness 10000) in paragraph at lines 13537--13538
\TU/CharisSIL(0)/m/n/8 a-drata qua for-ma-cas so-
 []


Underfull \hbox (badness 5260) in paragraph at lines 13543--13544
\TU/CharisSIL(0)/m/n/8 de-man-dar po-lite ad ulu, ke
 []


Package fancyhdr Warning: \headheight is too small (12.0pt): 
(fancyhdr)                Make it at least 16.54997pt, for example:
(fancyhdr)                \setlength{\headheight}{16.54997pt}.
(fancyhdr)                You might also make \topmargin smaller to compensate:

(fancyhdr)                \addtolength{\topmargin}{-4.54997pt}.

[308]
Underfull \hbox (badness 10000) in paragraph at lines 13563--13564
[]\TU/Inter(0)/b/n/8 plus[]\TU/Inter(0)/b/n/7 1. \TU/CharisSIL(0)/m/n/8 Ul-tre 
to; ad-jun-tenda
 []


Underfull \hbox (badness 10000) in paragraph at lines 13567--13568
[]\TU/Inter(0)/b/n/8 plus-qu-am-per-fekto[]\TU/CharisSIL(0)/m/it/8 (gram.)
 []


Underfull \hbox (badness 6157) in paragraph at lines 13569--13570
[]\TU/Inter(0)/b/n/8 plu-to-kra-tio[] \TU/CharisSIL(0)/m/n/8 Gu-verno da la ri-
 []


Underfull \hbox (badness 10000) in paragraph at lines 13589--13590
[]\TU/Inter(0)/b/n/8 po-emo[] \TU/CharisSIL(0)/m/n/8 Ver-saro pa-sa-ble
 []


Package fancyhdr Warning: \headheight is too small (12.0pt): 
(fancyhdr)                Make it at least 16.54997pt, for example:
(fancyhdr)                \setlength{\headheight}{16.54997pt}.
(fancyhdr)                You might also make \topmargin smaller to compensate:

(fancyhdr)                \addtolength{\topmargin}{-4.54997pt}.

[309]
Underfull \hbox (badness 10000) in paragraph at lines 13629--13630
[]\TU/Inter(0)/b/n/8 po-li-kroma[] \TU/CharisSIL(0)/m/n/8 Qua esas plura-
 []


Underfull \hbox (badness 6708) in paragraph at lines 13639--13640
\TU/CharisSIL(0)/m/n/8 la kapo ha-vas pe-ri-fe-rie pal-
 []


Underfull \hbox (badness 10000) in paragraph at lines 13655--13656
[]\TU/Inter(0)/b/n/8 po-li-tiko[]\TU/Inter(0)/b/n/7 1. \TU/CharisSIL(0)/m/n/8 La
 arto gu-ver-nar
 []


Underfull \hbox (badness 10000) in paragraph at lines 13655--13656
\TU/CharisSIL(0)/m/n/8 stato\TU/Inter(0)/b/n/7 2. \TU/CharisSIL(0)/m/n/8 La ma-n
i-ero di gu-
 []


Package fancyhdr Warning: \headheight is too small (12.0pt): 
(fancyhdr)                Make it at least 16.54997pt, for example:
(fancyhdr)                \setlength{\headheight}{16.54997pt}.
(fancyhdr)                You might also make \topmargin smaller to compensate:

(fancyhdr)                \addtolength{\topmargin}{-4.54997pt}.

[310]
Underfull \hbox (badness 5431) in paragraph at lines 13689--13690
\TU/CharisSIL(0)/m/n/8 zega, quan onu vi-di-gas pro
 []


Underfull \hbox (badness 10000) in paragraph at lines 13703--13704
[]\TU/Inter(0)/b/n/8 pon-ti-fiko[]\TU/Inter(0)/b/n/7 1. \TU/CharisSIL(0)/m/n/8 
Pa-storo di re-li-
 []


Underfull \hbox (badness 5008) in paragraph at lines 13703--13704
\TU/CharisSIL(0)/m/n/8 gio\TU/Inter(0)/b/n/7 2. \TU/CharisSIL(0)/m/n/8 Che la ka
-to-liki :- epi-
 []


Package fancyhdr Warning: \headheight is too small (12.0pt): 
(fancyhdr)                Make it at least 16.54997pt, for example:
(fancyhdr)                \setlength{\headheight}{16.54997pt}.
(fancyhdr)                You might also make \topmargin smaller to compensate:

(fancyhdr)                \addtolength{\topmargin}{-4.54997pt}.

[311]
Underfull \hbox (badness 6625) in paragraph at lines 13719--13720
[]\TU/Inter(0)/b/n/8 po-pu-lara[]\TU/Inter(0)/b/n/7 1. \TU/CharisSIL(0)/m/n/8 Qu
a esas kom-pre-
 []


Package fancyhdr Warning: \headheight is too small (12.0pt): 
(fancyhdr)                Make it at least 16.54997pt, for example:
(fancyhdr)                \setlength{\headheight}{16.54997pt}.
(fancyhdr)                You might also make \topmargin smaller to compensate:

(fancyhdr)                \addtolength{\topmargin}{-4.54997pt}.

[312]
Underfull \hbox (badness 6364) in paragraph at lines 13777--13778
\TU/CharisSIL(0)/m/n/8 ko-mu-ni-kar kun la parto ex-
 []


Underfull \hbox (badness 10000) in paragraph at lines 13793--13794
[]\TU/Inter(0)/b/n/8 po-stu-rar[]\TU/CharisSIL(0)/m/it/8 (netrans.)\TU/Inter(0)
/b/n/7 1. \TU/CharisSIL(0)/m/it/8 (alu-dante
 []


Package fancyhdr Warning: \headheight is too small (12.0pt): 
(fancyhdr)                Make it at least 16.54997pt, for example:
(fancyhdr)                \setlength{\headheight}{16.54997pt}.
(fancyhdr)                You might also make \topmargin smaller to compensate:

(fancyhdr)                \addtolength{\topmargin}{-4.54997pt}.

[313]
Underfull \hbox (badness 10000) in paragraph at lines 13803--13804
\TU/CharisSIL(0)/m/n/8 po-vas im-po-zar sua au-to-ri-
 []


Underfull \hbox (badness 10000) in paragraph at lines 13835--13836
[]\TU/Inter(0)/b/n/8 pre-ce-dar[]\TU/CharisSIL(0)/m/it/8 (trans.) \TU/CharisSIL
(0)/m/n/8 Prak-ti-kar
 []


Package fancyhdr Warning: \headheight is too small (12.0pt): 
(fancyhdr)                Make it at least 16.54997pt, for example:
(fancyhdr)                \setlength{\headheight}{16.54997pt}.
(fancyhdr)                You might also make \topmargin smaller to compensate:

(fancyhdr)                \addtolength{\topmargin}{-4.54997pt}.

[314]
Underfull \hbox (badness 10000) in paragraph at lines 13845--13846
[]\TU/Inter(0)/b/n/8 pre-ci-piso[]\TU/Inter(0)/b/n/7 1. \TU/CharisSIL(0)/m/n/8 
Pento tre
 []


Underfull \hbox (badness 10000) in paragraph at lines 13849--13850
[]\TU/Inter(0)/b/n/8 pre-ci-pua[]\TU/Inter(0)/b/n/7 1. \TU/CharisSIL(0)/m/n/8 La
 ma-xim im-por-
 []


Underfull \hbox (badness 10000) in paragraph at lines 13851--13852
\TU/CharisSIL(0)/m/n/8 in-klu-zita, li-mi-ti-zita, de-ter-mi-
 []


Underfull \hbox (badness 10000) in paragraph at lines 13869--13870
[]\TU/Inter(0)/b/n/8 pre-gar[]\TU/CharisSIL(0)/m/it/8 (trans., ulu, pri o
 []


Underfull \hbox (badness 10000) in paragraph at lines 13873--13874
[]\TU/Inter(0)/b/n/8 pre-kara[]\TU/CharisSIL(0)/m/it/8 (yorocienco) \TU/CharisS
IL(0)/m/n/8 Gran-tita
 []


Package fancyhdr Warning: \headheight is too small (12.0pt): 
(fancyhdr)                Make it at least 16.54997pt, for example:
(fancyhdr)                \setlength{\headheight}{16.54997pt}.
(fancyhdr)                You might also make \topmargin smaller to compensate:

(fancyhdr)                \addtolength{\topmargin}{-4.54997pt}.

[315]
Underfull \hbox (badness 10000) in paragraph at lines 13891--13892
[]\TU/Inter(0)/b/n/8 pre-nar[]\TU/CharisSIL(0)/m/it/8 (trans., de, ek) \TU/Char
isSIL(0)/m/n/8 En-
 []


Underfull \hbox (badness 10000) in paragraph at lines 13895--13896
[]\TU/Inter(0)/b/n/8 pre-pon-de-rar[]\TU/CharisSIL(0)/m/it/8 (netrans., pri, en,

 []


Underfull \hbox (badness 10000) in paragraph at lines 13897--13898
[]\TU/Inter(0)/b/n/8 pre-po-zi-ci-ono[]\TU/CharisSIL(0)/m/it/8 (gram.) \TU/Char
isSIL(0)/m/n/8 Vorto-
 []


Underfull \hbox (badness 6252) in paragraph at lines 13901--13902
[]\TU/Inter(0)/b/n/8 pre-ro-ga-tivo[] \TU/CharisSIL(0)/m/n/8 Yuro atri-bu-ita ad

 []


Underfull \hbox (badness 7186) in paragraph at lines 13937--13938
\TU/CharisSIL(0)/m/n/8 la kazi kri-mi-nala en la ar-
 []


Package fancyhdr Warning: \headheight is too small (12.0pt): 
(fancyhdr)                Make it at least 16.54997pt, for example:
(fancyhdr)                \setlength{\headheight}{16.54997pt}.
(fancyhdr)                You might also make \topmargin smaller to compensate:

(fancyhdr)                \addtolength{\topmargin}{-4.54997pt}.

[316]
Underfull \hbox (badness 10000) in paragraph at lines 13951--13952
[]\TU/Inter(0)/b/n/8 pri-ma-dono[] \TU/CharisSIL(0)/m/n/8 Kan-ti-stino fa-moza,
 []


Underfull \hbox (badness 6592) in paragraph at lines 13995--13996
\TU/CharisSIL(0)/m/n/8 ve-bla. (onu pri-zen-tas pro-
 []


Package fancyhdr Warning: \headheight is too small (12.0pt): 
(fancyhdr)                Make it at least 16.54997pt, for example:
(fancyhdr)                \setlength{\headheight}{16.54997pt}.
(fancyhdr)                You might also make \topmargin smaller to compensate:

(fancyhdr)                \addtolength{\topmargin}{-4.54997pt}.

[317]
Underfull \hbox (badness 10000) in paragraph at lines 14029--14030
[]\TU/Inter(0)/b/n/8 pro-fe-si-ono[] \TU/CharisSIL(0)/m/n/8 Sorto di agado
 []


Package fancyhdr Warning: \headheight is too small (12.0pt): 
(fancyhdr)                Make it at least 16.54997pt, for example:
(fancyhdr)                \setlength{\headheight}{16.54997pt}.
(fancyhdr)                You might also make \topmargin smaller to compensate:

(fancyhdr)                \addtolength{\topmargin}{-4.54997pt}.

[318]
Underfull \hbox (badness 10000) in paragraph at lines 14073--14074
[]\TU/Inter(0)/b/n/8 pro-le-pso[]\TU/CharisSIL(0)/m/it/8 (retoriko) \TU/CharisS
IL(0)/m/n/8 Fi-guro qua
 []


Package fancyhdr Warning: \headheight is too small (12.0pt): 
(fancyhdr)                Make it at least 16.54997pt, for example:
(fancyhdr)                \setlength{\headheight}{16.54997pt}.
(fancyhdr)                You might also make \topmargin smaller to compensate:

(fancyhdr)                \addtolength{\topmargin}{-4.54997pt}.

[319]
Underfull \hbox (badness 10000) in paragraph at lines 14125--14126
[]\TU/Inter(0)/b/n/8 pro-ro-gar[]\TU/Inter(0)/b/n/7 1. \TU/CharisSIL(0)/m/it/8 
(yu-ro-ci-enco) \TU/CharisSIL(0)/m/n/8 Ajor-
 []


Underfull \hbox (badness 10000) in paragraph at lines 14125--14126
\TU/CharisSIL(0)/m/n/8 fora\TU/Inter(0)/b/n/7 2. \TU/CharisSIL(0)/m/it/8 (alu-da
nte asem-bli-taro)
 []


Package fancyhdr Warning: \headheight is too small (12.0pt): 
(fancyhdr)                Make it at least 16.54997pt, for example:
(fancyhdr)                \setlength{\headheight}{16.54997pt}.
(fancyhdr)                You might also make \topmargin smaller to compensate:

(fancyhdr)                \addtolength{\topmargin}{-4.54997pt}.

[320]
Underfull \hbox (badness 10000) in paragraph at lines 14147--14148
[]\TU/Inter(0)/b/n/8 pro-sti-tu-car[]\TU/CharisSIL(0)/m/it/8 (trans.)\TU/Inter(
0)/b/n/7 1. \TU/CharisSIL(0)/m/it/8 (alu-dante
 []


Underfull \hbox (badness 5403) in paragraph at lines 14165--14166
[]\TU/Inter(0)/b/n/8 pro-tek-to-rato[]\TU/CharisSIL(0)/m/it/8 (politiko) \TU/Ch
arisSIL(0)/m/n/8 De-pendo
 []


Package fancyhdr Warning: \headheight is too small (12.0pt): 
(fancyhdr)                Make it at least 16.54997pt, for example:
(fancyhdr)                \setlength{\headheight}{16.54997pt}.
(fancyhdr)                You might also make \topmargin smaller to compensate:

(fancyhdr)                \addtolength{\topmargin}{-4.54997pt}.

[321]
Underfull \hbox (badness 5490) in paragraph at lines 14189--14190
\TU/CharisSIL(0)/m/n/8 jeso prak-ti-kala, uzata da la
 []


Underfull \hbox (badness 6284) in paragraph at lines 14199--14200
[]\TU/Inter(0)/b/n/8 pro-vo-kar[]\TU/CharisSIL(0)/m/it/8 (trans., ad) \TU/Chari
sSIL(0)/m/n/8 Eci-tar a
 []


Package fancyhdr Warning: \headheight is too small (12.0pt): 
(fancyhdr)                Make it at least 16.54997pt, for example:
(fancyhdr)                \setlength{\headheight}{16.54997pt}.
(fancyhdr)                You might also make \topmargin smaller to compensate:

(fancyhdr)                \addtolength{\topmargin}{-4.54997pt}.

[322]
Underfull \hbox (badness 7256) in paragraph at lines 14229--14230
[]\TU/Inter(0)/b/n/8 pru-var[]\TU/CharisSIL(0)/m/it/8 (trans.) \TU/CharisSIL(0)
/m/n/8 Vi-di-gar kom
 []


Underfull \hbox (badness 10000) in paragraph at lines 14229--14230
\TU/CharisSIL(0)/m/n/8 exakta, per re-zono o per
 []


Underfull \hbox (badness 10000) in paragraph at lines 14233--14234
[]\TU/Inter(0)/b/n/8 psal-mo-diar[]\TU/CharisSIL(0)/m/it/8 (trans.)\TU/Inter(0)
/b/n/7 1. \TU/CharisSIL(0)/m/it/8 (kirko)
 []


Package fancyhdr Warning: \headheight is too small (12.0pt): 
(fancyhdr)                Make it at least 16.54997pt, for example:
(fancyhdr)                \setlength{\headheight}{16.54997pt}.
(fancyhdr)                You might also make \topmargin smaller to compensate:

(fancyhdr)                \addtolength{\topmargin}{-4.54997pt}.

[323]
Underfull \hbox (badness 10000) in paragraph at lines 14311--14312
[]\TU/Inter(0)/b/n/8 pul-sar[]\TU/CharisSIL(0)/m/it/8 (trans.)\TU/Inter(0)/b/n/
7 1. \TU/CharisSIL(0)/m/n/8 Di-pla-sar per
 []


Package fancyhdr Warning: \headheight is too small (12.0pt): 
(fancyhdr)                Make it at least 16.54997pt, for example:
(fancyhdr)                \setlength{\headheight}{16.54997pt}.
(fancyhdr)                You might also make \topmargin smaller to compensate:

(fancyhdr)                \addtolength{\topmargin}{-4.54997pt}.

[324]
Underfull \hbox (badness 10000) in paragraph at lines 14351--14352
[]\TU/Inter(0)/b/n/8 pur-gar[]\TU/CharisSIL(0)/m/it/8 (trans.)\TU/Inter(0)/b/n/
7 1. \TU/CharisSIL(0)/m/n/8 Ku-ra-car per
 []


Package fancyhdr Warning: \headheight is too small (12.0pt): 
(fancyhdr)                Make it at least 16.54997pt, for example:
(fancyhdr)                \setlength{\headheight}{16.54997pt}.
(fancyhdr)                You might also make \topmargin smaller to compensate:

(fancyhdr)                \addtolength{\topmargin}{-4.54997pt}.

[325]

Package fancyhdr Warning: \headheight is too small (12.0pt): 
(fancyhdr)                Make it at least 16.54997pt, for example:
(fancyhdr)                \setlength{\headheight}{16.54997pt}.
(fancyhdr)                You might also make \topmargin smaller to compensate:

(fancyhdr)                \addtolength{\topmargin}{-4.54997pt}.

[326]

Package fancyhdr Warning: \headheight is too small (12.0pt): 
(fancyhdr)                Make it at least 16.54997pt, for example:
(fancyhdr)                \setlength{\headheight}{16.54997pt}.
(fancyhdr)                You might also make \topmargin smaller to compensate:

(fancyhdr)                \addtolength{\topmargin}{-4.54997pt}.

[327

]
Underfull \hbox (badness 10000) in paragraph at lines 14414--14415
[]\TU/Inter(0)/b/n/8 qu-anta[] \TU/CharisSIL(0)/m/n/8 Vorto qua in-di-kas la
 []


Underfull \hbox (badness 5908) in paragraph at lines 14414--14415
\TU/CharisSIL(0)/m/n/8 grado di mul-teso. (ko-re-la-
 []


Underfull \hbox (badness 10000) in paragraph at lines 14426--14427
[]\TU/Inter(0)/b/n/8 qu-ar-tebo[]\TU/CharisSIL(0)/m/it/8 (muziko)\TU/Inter(0)/b
/n/7 1. \TU/CharisSIL(0)/m/n/8 Mu-zi-kajo
 []


Underfull \hbox (badness 10000) in paragraph at lines 14436--14437
[]\TU/Inter(0)/b/n/8 qu-arto[]\TU/Inter(0)/b/n/7 1. \TU/CharisSIL(0)/m/it/8 (mu-
ziko) \TU/CharisSIL(0)/m/n/8 Grado qu-
 []


Underfull \hbox (badness 10000) in paragraph at lines 14436--14437
\TU/CharisSIL(0)/m/n/8 a-re-sma di la skalo di-a-to-
 []


Package fancyhdr Warning: \headheight is too small (12.0pt): 
(fancyhdr)                Make it at least 16.54997pt, for example:
(fancyhdr)                \setlength{\headheight}{16.54997pt}.
(fancyhdr)                You might also make \topmargin smaller to compensate:

(fancyhdr)                \addtolength{\topmargin}{-4.54997pt}.

[328]
Underfull \hbox (badness 10000) in paragraph at lines 14484--14485
[]\TU/Inter(0)/b/n/8 qu-in-qu-a-ge-zimo[]\TU/CharisSIL(0)/m/it/8 (liturgio ka-to
l.)
 []


Underfull \hbox (badness 7613) in paragraph at lines 14486--14487
[]\TU/Inter(0)/b/n/8 qu-in-talo[]\TU/CharisSIL(0)/m/it/8 (mezur-sistemo me-trala
)
 []


Package fancyhdr Warning: \headheight is too small (12.0pt): 
(fancyhdr)                Make it at least 16.54997pt, for example:
(fancyhdr)                \setlength{\headheight}{16.54997pt}.
(fancyhdr)                You might also make \topmargin smaller to compensate:

(fancyhdr)                \addtolength{\topmargin}{-4.54997pt}.

[329]

Package fancyhdr Warning: \headheight is too small (12.0pt): 
(fancyhdr)                Make it at least 16.54997pt, for example:
(fancyhdr)                \setlength{\headheight}{16.54997pt}.
(fancyhdr)                You might also make \topmargin smaller to compensate:

(fancyhdr)                \addtolength{\topmargin}{-4.54997pt}.

[330]

Package fancyhdr Warning: \headheight is too small (12.0pt): 
(fancyhdr)                Make it at least 16.54997pt, for example:
(fancyhdr)                \setlength{\headheight}{16.54997pt}.
(fancyhdr)                You might also make \topmargin smaller to compensate:

(fancyhdr)                \addtolength{\topmargin}{-4.54997pt}.

[331

]
Underfull \hbox (badness 5288) in paragraph at lines 14543--14544
\TU/CharisSIL(0)/m/n/8 cianuro di ba-rio o di tung-
 []


Package fancyhdr Warning: \headheight is too small (12.0pt): 
(fancyhdr)                Make it at least 16.54997pt, for example:
(fancyhdr)                \setlength{\headheight}{16.54997pt}.
(fancyhdr)                You might also make \topmargin smaller to compensate:

(fancyhdr)                \addtolength{\topmargin}{-4.54997pt}.

[332]
Underfull \hbox (badness 8000) in paragraph at lines 14611--14612
[]\TU/Inter(0)/b/n/8 ra-pida[]\TU/Inter(0)/b/n/7 1. \TU/CharisSIL(0)/m/n/8 Qua 
par-ku-ras multa
 []


Package fancyhdr Warning: \headheight is too small (12.0pt): 
(fancyhdr)                Make it at least 16.54997pt, for example:
(fancyhdr)                \setlength{\headheight}{16.54997pt}.
(fancyhdr)                You might also make \topmargin smaller to compensate:

(fancyhdr)                \addtolength{\topmargin}{-4.54997pt}.

[333]
Underfull \hbox (badness 5189) in paragraph at lines 14661--14662
[]\TU/Inter(0)/b/n/8 ra-zar[]\TU/CharisSIL(0)/m/it/8 (trans.) \TU/CharisSIL(0)/
m/n/8 Reze-tondar la
 []


Underfull \hbox (badness 10000) in paragraph at lines 14669--14670
[]\TU/Inter(0)/b/n/8 re-al-garo[]\TU/CharisSIL(0)/m/it/8 (kemio) \TU/CharisSIL(
0)/m/n/8 Reda arseno-
 []


Package fancyhdr Warning: \headheight is too small (12.0pt): 
(fancyhdr)                Make it at least 16.54997pt, for example:
(fancyhdr)                \setlength{\headheight}{16.54997pt}.
(fancyhdr)                You might also make \topmargin smaller to compensate:

(fancyhdr)                \addtolength{\topmargin}{-4.54997pt}.

[334]
Underfull \hbox (badness 6559) in paragraph at lines 14711--14712
[]\TU/Inter(0)/b/n/8 re-du-ito[] \TU/CharisSIL(0)/m/n/8 For-ti-fi-kajo kon-struk
-tita
 []


Underfull \hbox (badness 10000) in paragraph at lines 14711--14712
\TU/CharisSIL(0)/m/n/8 dop al-tra por pro-lon-gar la
 []


Underfull \hbox (badness 10000) in paragraph at lines 14715--14716
[]\TU/Inter(0)/b/n/8 re-duto[]\TU/CharisSIL(0)/m/it/8 (milit-arto) \TU/CharisSI
L(0)/m/n/8 For-ti-fi-kajo
 []


Underfull \hbox (badness 5726) in paragraph at lines 14715--14716
\TU/CharisSIL(0)/m/n/8 aparta, tote klo-zita (*kluza),
 []


Package fancyhdr Warning: \headheight is too small (12.0pt): 
(fancyhdr)                Make it at least 16.54997pt, for example:
(fancyhdr)                \setlength{\headheight}{16.54997pt}.
(fancyhdr)                You might also make \topmargin smaller to compensate:

(fancyhdr)                \addtolength{\topmargin}{-4.54997pt}.

[335]
Underfull \hbox (badness 10000) in paragraph at lines 14725--14726
[]\TU/Inter(0)/b/n/8 re-flexa[]\TU/CharisSIL(0)/m/it/8 (fiziol.) \TU/CharisSIL(
0)/m/n/8 Pro-duk-tita
 []


Underfull \hbox (badness 10000) in paragraph at lines 14725--14726
\TU/CharisSIL(0)/m/n/8 sen-vole da re-akto or-ga-ni-
 []


Underfull \hbox (badness 10000) in paragraph at lines 14737--14738
\TU/CharisSIL(0)/m/n/8 qua do-nas la in-dici di re-
 []


Overfull \hbox (5.46173pt too wide) in paragraph at lines 14745--14746
[]\TU/Inter(0)/b/n/8 re-fu-zar[]\TU/CharisSIL(0)/m/it/8 (trans.)\TU/Inter(0)/b/
n/7 1. \TU/CharisSIL(0)/m/n/8 Ne-grantar\TU/Inter(0)/b/n/7 2. \TU/CharisSIL(0)/
m/n/8 Ne-
 []


Underfull \hbox (badness 10000) in paragraph at lines 14755--14756
[]\TU/Inter(0)/b/n/8 re-ge-ne-rar[]\TU/CharisSIL(0)/m/it/8 (trans.)\TU/Inter(0)
/b/n/7 1. \TU/CharisSIL(0)/m/n/8 Re-pro-duk-
 []


Underfull \hbox (badness 7522) in paragraph at lines 14755--14756
\TU/CharisSIL(0)/m/n/8 tar (parto de-struk-tita)\TU/Inter(0)/b/n/7 2. \TU/Chari
sSIL(0)/m/n/8 Ri-
 []


Underfull \hbox (badness 10000) in paragraph at lines 14755--14756
\TU/CharisSIL(0)/m/n/8 novigar (*ri-nuvigar) eti-kale,
 []


Package fancyhdr Warning: \headheight is too small (12.0pt): 
(fancyhdr)                Make it at least 16.54997pt, for example:
(fancyhdr)                \setlength{\headheight}{16.54997pt}.
(fancyhdr)                You might also make \topmargin smaller to compensate:

(fancyhdr)                \addtolength{\topmargin}{-4.54997pt}.

[336]
Underfull \hbox (badness 6141) in paragraph at lines 14779--14780
\TU/CharisSIL(0)/m/n/8 onu de-kla-ra-bis de-ka-dinta de
 []


Underfull \hbox (badness 6125) in paragraph at lines 14785--14786
[]\TU/Inter(0)/b/n/8 rejo[]\TU/Inter(0)/b/n/7 1. \TU/CharisSIL(0)/m/n/8 Chefo su
-ve-rena di ula
 []


Underfull \hbox (badness 7291) in paragraph at lines 14791--14792
[]\TU/Inter(0)/b/n/8 re-ka-pi-tu-lar[]\TU/CharisSIL(0)/m/it/8 (trans.) \TU/Char
isSIL(0)/m/n/8 Re-zu-mar,
 []


Underfull \hbox (badness 5119) in paragraph at lines 14795--14796
[]\TU/Inter(0)/b/n/8 re-kla-mar[]\TU/CharisSIL(0)/m/it/8 (netrans., pri) \TU/Ch
arisSIL(0)/m/n/8 La-u-dar
 []


Package fancyhdr Warning: \headheight is too small (12.0pt): 
(fancyhdr)                Make it at least 16.54997pt, for example:
(fancyhdr)                \setlength{\headheight}{16.54997pt}.
(fancyhdr)                You might also make \topmargin smaller to compensate:

(fancyhdr)                \addtolength{\topmargin}{-4.54997pt}.

[337]
Underfull \hbox (badness 5563) in paragraph at lines 14805--14806
[]\TU/Inter(0)/b/n/8 re-kom-pen-sar[]\TU/CharisSIL(0)/m/it/8 (trans., pro, per)
 []


Underfull \hbox (badness 10000) in paragraph at lines 14839--14840
[]\TU/Inter(0)/b/n/8 re-le-gar[]\TU/CharisSIL(0)/m/it/8 (trans.)\TU/Inter(0)/b/
n/7 1. \TU/CharisSIL(0)/m/it/8 (yuro-cienco,
 []


Package fancyhdr Warning: \headheight is too small (12.0pt): 
(fancyhdr)                Make it at least 16.54997pt, for example:
(fancyhdr)                \setlength{\headheight}{16.54997pt}.
(fancyhdr)                You might also make \topmargin smaller to compensate:

(fancyhdr)                \addtolength{\topmargin}{-4.54997pt}.

[338]
Underfull \hbox (badness 10000) in paragraph at lines 14867--14868
[]\TU/Inter(0)/b/n/8 re-mor-kar[]\TU/CharisSIL(0)/m/it/8 (trans.)\TU/Inter(0)/b
/n/7 1. \TU/CharisSIL(0)/m/it/8 (alu-dante
 []


Underfull \hbox (badness 10000) in paragraph at lines 14873--14874
[]\TU/Inter(0)/b/n/8 rem-paro[]\TU/CharisSIL(0)/m/it/8 (militarto) \TU/CharisSI
L(0)/m/n/8 Cirkuito-
 []


Package fancyhdr Warning: \headheight is too small (12.0pt): 
(fancyhdr)                Make it at least 16.54997pt, for example:
(fancyhdr)                \setlength{\headheight}{16.54997pt}.
(fancyhdr)                You might also make \topmargin smaller to compensate:

(fancyhdr)                \addtolength{\topmargin}{-4.54997pt}.

[339]
Underfull \hbox (badness 10000) in paragraph at lines 14929--14930
[]\TU/Inter(0)/b/n/8 re-po-zar[]\TU/CharisSIL(0)/m/it/8 (netrans.)\TU/Inter(0)/
b/n/7 1. \TU/CharisSIL(0)/m/n/8 Ja-car en
 []


Package fancyhdr Warning: \headheight is too small (12.0pt): 
(fancyhdr)                Make it at least 16.54997pt, for example:
(fancyhdr)                \setlength{\headheight}{16.54997pt}.
(fancyhdr)                You might also make \topmargin smaller to compensate:

(fancyhdr)                \addtolength{\topmargin}{-4.54997pt}.

[340]
Underfull \hbox (badness 10000) in paragraph at lines 14933--14934
[]\TU/Inter(0)/b/n/8 re-pre-za-lar[]\TU/CharisSIL(0)/m/it/8 (netrans.) (kon-
 []


Underfull \hbox (badness 6380) in paragraph at lines 14939--14940
[]\TU/Inter(0)/b/n/8 re-pro-char[]\TU/CharisSIL(0)/m/it/8 (trans., ad) \TU/Char
isSIL(0)/m/n/8 Im-pu-tar
 []


Underfull \hbox (badness 5147) in paragraph at lines 14951--14952
\TU/CharisSIL(0)/m/n/8 ti-pa-tio ne-vin-ke-bla, ne-re-pre-se-
 []


Underfull \hbox (badness 10000) in paragraph at lines 14953--14954
[]\TU/Inter(0)/b/n/8 re-pul-sar[]\TU/CharisSIL(0)/m/it/8 (trans.)\TU/Inter(0)/b
/n/7 1. \TU/CharisSIL(0)/m/n/8 Pul-sar ad-
 []


Underfull \hbox (badness 10000) in paragraph at lines 14957--14958
[]\TU/Inter(0)/b/n/8 « re-qu-iem »[]\TU/CharisSIL(0)/m/it/8 (liturgio ka-to-

 []


Underfull \hbox (badness 10000) in paragraph at lines 14957--14958
\TU/CharisSIL(0)/m/it/8 lika)\TU/Inter(0)/b/n/7 1. \TU/CharisSIL(0)/m/n/8 Prego por la mor-
 []


Underfull \hbox (badness 10000) in paragraph at lines 14963--14964
\TU/CharisSIL(0)/m/n/8 tar ye ma-ni-ero qua even-ti-
 []


Package fancyhdr Warning: \headheight is too small (12.0pt): 
(fancyhdr)                Make it at least 16.54997pt, for example:
(fancyhdr)                \setlength{\headheight}{16.54997pt}.
(fancyhdr)                You might also make \topmargin smaller to compensate:

(fancyhdr)                \addtolength{\topmargin}{-4.54997pt}.

[341]

Package fancyhdr Warning: \headheight is too small (12.0pt): 
(fancyhdr)                Make it at least 16.54997pt, for example:
(fancyhdr)                \setlength{\headheight}{16.54997pt}.
(fancyhdr)                You might also make \topmargin smaller to compensate:

(fancyhdr)                \addtolength{\topmargin}{-4.54997pt}.

[342]
Underfull \hbox (badness 6625) in paragraph at lines 15025--15026
[]\TU/Inter(0)/b/n/8 re-var[]\TU/CharisSIL(0)/m/it/8 (netrans., pri) \TU/Charis
SIL(0)/m/n/8 La-sar sua
 []


Underfull \hbox (badness 10000) in paragraph at lines 15027--15028
\TU/CharisSIL(0)/m/n/8 no-ci-gar (to quo esis ce-
 []


Underfull \hbox (badness 5548) in paragraph at lines 15035--15036
\TU/CharisSIL(0)/m/n/8 qua ma-ni-fe-stas re-spekto pro-
 []


Package fancyhdr Warning: \headheight is too small (12.0pt): 
(fancyhdr)                Make it at least 16.54997pt, for example:
(fancyhdr)                \setlength{\headheight}{16.54997pt}.
(fancyhdr)                You might also make \topmargin smaller to compensate:

(fancyhdr)                \addtolength{\topmargin}{-4.54997pt}.

[343]

Package fancyhdr Warning: \headheight is too small (12.0pt): 
(fancyhdr)                Make it at least 16.54997pt, for example:
(fancyhdr)                \setlength{\headheight}{16.54997pt}.
(fancyhdr)                You might also make \topmargin smaller to compensate:

(fancyhdr)                \addtolength{\topmargin}{-4.54997pt}.

[344]
Underfull \hbox (badness 7631) in paragraph at lines 15131--15132
\TU/CharisSIL(0)/m/n/8 fri-tita) kra-kanta qu-ale pano-
 []


Underfull \hbox (badness 10000) in paragraph at lines 15135--15136
\TU/CharisSIL(0)/m/n/8 gar, ni-hi-li-gar (in-ter-kon-sente)
 []


Underfull \hbox (badness 10000) in paragraph at lines 15137--15138
[]\TU/Inter(0)/b/n/8 ritmo[]\TU/CharisSIL(0)/m/it/8 (muziko) \TU/CharisSIL(0)/m
/n/8 Aparo inter-
 []


Package fancyhdr Warning: \headheight is too small (12.0pt): 
(fancyhdr)                Make it at least 16.54997pt, for example:
(fancyhdr)                \setlength{\headheight}{16.54997pt}.
(fancyhdr)                You might also make \topmargin smaller to compensate:

(fancyhdr)                \addtolength{\topmargin}{-4.54997pt}.

[345]
Underfull \hbox (badness 10000) in paragraph at lines 15167--15168
[]\TU/Inter(0)/b/n/8 ro-dar[]\TU/CharisSIL(0)/m/it/8 (trans.)\TU/Inter(0)/b/n/7
 1. \TU/CharisSIL(0)/m/n/8 En-ta-mar per
 []


Underfull \hbox (badness 10000) in paragraph at lines 15167--15168
\TU/CharisSIL(0)/m/n/8 mi-kra dento-mordi, beko-
 []


Underfull \hbox (badness 10000) in paragraph at lines 15181--15182
[]\TU/Inter(0)/b/n/8 roko[]\TU/Inter(0)/b/n/7 1. \TU/CharisSIL(0)/m/n/8 Blo-kego
 de pe-tro tre
 []


Underfull \hbox (badness 10000) in paragraph at lines 15181--15182
\TU/CharisSIL(0)/m/n/8 re-zi-stiva qua re-te-ne-sas da
 []


Package fancyhdr Warning: \headheight is too small (12.0pt): 
(fancyhdr)                Make it at least 16.54997pt, for example:
(fancyhdr)                \setlength{\headheight}{16.54997pt}.
(fancyhdr)                You might also make \topmargin smaller to compensate:

(fancyhdr)                \addtolength{\topmargin}{-4.54997pt}.

[346]
Underfull \hbox (badness 6725) in paragraph at lines 15189--15190
[]\TU/Inter(0)/b/n/8 ro-manco[]\TU/Inter(0)/b/n/7 1. \TU/CharisSIL(0)/m/n/8 Mi-k
ra kan-sono di
 []


Underfull \hbox (badness 10000) in paragraph at lines 15205--15206
[]\TU/Inter(0)/b/n/8 ron-ro-nar[]\TU/CharisSIL(0)/m/it/8 (netrans.) (alu-dante
 []


Package fancyhdr Warning: \headheight is too small (12.0pt): 
(fancyhdr)                Make it at least 16.54997pt, for example:
(fancyhdr)                \setlength{\headheight}{16.54997pt}.
(fancyhdr)                You might also make \topmargin smaller to compensate:

(fancyhdr)                \addtolength{\topmargin}{-4.54997pt}.

[347]
Underfull \hbox (badness 10000) in paragraph at lines 15223--15224
[]\TU/Inter(0)/b/n/8 ro-ta-car[]\TU/CharisSIL(0)/m/it/8 (netrans.) (alu-dante
 []


Underfull \hbox (badness 5119) in paragraph at lines 15233--15234
\TU/CharisSIL(0)/m/n/8 polo\TU/Inter(0)/b/n/7 2. \TU/CharisSIL(0)/m/it/8 (ve-sto
) \TU/CharisSIL(0)/m/n/8 Longa man-te-
 []


Underfull \hbox (badness 10000) in paragraph at lines 15243--15244
[]\TU/Inter(0)/b/n/8 ro-ya-li-smo[] \TU/CharisSIL(0)/m/n/8 Mento mo-nar-kii-sta.

 []


Package fancyhdr Warning: \headheight is too small (12.0pt): 
(fancyhdr)                Make it at least 16.54997pt, for example:
(fancyhdr)                \setlength{\headheight}{16.54997pt}.
(fancyhdr)                You might also make \topmargin smaller to compensate:

(fancyhdr)                \addtolength{\topmargin}{-4.54997pt}.

[348]

Package fancyhdr Warning: \headheight is too small (12.0pt): 
(fancyhdr)                Make it at least 16.54997pt, for example:
(fancyhdr)                \setlength{\headheight}{16.54997pt}.
(fancyhdr)                You might also make \topmargin smaller to compensate:

(fancyhdr)                \addtolength{\topmargin}{-4.54997pt}.

[349]

Package fancyhdr Warning: \headheight is too small (12.0pt): 
(fancyhdr)                Make it at least 16.54997pt, for example:
(fancyhdr)                \setlength{\headheight}{16.54997pt}.
(fancyhdr)                You might also make \topmargin smaller to compensate:

(fancyhdr)                \addtolength{\topmargin}{-4.54997pt}.

[350]
Underfull \hbox (badness 10000) in paragraph at lines 15340--15341
[]\TU/Inter(0)/b/n/8 sa-firo[] \TU/CharisSIL(0)/m/n/8 La-pido bri-loza, bele
 []


Package fancyhdr Warning: \headheight is too small (12.0pt): 
(fancyhdr)                Make it at least 16.54997pt, for example:
(fancyhdr)                \setlength{\headheight}{16.54997pt}.
(fancyhdr)                You might also make \topmargin smaller to compensate:

(fancyhdr)                \addtolength{\topmargin}{-4.54997pt}.

[351

]
Underfull \hbox (badness 10000) in paragraph at lines 15366--15367
[]\TU/Inter(0)/b/n/8 sa-kri-fi-kar[]\TU/Inter(0)/b/n/7 1. \TU/CharisSIL(0)/m/n/
8 (trans.) (re-li-
 []


Underfull \hbox (badness 10000) in paragraph at lines 15386--15387
[]\TU/Inter(0)/b/n/8 sa-li-cino[]\TU/CharisSIL(0)/m/it/8 (kemio) \TU/CharisSIL(
0)/m/n/8 Glu-ko-sido
 []


Package fancyhdr Warning: \headheight is too small (12.0pt): 
(fancyhdr)                Make it at least 16.54997pt, for example:
(fancyhdr)                \setlength{\headheight}{16.54997pt}.
(fancyhdr)                You might also make \topmargin smaller to compensate:

(fancyhdr)                \addtolength{\topmargin}{-4.54997pt}.

[352]
Underfull \hbox (badness 10000) in paragraph at lines 15420--15421
[]\TU/Inter(0)/b/n/8 sal-vear[]\TU/CharisSIL(0)/m/it/8 (netrans.) \TU/CharisSIL
(0)/m/n/8 Ho-no-ri-zar
 []


Underfull \hbox (badness 7116) in paragraph at lines 15442--15443
[]\TU/Inter(0)/b/n/8 « sand-wich »[] \TU/CharisSIL(0)/m/n/8 Lon-cho dina de
 []


Package fancyhdr Warning: \headheight is too small (12.0pt): 
(fancyhdr)                Make it at least 16.54997pt, for example:
(fancyhdr)                \setlength{\headheight}{16.54997pt}.
(fancyhdr)                You might also make \topmargin smaller to compensate:

(fancyhdr)                \addtolength{\topmargin}{-4.54997pt}.

[353]
Underfull \hbox (badness 8094) in paragraph at lines 15458--15459
[]\TU/Inter(0)/b/n/8 san-to-lino[]\TU/CharisSIL(0)/m/it/8 (bot.) \TU/CharisSIL(
0)/m/n/8 Planto odo-
 []


Package fancyhdr Warning: \headheight is too small (12.0pt): 
(fancyhdr)                Make it at least 16.54997pt, for example:
(fancyhdr)                \setlength{\headheight}{16.54997pt}.
(fancyhdr)                You might also make \topmargin smaller to compensate:

(fancyhdr)                \addtolength{\topmargin}{-4.54997pt}.

[354]
Underfull \hbox (badness 10000) in paragraph at lines 15494--15495
[]\TU/Inter(0)/b/n/8 sar-ka-smo[] \TU/CharisSIL(0)/m/n/8 Moko, iro-nio mor-
 []


Underfull \hbox (badness 10000) in paragraph at lines 15498--15499
\TU/CharisSIL(0)/m/n/8 peco) per ex-tir-par la herbi
 []


Underfull \hbox (badness 10000) in paragraph at lines 15524--15525
[]\TU/Inter(0)/b/n/8 sa-tis-fa-car[]\TU/CharisSIL(0)/m/it/8 (trans., per)\TU/In
ter(0)/b/n/7 1. \TU/CharisSIL(0)/m/n/8 Igar
 []


Package fancyhdr Warning: \headheight is too small (12.0pt): 
(fancyhdr)                Make it at least 16.54997pt, for example:
(fancyhdr)                \setlength{\headheight}{16.54997pt}.
(fancyhdr)                You might also make \topmargin smaller to compensate:

(fancyhdr)                \addtolength{\topmargin}{-4.54997pt}.

[355]
Underfull \hbox (badness 10000) in paragraph at lines 15546--15547
[]\TU/Inter(0)/b/n/8 sa-vu-rar[]\TU/CharisSIL(0)/m/it/8 (trans.) \TU/CharisSIL(
0)/m/n/8 Lor manjo,
 []


Underfull \hbox (badness 10000) in paragraph at lines 15552--15553
[]\TU/Inter(0)/b/n/8 sa-xo-fono[]\TU/CharisSIL(0)/m/it/8 (muziko) \TU/CharisSIL
(0)/m/n/8 In-stru-mento
 []


Underfull \hbox (badness 10000) in paragraph at lines 15566--15567
\TU/CharisSIL(0)/m/n/8 blike la au-to-ri-ta-tozi esta-bli-
 []


Underfull \hbox (badness 10000) in paragraph at lines 15572--15573
[]\TU/Inter(0)/b/n/8 se-duk-tar[]\TU/CharisSIL(0)/m/it/8 (trans., per) \TU/Char
isSIL(0)/m/n/8 Ve-ni-gar
 []


Package fancyhdr Warning: \headheight is too small (12.0pt): 
(fancyhdr)                Make it at least 16.54997pt, for example:
(fancyhdr)                \setlength{\headheight}{16.54997pt}.
(fancyhdr)                You might also make \topmargin smaller to compensate:

(fancyhdr)                \addtolength{\topmargin}{-4.54997pt}.

[356]
Underfull \hbox (badness 10000) in paragraph at lines 15580--15581
[]\TU/Inter(0)/b/n/8 se-gre-ga-car[]\TU/CharisSIL(0)/m/it/8 (trans.) \TU/Charis
SIL(0)/m/n/8 Se-pa-rar
 []


Underfull \hbox (badness 10000) in paragraph at lines 15586--15587
[]\TU/Inter(0)/b/n/8 *se-ifo[] \TU/CharisSIL(0)/m/n/8 Ko-fro ek me-talo, kun
 []


Package fancyhdr Warning: \headheight is too small (12.0pt): 
(fancyhdr)                Make it at least 16.54997pt, for example:
(fancyhdr)                \setlength{\headheight}{16.54997pt}.
(fancyhdr)                You might also make \topmargin smaller to compensate:

(fancyhdr)                \addtolength{\topmargin}{-4.54997pt}.

[357]
Underfull \hbox (badness 10000) in paragraph at lines 15618--15619
[]\TU/Inter(0)/b/n/8 se-lek-tar[]\TU/CharisSIL(0)/m/it/8 (trans.)\TU/Inter(0)/b
/n/7 1. \TU/CharisSIL(0)/m/n/8 Pre-nar pre-
 []


Underfull \hbox (badness 10000) in paragraph at lines 15648--15649
[]\TU/Inter(0)/b/n/8 sem-pre[]\TU/Inter(0)/b/n/7 1. \TU/CharisSIL(0)/m/n/8 «
 En la tempo fu-
 []


Underfull \hbox (badness 6173) in paragraph at lines 15648--15649
\TU/CharisSIL(0)/m/n/8 kazo »\TU/Inter(0)/b/n/7 2. \TU/CharisSIL(0)/m/n/8 «
 En la tempo pa-
 []


Package fancyhdr Warning: \headheight is too small (12.0pt): 
(fancyhdr)                Make it at least 16.54997pt, for example:
(fancyhdr)                \setlength{\headheight}{16.54997pt}.
(fancyhdr)                You might also make \topmargin smaller to compensate:

(fancyhdr)                \addtolength{\topmargin}{-4.54997pt}.

[358]
Underfull \hbox (badness 10000) in paragraph at lines 15668--15669
[]\TU/Inter(0)/b/n/8 sen-sa-ci-ono[] \TU/CharisSIL(0)/m/n/8 In-te-re-seso o
 []


Underfull \hbox (badness 5431) in paragraph at lines 15680--15681
[]\TU/Inter(0)/b/n/8 sen-ti-mento[] \TU/CharisSIL(0)/m/n/8 Psiko-movo, psiko-
 []


Underfull \hbox (badness 10000) in paragraph at lines 15692--15693
[]\TU/Inter(0)/b/n/8 septa[]\TU/CharisSIL(0)/m/it/8 (medic.) \TU/CharisSIL(0)/m
/n/8 Qua pu-tri-
 []


Package fancyhdr Warning: \headheight is too small (12.0pt): 
(fancyhdr)                Make it at least 16.54997pt, for example:
(fancyhdr)                \setlength{\headheight}{16.54997pt}.
(fancyhdr)                You might also make \topmargin smaller to compensate:

(fancyhdr)                \addtolength{\topmargin}{-4.54997pt}.

[359]
Underfull \hbox (badness 10000) in paragraph at lines 15734--15735
\TU/CharisSIL(0)/m/n/8 se-gun lego (*leyo) de-ter-mi-
 []


Underfull \hbox (badness 7291) in paragraph at lines 15734--15735
\TU/CharisSIL(0)/m/n/8 nita\TU/Inter(0)/b/n/7 2. \TU/CharisSIL(0)/m/n/8 In-ter-s
e-qu-en-taro kon-ti-
 []


Underfull \hbox (badness 10000) in paragraph at lines 15746--15747
\TU/CharisSIL(0)/m/n/8 di ma-gne-zio, kun ma-kuli
 []


Underfull \hbox (badness 10000) in paragraph at lines 15756--15757
[]\TU/Inter(0)/b/n/8 se-ruro[]\TU/CharisSIL(0)/m/it/8 (tekn.) \TU/CharisSIL(0)/
m/n/8 Apa-rato qua,
 []


Package fancyhdr Warning: \headheight is too small (12.0pt): 
(fancyhdr)                Make it at least 16.54997pt, for example:
(fancyhdr)                \setlength{\headheight}{16.54997pt}.
(fancyhdr)                You might also make \topmargin smaller to compensate:

(fancyhdr)                \addtolength{\topmargin}{-4.54997pt}.

[360]
Underfull \hbox (badness 10000) in paragraph at lines 15776--15777
[]\TU/Inter(0)/b/n/8 se-vi-ciar[]\TU/CharisSIL(0)/m/it/8 (ad) (ne-trans.)(yu-ro-
ci-
 []


Package fancyhdr Warning: \headheight is too small (12.0pt): 
(fancyhdr)                Make it at least 16.54997pt, for example:
(fancyhdr)                \setlength{\headheight}{16.54997pt}.
(fancyhdr)                You might also make \topmargin smaller to compensate:

(fancyhdr)                \addtolength{\topmargin}{-4.54997pt}.

[361]
Underfull \hbox (badness 6220) in paragraph at lines 15812--15813
[]\TU/Inter(0)/b/n/8 shafto[]\TU/Inter(0)/b/n/7 1. \TU/CharisSIL(0)/m/n/8 Longa man-cho li-gna
 []


Underfull \hbox (badness 6268) in paragraph at lines 15826--15827
[]\TU/Inter(0)/b/n/8 sha-loto[]\TU/CharisSIL(0)/m/it/8 (bot.) \TU/CharisSIL(0)/
m/n/8 Planto legum-
 []


Package fancyhdr Warning: \headheight is too small (12.0pt): 
(fancyhdr)                Make it at least 16.54997pt, for example:
(fancyhdr)                \setlength{\headheight}{16.54997pt}.
(fancyhdr)                You might also make \topmargin smaller to compensate:

(fancyhdr)                \addtolength{\topmargin}{-4.54997pt}.

[362]
Underfull \hbox (badness 10000) in paragraph at lines 15850--15851
[]\TU/Inter(0)/b/n/8 she-iko[] \TU/CharisSIL(0)/m/n/8 Chefo di tri-buo de
 []


Underfull \hbox (badness 5460) in paragraph at lines 15858--15859
\TU/CharisSIL(0)/m/n/8 (maxim-multa-kaze) krum-plita,
 []


Package fancyhdr Warning: \headheight is too small (12.0pt): 
(fancyhdr)                Make it at least 16.54997pt, for example:
(fancyhdr)                \setlength{\headheight}{16.54997pt}.
(fancyhdr)                You might also make \topmargin smaller to compensate:

(fancyhdr)                \addtolength{\topmargin}{-4.54997pt}.

[363]
Underfull \hbox (badness 5119) in paragraph at lines 15914--15915
[]\TU/Inter(0)/b/n/8 si-gna-tar[]\TU/CharisSIL(0)/m/it/8 (trans.) \TU/CharisSIL
(0)/m/n/8 Skri-bar sua
 []


Package fancyhdr Warning: \headheight is too small (12.0pt): 
(fancyhdr)                Make it at least 16.54997pt, for example:
(fancyhdr)                \setlength{\headheight}{16.54997pt}.
(fancyhdr)                You might also make \topmargin smaller to compensate:

(fancyhdr)                \addtolength{\topmargin}{-4.54997pt}.

[364]
Underfull \hbox (badness 10000) in paragraph at lines 15948--15949
[]\TU/Inter(0)/b/n/8 si-lo-gi-smo[]\TU/CharisSIL(0)/m/it/8 (logiko) \TU/CharisS
IL(0)/m/n/8 Re-zono for-
 []


Package fancyhdr Warning: \headheight is too small (12.0pt): 
(fancyhdr)                Make it at least 16.54997pt, for example:
(fancyhdr)                \setlength{\headheight}{16.54997pt}.
(fancyhdr)                You might also make \topmargin smaller to compensate:

(fancyhdr)                \addtolength{\topmargin}{-4.54997pt}.

[365]
Underfull \hbox (badness 10000) in paragraph at lines 15982--15983
[]\TU/Inter(0)/b/n/8 sim-pa-tiar[]\TU/CharisSIL(0)/m/it/8 (trans.)\TU/Inter(0)/
b/n/7 1. \TU/CharisSIL(0)/m/n/8 Sen-tar su
 []


Underfull \hbox (badness 10000) in paragraph at lines 15986--15987
[]\TU/Inter(0)/b/n/8 sim-pla[] \TU/CharisSIL(0)/m/n/8 Qua ne kon-si-stas ek
 []


Package fancyhdr Warning: \headheight is too small (12.0pt): 
(fancyhdr)                Make it at least 16.54997pt, for example:
(fancyhdr)                \setlength{\headheight}{16.54997pt}.
(fancyhdr)                You might also make \topmargin smaller to compensate:

(fancyhdr)                \addtolength{\topmargin}{-4.54997pt}.

[366]
Underfull \hbox (badness 10000) in paragraph at lines 15994--15995
[]\TU/Inter(0)/b/n/8 si-na-gogo[]\TU/Inter(0)/b/n/7 1. \TU/CharisSIL(0)/m/it/8 
(hi-sto-rio re-li-gi-ala)
 []


Underfull \hbox (badness 10000) in paragraph at lines 16010--16011
\TU/CharisSIL(0)/m/n/8 nek-tika in-terne di kon-turo :
 []


Underfull \hbox (badness 5475) in paragraph at lines 16028--16029
\TU/CharisSIL(0)/m/n/8 la kordio-pulsado, qua even-
 []


Underfull \hbox (badness 10000) in paragraph at lines 16028--16029
\TU/CharisSIL(0)/m/n/8 ti-gas falo pro fe-ble-sko ma-
 []


Package fancyhdr Warning: \headheight is too small (12.0pt): 
(fancyhdr)                Make it at least 16.54997pt, for example:
(fancyhdr)                \setlength{\headheight}{16.54997pt}.
(fancyhdr)                You might also make \topmargin smaller to compensate:

(fancyhdr)                \addtolength{\topmargin}{-4.54997pt}.

[367]
Underfull \hbox (badness 10000) in paragraph at lines 16030--16031
\TU/CharisSIL(0)/m/n/8 dok-trini fi-lo-zo-fi-ala, me-di-ci-
 []


Package fancyhdr Warning: \headheight is too small (12.0pt): 
(fancyhdr)                Make it at least 16.54997pt, for example:
(fancyhdr)                \setlength{\headheight}{16.54997pt}.
(fancyhdr)                You might also make \topmargin smaller to compensate:

(fancyhdr)                \addtolength{\topmargin}{-4.54997pt}.

[368]
Underfull \hbox (badness 10000) in paragraph at lines 16090--16091
[]\TU/Inter(0)/b/n/8 si-stro[]\TU/CharisSIL(0)/m/it/8 (antique) \TU/CharisSIL(0
)/m/n/8 Muzik-
 []


Underfull \hbox (badness 10000) in paragraph at lines 16104--16105
\TU/CharisSIL(0)/m/n/8 alta, sen bra-kii nek dors-
 []


Package fancyhdr Warning: \headheight is too small (12.0pt): 
(fancyhdr)                Make it at least 16.54997pt, for example:
(fancyhdr)                \setlength{\headheight}{16.54997pt}.
(fancyhdr)                You might also make \topmargin smaller to compensate:

(fancyhdr)                \addtolength{\topmargin}{-4.54997pt}.

[369]
Underfull \hbox (badness 10000) in paragraph at lines 16130--16131
[]\TU/Inter(0)/b/n/8 skan-dar[]\TU/CharisSIL(0)/m/it/8 (trans.)\TU/Inter(0)/b/n
/7 1. \TU/CharisSIL(0)/m/n/8 Pro-nun-car
 []


Overfull \hbox (3.76724pt too wide) in paragraph at lines 16132--16133
[]\TU/Inter(0)/b/n/8 ska-pu-la-rio[]\TU/CharisSIL(0)/m/it/8 (religio kri-stan.)\TU/Inter(0)/b/n/7 1. \TU/CharisSIL(0)/m/n/8 Parto
 []


Underfull \hbox (badness 5147) in paragraph at lines 16132--16133
\TU/CharisSIL(0)/m/n/8 di la ve-sto di ula re-gu-li-eri,
 []


Underfull \hbox (badness 10000) in paragraph at lines 16138--16139
[]\TU/Inter(0)/b/n/8 ska-ra-mu-cho[]\TU/CharisSIL(0)/m/it/8 (teatro) \TU/Charis
SIL(0)/m/n/8 Rolo ko-
 []


Package fancyhdr Warning: \headheight is too small (12.0pt): 
(fancyhdr)                Make it at least 16.54997pt, for example:
(fancyhdr)                \setlength{\headheight}{16.54997pt}.
(fancyhdr)                You might also make \topmargin smaller to compensate:

(fancyhdr)                \addtolength{\topmargin}{-4.54997pt}.

[370]
Underfull \hbox (badness 10000) in paragraph at lines 16158--16159
[]\TU/Inter(0)/b/n/8 skerco[]\TU/CharisSIL(0)/m/it/8 (muziko) \TU/CharisSIL(0)/
m/n/8 Mu-zi-kajo ne-
 []


Underfull \hbox (badness 7064) in paragraph at lines 16176--16177
[]\TU/Inter(0)/b/n/8 skle-ro-tika[]\TU/CharisSIL(0)/m/it/8 (anat.) \TU/CharisSI
L(0)/m/n/8 Mem-brano
 []


Package fancyhdr Warning: \headheight is too small (12.0pt): 
(fancyhdr)                Make it at least 16.54997pt, for example:
(fancyhdr)                \setlength{\headheight}{16.54997pt}.
(fancyhdr)                You might also make \topmargin smaller to compensate:

(fancyhdr)                \addtolength{\topmargin}{-4.54997pt}.

[371]

Package fancyhdr Warning: \headheight is too small (12.0pt): 
(fancyhdr)                Make it at least 16.54997pt, for example:
(fancyhdr)                \setlength{\headheight}{16.54997pt}.
(fancyhdr)                You might also make \topmargin smaller to compensate:

(fancyhdr)                \addtolength{\topmargin}{-4.54997pt}.

[372]
Underfull \hbox (badness 5302) in paragraph at lines 16228--16229
\TU/CharisSIL(0)/m/n/8 du-masta, ri-gi-zita qu-ale go-e-
 []


Package fancyhdr Warning: \headheight is too small (12.0pt): 
(fancyhdr)                Make it at least 16.54997pt, for example:
(fancyhdr)                \setlength{\headheight}{16.54997pt}.
(fancyhdr)                You might also make \topmargin smaller to compensate:

(fancyhdr)                \addtolength{\topmargin}{-4.54997pt}.

[373]
Underfull \hbox (badness 7168) in paragraph at lines 16264--16265
\TU/CharisSIL(0)/m/n/8 di-ajo esas la cir-kon-stanci e
 []


Underfull \hbox (badness 7522) in paragraph at lines 16274--16275
[]\TU/Inter(0)/b/n/8 so-fao[] \TU/CharisSIL(0)/m/n/8 Sorto di repozo-lito si-
 []


Underfull \hbox (badness 10000) in paragraph at lines 16276--16277
[]\TU/Inter(0)/b/n/8 so-fi-smo[] \TU/CharisSIL(0)/m/n/8 Ar-gu-mento trom-pera,
 []


Underfull \hbox (badness 10000) in paragraph at lines 16278--16279
[]\TU/Inter(0)/b/n/8 so-fi-stiko[] \TU/CharisSIL(0)/m/n/8 La arto di la so-fi-
 []


Package fancyhdr Warning: \headheight is too small (12.0pt): 
(fancyhdr)                Make it at least 16.54997pt, for example:
(fancyhdr)                \setlength{\headheight}{16.54997pt}.
(fancyhdr)                You might also make \topmargin smaller to compensate:

(fancyhdr)                \addtolength{\topmargin}{-4.54997pt}.

[374]
Underfull \hbox (badness 10000) in paragraph at lines 16308--16309
[]\TU/Inter(0)/b/n/8 so-li-ci-tar[]\TU/CharisSIL(0)/m/it/8 (trans., pri)\TU/Int
er(0)/b/n/7 1. \TU/CharisSIL(0)/m/n/8 In-ci-tar
 []


Underfull \hbox (badness 7504) in paragraph at lines 16324--16325
\TU/CharisSIL(0)/m/n/8 retro-igar ad stando ele-men-
 []


Package fancyhdr Warning: \headheight is too small (12.0pt): 
(fancyhdr)                Make it at least 16.54997pt, for example:
(fancyhdr)                \setlength{\headheight}{16.54997pt}.
(fancyhdr)                You might also make \topmargin smaller to compensate:

(fancyhdr)                \addtolength{\topmargin}{-4.54997pt}.

[375]
Underfull \hbox (badness 10000) in paragraph at lines 16384--16385
\TU/CharisSIL(0)/m/n/8 punto, va-kua ye korpi so-
 []


Package fancyhdr Warning: \headheight is too small (12.0pt): 
(fancyhdr)                Make it at least 16.54997pt, for example:
(fancyhdr)                \setlength{\headheight}{16.54997pt}.
(fancyhdr)                You might also make \topmargin smaller to compensate:

(fancyhdr)                \addtolength{\topmargin}{-4.54997pt}.

[376]
Underfull \hbox (badness 8170) in paragraph at lines 16408--16409
[]\TU/Inter(0)/b/n/8 spa-tulo[] \TU/CharisSIL(0)/m/n/8 In-stru-mento de li-gno,
 []


Underfull \hbox (badness 10000) in paragraph at lines 16418--16419
[]\TU/Inter(0)/b/n/8 spek-ta-klo[]\TU/Inter(0)/b/n/7 1. \TU/CharisSIL(0)/m/n/8 
Re-pre-zen-tajo te-a-
 []


Underfull \hbox (badness 10000) in paragraph at lines 16426--16427
[]\TU/Inter(0)/b/n/8 spek-tro-skopo[]\TU/CharisSIL(0)/m/it/8 (fiziko) \TU/Chari
sSIL(0)/m/n/8 Apa-rato
 []


Underfull \hbox (badness 10000) in paragraph at lines 16432--16433
[]\TU/Inter(0)/b/n/8 spen-cero[]\TU/Inter(0)/b/n/7 1. \TU/CharisSIL(0)/m/n/8 Fra
ko sen ba-
 []


Package fancyhdr Warning: \headheight is too small (12.0pt): 
(fancyhdr)                Make it at least 16.54997pt, for example:
(fancyhdr)                \setlength{\headheight}{16.54997pt}.
(fancyhdr)                You might also make \topmargin smaller to compensate:

(fancyhdr)                \addtolength{\topmargin}{-4.54997pt}.

[377]
Underfull \hbox (badness 6477) in paragraph at lines 16458--16459
[]\TU/Inter(0)/b/n/8 sper-mo-cen-tro[]\TU/CharisSIL(0)/m/it/8 (biol.) \TU/Chari
sSIL(0)/m/n/8 Cen-tro-
 []


Package fancyhdr Warning: \headheight is too small (12.0pt): 
(fancyhdr)                Make it at least 16.54997pt, for example:
(fancyhdr)                \setlength{\headheight}{16.54997pt}.
(fancyhdr)                You might also make \topmargin smaller to compensate:

(fancyhdr)                \addtolength{\topmargin}{-4.54997pt}.

[378]
Underfull \hbox (badness 5726) in paragraph at lines 16488--16489
\TU/CharisSIL(0)/m/n/8 bri-lanta esas plena ye gran-
 []


Underfull \hbox (badness 10000) in paragraph at lines 16512--16513
[]\TU/Inter(0)/b/n/8 spo-ra-dika[]\TU/Inter(0)/b/n/7 1. \TU/CharisSIL(0)/m/it/8
 (geol.) \TU/CharisSIL(0)/m/n/8 Di-sper-
 []


Package fancyhdr Warning: \headheight is too small (12.0pt): 
(fancyhdr)                Make it at least 16.54997pt, for example:
(fancyhdr)                \setlength{\headheight}{16.54997pt}.
(fancyhdr)                You might also make \topmargin smaller to compensate:

(fancyhdr)                \addtolength{\topmargin}{-4.54997pt}.

[379]
Underfull \hbox (badness 10000) in paragraph at lines 16546--16547
[]\TU/Inter(0)/b/n/8 squ-a-tar[]\TU/CharisSIL(0)/m/it/8 (netrans.)\TU/Inter(0)/
b/n/7 1. \TU/CharisSIL(0)/m/it/8 (alu-dante
 []


Underfull \hbox (badness 10000) in paragraph at lines 16546--16547
\TU/CharisSIL(0)/m/it/8 la ani-mali) \TU/CharisSIL(0)/m/n/8 Si-dar sur sua
 []


Underfull \hbox (badness 10000) in paragraph at lines 16562--16563
[]\TU/Inter(0)/b/n/8 sta-dio[]\TU/CharisSIL(0)/m/it/8 (antique) \TU/CharisSIL(0
)/m/n/8 Areo klo-zita,
 []


Package fancyhdr Warning: \headheight is too small (12.0pt): 
(fancyhdr)                Make it at least 16.54997pt, for example:
(fancyhdr)                \setlength{\headheight}{16.54997pt}.
(fancyhdr)                You might also make \topmargin smaller to compensate:

(fancyhdr)                \addtolength{\topmargin}{-4.54997pt}.

[380]

Package fancyhdr Warning: \headheight is too small (12.0pt): 
(fancyhdr)                Make it at least 16.54997pt, for example:
(fancyhdr)                \setlength{\headheight}{16.54997pt}.
(fancyhdr)                You might also make \topmargin smaller to compensate:

(fancyhdr)                \addtolength{\topmargin}{-4.54997pt}.

[381]
Underfull \hbox (badness 10000) in paragraph at lines 16644--16645
\TU/CharisSIL(0)/m/n/8 vor-tope (per manuo-skribo,
 []


Underfull \hbox (badness 10000) in paragraph at lines 16648--16649
[]\TU/Inter(0)/b/n/8 sten-toro[] \TU/CharisSIL(0)/m/n/8 Per-sono di qua la
 []


Package fancyhdr Warning: \headheight is too small (12.0pt): 
(fancyhdr)                Make it at least 16.54997pt, for example:
(fancyhdr)                \setlength{\headheight}{16.54997pt}.
(fancyhdr)                You might also make \topmargin smaller to compensate:

(fancyhdr)                \addtolength{\topmargin}{-4.54997pt}.

[382]
Underfull \hbox (badness 10000) in paragraph at lines 16656--16657
[]\TU/Inter(0)/b/n/8 ste-re-o-me-trio[] \TU/CharisSIL(0)/m/n/8 Apliko-geometrio
 []


Underfull \hbox (badness 10000) in paragraph at lines 16686--16687
[]\TU/Inter(0)/b/n/8 stig-mato[]\TU/Inter(0)/b/n/7 1. \TU/CharisSIL(0)/m/n/8 mar
ko nee-fa-ce-bla
 []


Underfull \hbox (badness 10000) in paragraph at lines 16686--16687
\TU/CharisSIL(0)/m/n/8 duro\TU/Inter(0)/b/n/7 2. \TU/CharisSIL(0)/m/n/8 – (re-
li-gio kri-stana).
 []


Package fancyhdr Warning: \headheight is too small (12.0pt): 
(fancyhdr)                Make it at least 16.54997pt, for example:
(fancyhdr)                \setlength{\headheight}{16.54997pt}.
(fancyhdr)                You might also make \topmargin smaller to compensate:

(fancyhdr)                \addtolength{\topmargin}{-4.54997pt}.

[383]
Underfull \hbox (badness 6893) in paragraph at lines 16696--16697
\TU/CharisSIL(0)/m/n/8 ulu\TU/Inter(0)/b/n/7 2. \TU/CharisSIL(0)/m/it/8 (me-dic.
) \TU/CharisSIL(0)/m/n/8 Aug-men-tar
 []


Underfull \hbox (badness 10000) in paragraph at lines 16706--16707
[]\TU/Inter(0)/b/n/8 sti-pu-lar[]\TU/CharisSIL(0)/m/it/8 (trans.) (yu-ro-ci-enco
)
 []


Underfull \hbox (badness 10000) in paragraph at lines 16736--16737
[]\TU/Inter(0)/b/n/8 stran-dar[]\TU/CharisSIL(0)/m/it/8 (netrans.)\TU/Inter(0)/
b/n/7 1. \TU/CharisSIL(0)/m/it/8 (alu-dante
 []


Package fancyhdr Warning: \headheight is too small (12.0pt): 
(fancyhdr)                Make it at least 16.54997pt, for example:
(fancyhdr)                \setlength{\headheight}{16.54997pt}.
(fancyhdr)                You might also make \topmargin smaller to compensate:

(fancyhdr)                \addtolength{\topmargin}{-4.54997pt}.

[384]
Underfull \hbox (badness 5607) in paragraph at lines 16760--16761
[]\TU/Inter(0)/b/n/8 streta[] \TU/CharisSIL(0)/m/n/8 Di qua la lar-jeso esas
 []


Underfull \hbox (badness 5119) in paragraph at lines 16786--16787
[]\TU/Inter(0)/b/n/8 stron-cio[]\TU/CharisSIL(0)/m/it/8 (kemio) \TU/CharisSIL(0
)/m/n/8 Korpo sim-pla,
 []


Package fancyhdr Warning: \headheight is too small (12.0pt): 
(fancyhdr)                Make it at least 16.54997pt, for example:
(fancyhdr)                \setlength{\headheight}{16.54997pt}.
(fancyhdr)                You might also make \topmargin smaller to compensate:

(fancyhdr)                \addtolength{\topmargin}{-4.54997pt}.

[385]
Underfull \hbox (badness 5924) in paragraph at lines 16794--16795
[]\TU/Inter(0)/b/n/8 strumo[]\TU/CharisSIL(0)/m/it/8 (patol.) \TU/CharisSIL(0)/
m/n/8 Tu-moro sen-
 []


Underfull \hbox (badness 5022) in paragraph at lines 16816--16817
[]\TU/Inter(0)/b/n/8 stu-po-rar[]\TU/CharisSIL(0)/m/it/8 (netrans.) \TU/CharisS
IL(0)/m/n/8 Pro-duk-tar
 []


Package fancyhdr Warning: \headheight is too small (12.0pt): 
(fancyhdr)                Make it at least 16.54997pt, for example:
(fancyhdr)                \setlength{\headheight}{16.54997pt}.
(fancyhdr)                You might also make \topmargin smaller to compensate:

(fancyhdr)                \addtolength{\topmargin}{-4.54997pt}.

[386]
Underfull \hbox (badness 10000) in paragraph at lines 16838--16839
\TU/CharisSIL(0)/m/n/8 sistemo, qua re-pre-zen-tas la
 []


Underfull \hbox (badness 6001) in paragraph at lines 16852--16853
[]\TU/Inter(0)/b/n/8 su-bre-kargo[]\TU/CharisSIL(0)/m/it/8 (komerco per navo-
 []


Underfull \hbox (badness 10000) in paragraph at lines 16856--16857
[]\TU/Inter(0)/b/n/8 su-breto[]\TU/CharisSIL(0)/m/it/8 (teatro) \TU/CharisSIL(0
)/m/n/8 En ko-me-dio,
 []


Underfull \hbox (badness 10000) in paragraph at lines 16866--16867
[]\TU/Inter(0)/b/n/8 sub-sti-tu-car[]\TU/CharisSIL(0)/m/it/8 (trans., ad) \TU/C
harisSIL(0)/m/n/8 Po-zar
 []


Package fancyhdr Warning: \headheight is too small (12.0pt): 
(fancyhdr)                Make it at least 16.54997pt, for example:
(fancyhdr)                \setlength{\headheight}{16.54997pt}.
(fancyhdr)                You might also make \topmargin smaller to compensate:

(fancyhdr)                \addtolength{\topmargin}{-4.54997pt}.

[387]

Package fancyhdr Warning: \headheight is too small (12.0pt): 
(fancyhdr)                Make it at least 16.54997pt, for example:
(fancyhdr)                \setlength{\headheight}{16.54997pt}.
(fancyhdr)                You might also make \topmargin smaller to compensate:

(fancyhdr)                \addtolength{\topmargin}{-4.54997pt}.

[388]

Package fancyhdr Warning: \headheight is too small (12.0pt): 
(fancyhdr)                Make it at least 16.54997pt, for example:
(fancyhdr)                \setlength{\headheight}{16.54997pt}.
(fancyhdr)                You might also make \topmargin smaller to compensate:

(fancyhdr)                \addtolength{\topmargin}{-4.54997pt}.

[389]
Underfull \hbox (badness 10000) in paragraph at lines 16982--16983
[]\TU/Inter(0)/b/n/8 su-po-zi-to-rio[]\TU/CharisSIL(0)/m/it/8 (medic.) \TU/Char
isSIL(0)/m/n/8 Kono
 []


Underfull \hbox (badness 5105) in paragraph at lines 16992--16993
[]\TU/Inter(0)/b/n/8 sur-faco[]\TU/Inter(0)/b/n/7 1. \TU/CharisSIL(0)/m/n/8 Ex-t
en-sajo ex-tera di
 []


Underfull \hbox (badness 10000) in paragraph at lines 16998--16999
[]\TU/Inter(0)/b/n/8 sur-me-nar[]\TU/CharisSIL(0)/m/it/8 (trans.) \TU/CharisSIL
(0)/m/n/8 Fa-ti-ge-gar
 []


Underfull \hbox (badness 10000) in paragraph at lines 16998--16999
\TU/CharisSIL(0)/m/n/8 (kavalko-bestio, charjo-bestio,
 []


Underfull \hbox (badness 10000) in paragraph at lines 17008--17009
[]\TU/Inter(0)/b/n/8 sur-pri-zar[]\TU/CharisSIL(0)/m/it/8 (trans.)\TU/Inter(0)/
b/n/7 1. \TU/CharisSIL(0)/m/n/8 Pre-nar
 []


Underfull \hbox (badness 10000) in paragraph at lines 17008--17009
\TU/CharisSIL(0)/m/n/8 (ulu, ulo) per ari-var ne-
 []


Package fancyhdr Warning: \headheight is too small (12.0pt): 
(fancyhdr)                Make it at least 16.54997pt, for example:
(fancyhdr)                \setlength{\headheight}{16.54997pt}.
(fancyhdr)                You might also make \topmargin smaller to compensate:

(fancyhdr)                \addtolength{\topmargin}{-4.54997pt}.

[390]
Underfull \hbox (badness 10000) in paragraph at lines 17040--17041
[]\TU/Inter(0)/b/n/8 su-ve-rena[]\TU/Inter(0)/b/n/7 1. \TU/CharisSIL(0)/m/n/8 Qu
a ha-vas la
 []


Underfull \hbox (badness 10000) in paragraph at lines 17040--17041
\TU/CharisSIL(0)/m/n/8 au-to-ri-tato su-prega en la
 []


Underfull \hbox (badness 10000) in paragraph at lines 17046--17047
[]\TU/Inter(0)/b/n/8 *swobo[] \TU/CharisSIL(0)/m/n/8 Ligno-stipito, kartono-
 []


Package fancyhdr Warning: \headheight is too small (12.0pt): 
(fancyhdr)                Make it at least 16.54997pt, for example:
(fancyhdr)                \setlength{\headheight}{16.54997pt}.
(fancyhdr)                You might also make \topmargin smaller to compensate:

(fancyhdr)                \addtolength{\topmargin}{-4.54997pt}.

[391] [392

]
Underfull \hbox (badness 10000) in paragraph at lines 17061--17062
[]\TU/Inter(0)/b/n/8 ta-beto[]\TU/CharisSIL(0)/m/it/8 (patol.) \TU/CharisSIL(0)
/m/n/8 Morbo quan
 []


Underfull \hbox (badness 10000) in paragraph at lines 17061--17062
\TU/CharisSIL(0)/m/n/8 ka-rak-te-ri-zas pre-ci-pue la ne-
 []


Package fancyhdr Warning: \headheight is too small (12.0pt): 
(fancyhdr)                Make it at least 16.54997pt, for example:
(fancyhdr)                \setlength{\headheight}{16.54997pt}.
(fancyhdr)                You might also make \topmargin smaller to compensate:

(fancyhdr)                \addtolength{\topmargin}{-4.54997pt}.

[393]
Underfull \hbox (badness 8170) in paragraph at lines 17111--17112
\TU/CharisSIL(0)/m/n/8 la dopa parto di la homo-
 []


Package fancyhdr Warning: \headheight is too small (12.0pt): 
(fancyhdr)                Make it at least 16.54997pt, for example:
(fancyhdr)                \setlength{\headheight}{16.54997pt}.
(fancyhdr)                You might also make \topmargin smaller to compensate:

(fancyhdr)                \addtolength{\topmargin}{-4.54997pt}.

[394]
Underfull \hbox (badness 10000) in paragraph at lines 17143--17144
[]\TU/Inter(0)/b/n/8 tan-genta[]\TU/CharisSIL(0)/m/it/8 (geometrio) \TU/CharisS
IL(0)/m/n/8 Qua tu-
 []


Package fancyhdr Warning: \headheight is too small (12.0pt): 
(fancyhdr)                Make it at least 16.54997pt, for example:
(fancyhdr)                \setlength{\headheight}{16.54997pt}.
(fancyhdr)                You might also make \topmargin smaller to compensate:

(fancyhdr)                \addtolength{\topmargin}{-4.54997pt}.

[395]
Underfull \hbox (badness 10000) in paragraph at lines 17167--17168
[]\TU/Inter(0)/b/n/8 ta-ran-telo[]\TU/CharisSIL(0)/m/it/8 (muziko) \TU/CharisSI
L(0)/m/n/8 Dans-ario,
 []


Underfull \hbox (badness 10000) in paragraph at lines 17183--17184
[]\TU/Inter(0)/b/n/8 tar-la-tano[] \TU/CharisSIL(0)/m/n/8 Mu-slino kun te-xuro
 []


Underfull \hbox (badness 10000) in paragraph at lines 17183--17184
\TU/CharisSIL(0)/m/n/8 poke densa, or-di-nare klar-
 []


Package fancyhdr Warning: \headheight is too small (12.0pt): 
(fancyhdr)                Make it at least 16.54997pt, for example:
(fancyhdr)                \setlength{\headheight}{16.54997pt}.
(fancyhdr)                You might also make \topmargin smaller to compensate:

(fancyhdr)                \addtolength{\topmargin}{-4.54997pt}.

[396]
Underfull \hbox (badness 10000) in paragraph at lines 17215--17216
[]\TU/Inter(0)/b/n/8 ta-xi-me-tro[]\TU/CharisSIL(0)/m/it/8 (automobilo) \TU/Cha
risSIL(0)/m/n/8 Kon-tilo
 []


Underfull \hbox (badness 10000) in paragraph at lines 17251--17252
[]\TU/Inter(0)/b/n/8 te-le-gra-far[]\TU/CharisSIL(0)/m/it/8 (trans., ad) \TU/Ch
arisSIL(0)/m/n/8 Sen-dar
 []


Underfull \hbox (badness 10000) in paragraph at lines 17259--17260
[]\TU/Inter(0)/b/n/8 te-le-skopo[] \TU/CharisSIL(0)/m/n/8 Optik-instrumento,
 []


Package fancyhdr Warning: \headheight is too small (12.0pt): 
(fancyhdr)                Make it at least 16.54997pt, for example:
(fancyhdr)                \setlength{\headheight}{16.54997pt}.
(fancyhdr)                You might also make \topmargin smaller to compensate:

(fancyhdr)                \addtolength{\topmargin}{-4.54997pt}.

[397]
Underfull \hbox (badness 5008) in paragraph at lines 17279--17280
[]\TU/Inter(0)/b/n/8 tem-pe-ra-turo[] \TU/CharisSIL(0)/m/n/8 Varmeso-grado di
 []


Underfull \hbox (badness 10000) in paragraph at lines 17285--17286
\TU/CharisSIL(0)/m/n/8 vas komenco-punto e fino-
 []


Underfull \hbox (badness 10000) in paragraph at lines 17287--17288
\TU/CharisSIL(0)/m/n/8 varte di tempo-punto opor-
 []


Underfull \hbox (badness 10000) in paragraph at lines 17311--17312
[]\TU/Inter(0)/b/n/8 te-ne-bro[]\TU/Inter(0)/b/n/7 1. \TU/CharisSIL(0)/m/n/8 Ob-
sku-reso ab-so-lute
 []


Package fancyhdr Warning: \headheight is too small (12.0pt): 
(fancyhdr)                Make it at least 16.54997pt, for example:
(fancyhdr)                \setlength{\headheight}{16.54997pt}.
(fancyhdr)                You might also make \topmargin smaller to compensate:

(fancyhdr)                \addtolength{\topmargin}{-4.54997pt}.

[398]
Underfull \hbox (badness 10000) in paragraph at lines 17323--17324
[]\TU/Inter(0)/b/n/8 ten-sar[]\TU/CharisSIL(0)/m/it/8 (trans.)\TU/Inter(0)/b/n/
7 1. \TU/CharisSIL(0)/m/n/8 Igar ri-gida
 []


Underfull \hbox (badness 10000) in paragraph at lines 17329--17330
\TU/CharisSIL(0)/m/n/8 mi-kre-geso, di-ne-geso, de-li-ka-
 []


Underfull \hbox (badness 10000) in paragraph at lines 17349--17350
[]\TU/Inter(0)/b/n/8 te-o-remo[] \TU/CharisSIL(0)/m/n/8 Pro-po-zi-ci-ono ci-en-
 []


Package fancyhdr Warning: \headheight is too small (12.0pt): 
(fancyhdr)                Make it at least 16.54997pt, for example:
(fancyhdr)                \setlength{\headheight}{16.54997pt}.
(fancyhdr)                You might also make \topmargin smaller to compensate:

(fancyhdr)                \addtolength{\topmargin}{-4.54997pt}.

[399]
Underfull \hbox (badness 10000) in paragraph at lines 17391--17392
[]\TU/Inter(0)/b/n/8 te-ri-to-rio[] \TU/CharisSIL(0)/m/n/8 Ex-ten-sajo de lando
 []


Package fancyhdr Warning: \headheight is too small (12.0pt): 
(fancyhdr)                Make it at least 16.54997pt, for example:
(fancyhdr)                \setlength{\headheight}{16.54997pt}.
(fancyhdr)                You might also make \topmargin smaller to compensate:

(fancyhdr)                \addtolength{\topmargin}{-4.54997pt}.

[400]
Underfull \hbox (badness 10000) in paragraph at lines 17435--17436
[]\TU/Inter(0)/b/n/8 te-sta-men-tar[]\TU/CharisSIL(0)/m/it/8 (netrans., fa-vore
 []


Package fancyhdr Warning: \headheight is too small (12.0pt): 
(fancyhdr)                Make it at least 16.54997pt, for example:
(fancyhdr)                \setlength{\headheight}{16.54997pt}.
(fancyhdr)                You might also make \topmargin smaller to compensate:

(fancyhdr)                \addtolength{\topmargin}{-4.54997pt}.

[401]

Package fancyhdr Warning: \headheight is too small (12.0pt): 
(fancyhdr)                Make it at least 16.54997pt, for example:
(fancyhdr)                \setlength{\headheight}{16.54997pt}.
(fancyhdr)                You might also make \topmargin smaller to compensate:

(fancyhdr)                \addtolength{\topmargin}{-4.54997pt}.

[402]

Package fancyhdr Warning: \headheight is too small (12.0pt): 
(fancyhdr)                Make it at least 16.54997pt, for example:
(fancyhdr)                \setlength{\headheight}{16.54997pt}.
(fancyhdr)                You might also make \topmargin smaller to compensate:

(fancyhdr)                \addtolength{\topmargin}{-4.54997pt}.

[403]
Underfull \hbox (badness 10000) in paragraph at lines 17529--17530
\TU/CharisSIL(0)/m/n/8 sua povo ye ma-ni-ero opre-
 []


Underfull \hbox (badness 10000) in paragraph at lines 17551--17552
[]\TU/Inter(0)/b/n/8 ti-tulo[]\TU/Inter(0)/b/n/7 1. \TU/CharisSIL(0)/m/n/8 Nomo qua ex-pre-sas
 []


Underfull \hbox (badness 10000) in paragraph at lines 17551--17552
\TU/CharisSIL(0)/m/n/8 di-stingo pri rango so-ci-ala,
 []


Underfull \hbox (badness 7704) in paragraph at lines 17551--17552
\TU/CharisSIL(0)/m/n/8 ofico\TU/Inter(0)/b/n/7 2. \TU/CharisSIL(0)/m/n/8 Nomo qu
a ex-pre-sas
 []


Package fancyhdr Warning: \headheight is too small (12.0pt): 
(fancyhdr)                Make it at least 16.54997pt, for example:
(fancyhdr)                \setlength{\headheight}{16.54997pt}.
(fancyhdr)                You might also make \topmargin smaller to compensate:

(fancyhdr)                \addtolength{\topmargin}{-4.54997pt}.

[404]
Underfull \hbox (badness 10000) in paragraph at lines 17567--17568
\TU/CharisSIL(0)/m/n/8 mi-lio « so-la-nei », kun frukti
 []


Package fancyhdr Warning: \headheight is too small (12.0pt): 
(fancyhdr)                Make it at least 16.54997pt, for example:
(fancyhdr)                \setlength{\headheight}{16.54997pt}.
(fancyhdr)                You might also make \topmargin smaller to compensate:

(fancyhdr)                \addtolength{\topmargin}{-4.54997pt}.

[405]
Underfull \hbox (badness 10000) in paragraph at lines 17623--17624
[]\TU/Inter(0)/b/n/8 tor-men-tar[]\TU/CharisSIL(0)/m/it/8 (trans.)\TU/Inter(0)/
b/n/7 1. \TU/CharisSIL(0)/m/n/8 Sub-mi-sar
 []


Package fancyhdr Warning: \headheight is too small (12.0pt): 
(fancyhdr)                Make it at least 16.54997pt, for example:
(fancyhdr)                \setlength{\headheight}{16.54997pt}.
(fancyhdr)                You might also make \topmargin smaller to compensate:

(fancyhdr)                \addtolength{\topmargin}{-4.54997pt}.

[406]

Package fancyhdr Warning: \headheight is too small (12.0pt): 
(fancyhdr)                Make it at least 16.54997pt, for example:
(fancyhdr)                \setlength{\headheight}{16.54997pt}.
(fancyhdr)                You might also make \topmargin smaller to compensate:

(fancyhdr)                \addtolength{\topmargin}{-4.54997pt}.

[407]
Underfull \hbox (badness 6016) in paragraph at lines 17681--17682
\TU/CharisSIL(0)/m/n/8 quin mi-na-cas e fra-pas ka-ta-
 []


Underfull \hbox (badness 10000) in paragraph at lines 17693--17694
[]\TU/Inter(0)/b/n/8 tra-kar[]\TU/CharisSIL(0)/m/it/8 (trans.)\TU/Inter(0)/b/n/
7 1. \TU/CharisSIL(0)/m/n/8 Per-se-quar (la
 []


Underfull \hbox (badness 5064) in paragraph at lines 17701--17702
[]\TU/Inter(0)/b/n/8 tra-kito[]\TU/CharisSIL(0)/m/it/8 (mineral.) \TU/CharisSIL
(0)/m/n/8 Roko quan
 []


Underfull \hbox (badness 10000) in paragraph at lines 17701--17702
\TU/CharisSIL(0)/m/n/8 ka-rak-te-ri-zas la pre-zen-teso
 []


Package fancyhdr Warning: \headheight is too small (12.0pt): 
(fancyhdr)                Make it at least 16.54997pt, for example:
(fancyhdr)                \setlength{\headheight}{16.54997pt}.
(fancyhdr)                You might also make \topmargin smaller to compensate:

(fancyhdr)                \addtolength{\topmargin}{-4.54997pt}.

[408]
Underfull \hbox (badness 10000) in paragraph at lines 17721--17722
\TU/CharisSIL(0)/m/n/8 epi-le-psio, dum hi-pnoto, e
 []


Underfull \hbox (badness 10000) in paragraph at lines 17743--17744
[]\TU/Inter(0)/b/n/8 trans-fi-nita[]\TU/CharisSIL(0)/m/it/8 (matem.) \TU/Charis
SIL(0)/m/n/8 Nom-bri
 []


Underfull \hbox (badness 10000) in paragraph at lines 17745--17746
[]\TU/Inter(0)/b/n/8 trans-for-mar[]\TU/CharisSIL(0)/m/it/8 (trans., ulo, ulu,
 []


Underfull \hbox (badness 10000) in paragraph at lines 17745--17746
\TU/CharisSIL(0)/m/it/8 ad)\TU/Inter(0)/b/n/7 1. \TU/CharisSIL(0)/m/n/8 Pa-si-ga
r de ca formo
 []


Underfull \hbox (badness 10000) in paragraph at lines 17745--17746
\TU/CharisSIL(0)/m/n/8 ad ita\TU/Inter(0)/b/n/7 2. \TU/CharisSIL(0)/m/it/8 (me-t
af.) \TU/CharisSIL(0)/m/n/8 Par-
 []


Package fancyhdr Warning: \headheight is too small (12.0pt): 
(fancyhdr)                Make it at least 16.54997pt, for example:
(fancyhdr)                \setlength{\headheight}{16.54997pt}.
(fancyhdr)                You might also make \topmargin smaller to compensate:

(fancyhdr)                \addtolength{\topmargin}{-4.54997pt}.

[409]
Underfull \hbox (badness 6332) in paragraph at lines 17749--17750
[]\TU/Inter(0)/b/n/8 tran-si-tar[]\TU/CharisSIL(0)/m/it/8 (netrans.) (ko-merco)
 []


Underfull \hbox (badness 6526) in paragraph at lines 17767--17768
[]\TU/Inter(0)/b/n/8 tran-sub-stan-ciar[]\TU/CharisSIL(0)/m/it/8 (teol. ka-tol.)

 []


Package fancyhdr Warning: \headheight is too small (12.0pt): 
(fancyhdr)                Make it at least 16.54997pt, for example:
(fancyhdr)                \setlength{\headheight}{16.54997pt}.
(fancyhdr)                You might also make \topmargin smaller to compensate:

(fancyhdr)                \addtolength{\topmargin}{-4.54997pt}.

[410]
Underfull \hbox (badness 10000) in paragraph at lines 17821--17822
[]\TU/Inter(0)/b/n/8 tre-pi-dar[]\TU/CharisSIL(0)/m/it/8 (netrans.)\TU/Inter(0)
/b/n/7 1. \TU/CharisSIL(0)/m/it/8 (alu-dante
 []


Package fancyhdr Warning: \headheight is too small (12.0pt): 
(fancyhdr)                Make it at least 16.54997pt, for example:
(fancyhdr)                \setlength{\headheight}{16.54997pt}.
(fancyhdr)                You might also make \topmargin smaller to compensate:

(fancyhdr)                \addtolength{\topmargin}{-4.54997pt}.

[411]
Underfull \hbox (badness 10000) in paragraph at lines 17837--17838
[]\TU/Inter(0)/b/n/8 tri-bono[]\TU/CharisSIL(0)/m/it/8 (en la Roma an-ti-
 []


Underfull \hbox (badness 10000) in paragraph at lines 17841--17842
[]\TU/Inter(0)/b/n/8 tri-bu-nalo[]\TU/CharisSIL(0)/m/it/8 (yurocienco) \TU/Char
isSIL(0)/m/n/8 Asem-bli-
 []


Package fancyhdr Warning: \headheight is too small (12.0pt): 
(fancyhdr)                Make it at least 16.54997pt, for example:
(fancyhdr)                \setlength{\headheight}{16.54997pt}.
(fancyhdr)                You might also make \topmargin smaller to compensate:

(fancyhdr)                \addtolength{\topmargin}{-4.54997pt}.

[412]
Overfull \hbox (0.16988pt too wide) in paragraph at lines 17879--17880
[]\TU/Inter(0)/b/n/8 tri-li-ono[]\TU/CharisSIL(0)/m/it/8 (aritm.) \TU/CharisSIL
(0)/m/n/8 1.000.000³[]\TU/Inter(0)/m/n/6 DEFIRS[] 
 []


Underfull \hbox (badness 5288) in paragraph at lines 17911--17912
[]\TU/Inter(0)/b/n/8 tri-tu-rar[]\TU/CharisSIL(0)/m/it/8 (trans.)\TU/Inter(0)/b
/n/7 1. \TU/CharisSIL(0)/m/n/8 Igar pul-vero,
 []


Package fancyhdr Warning: \headheight is too small (12.0pt): 
(fancyhdr)                Make it at least 16.54997pt, for example:
(fancyhdr)                \setlength{\headheight}{16.54997pt}.
(fancyhdr)                You might also make \topmargin smaller to compensate:

(fancyhdr)                \addtolength{\topmargin}{-4.54997pt}.

[413]

Package fancyhdr Warning: \headheight is too small (12.0pt): 
(fancyhdr)                Make it at least 16.54997pt, for example:
(fancyhdr)                \setlength{\headheight}{16.54997pt}.
(fancyhdr)                You might also make \topmargin smaller to compensate:

(fancyhdr)                \addtolength{\topmargin}{-4.54997pt}.

[414]
Underfull \hbox (badness 10000) in paragraph at lines 17971--17972
[]\TU/Inter(0)/b/n/8 trum-peto[]\TU/CharisSIL(0)/m/it/8 (muziko) \TU/CharisSIL(
0)/m/n/8 Sufl-
 []


Underfull \hbox (badness 10000) in paragraph at lines 17999--18000
[]\TU/Inter(0)/b/n/8 tu-ber-kulo[]\TU/CharisSIL(0)/m/it/8 (bot.)\TU/Inter(0)/b/
n/7 1. \TU/CharisSIL(0)/m/n/8 Aglo-me-rajo
 []


Package fancyhdr Warning: \headheight is too small (12.0pt): 
(fancyhdr)                Make it at least 16.54997pt, for example:
(fancyhdr)                \setlength{\headheight}{16.54997pt}.
(fancyhdr)                You might also make \topmargin smaller to compensate:

(fancyhdr)                \addtolength{\topmargin}{-4.54997pt}.

[415]
Underfull \hbox (badness 6725) in paragraph at lines 18033--18034
[]\TU/Inter(0)/b/n/8 tuno[] \TU/CharisSIL(0)/m/n/8 Mezur-unajo (1.000 ki-lo-
 []


Underfull \hbox (badness 10000) in paragraph at lines 18049--18050
[]\TU/Inter(0)/b/n/8 tur-kezo[] \TU/CharisSIL(0)/m/n/8 La-pido ma-tida, bele
 []


Package fancyhdr Warning: \headheight is too small (12.0pt): 
(fancyhdr)                Make it at least 16.54997pt, for example:
(fancyhdr)                \setlength{\headheight}{16.54997pt}.
(fancyhdr)                You might also make \topmargin smaller to compensate:

(fancyhdr)                \addtolength{\topmargin}{-4.54997pt}.

[416]

Package fancyhdr Warning: \headheight is too small (12.0pt): 
(fancyhdr)                Make it at least 16.54997pt, for example:
(fancyhdr)                \setlength{\headheight}{16.54997pt}.
(fancyhdr)                You might also make \topmargin smaller to compensate:

(fancyhdr)                \addtolength{\topmargin}{-4.54997pt}.

[417] [418

]
Underfull \hbox (badness 10000) in paragraph at lines 18108--18109
[]\TU/Inter(0)/b/n/8 ul-tra-maro[] \TU/CharisSIL(0)/m/n/8 Farbo bele-
 []


Package fancyhdr Warning: \headheight is too small (12.0pt): 
(fancyhdr)                Make it at least 16.54997pt, for example:
(fancyhdr)                \setlength{\headheight}{16.54997pt}.
(fancyhdr)                You might also make \topmargin smaller to compensate:

(fancyhdr)                \addtolength{\topmargin}{-4.54997pt}.

[419]
Underfull \hbox (badness 10000) in paragraph at lines 18144--18145
[]\TU/Inter(0)/b/n/8 un-gu-ento[] \TU/CharisSIL(0)/m/n/8 Sub-stanco me-di-ka-
 []


Underfull \hbox (badness 5105) in paragraph at lines 18144--18145
\TU/CharisSIL(0)/m/n/8 menta, mola, por apliki ex-
 []


Underfull \hbox (badness 5331) in paragraph at lines 18150--18151
\TU/CharisSIL(0)/m/n/8 e korno unika meze di lua
 []


Underfull \hbox (badness 10000) in paragraph at lines 18176--18177
[]\TU/Inter(0)/b/n/8 ura-no-gra-fio[] \TU/CharisSIL(0)/m/n/8 De-skripto di ci-
 []


Package fancyhdr Warning: \headheight is too small (12.0pt): 
(fancyhdr)                Make it at least 16.54997pt, for example:
(fancyhdr)                \setlength{\headheight}{16.54997pt}.
(fancyhdr)                You might also make \topmargin smaller to compensate:

(fancyhdr)                \addtolength{\topmargin}{-4.54997pt}.

[420]
Underfull \hbox (badness 10000) in paragraph at lines 18226--18227
[]\TU/Inter(0)/b/n/8 uten-silo[]\TU/Inter(0)/b/n/7 1. \TU/CharisSIL(0)/m/n/8 Lab
or-instrumento
 []


Underfull \hbox (badness 10000) in paragraph at lines 18232--18233
[]\TU/Inter(0)/b/n/8 uto-pio[]\TU/Inter(0)/b/n/7 1. \TU/CharisSIL(0)/m/n/8 Kon-c
ep-tajo ima-gi-
 []


Package fancyhdr Warning: \headheight is too small (12.0pt): 
(fancyhdr)                Make it at least 16.54997pt, for example:
(fancyhdr)                \setlength{\headheight}{16.54997pt}.
(fancyhdr)                You might also make \topmargin smaller to compensate:

(fancyhdr)                \addtolength{\topmargin}{-4.54997pt}.

[421]

Package fancyhdr Warning: \headheight is too small (12.0pt): 
(fancyhdr)                Make it at least 16.54997pt, for example:
(fancyhdr)                \setlength{\headheight}{16.54997pt}.
(fancyhdr)                You might also make \topmargin smaller to compensate:

(fancyhdr)                \addtolength{\topmargin}{-4.54997pt}.

[422]
Underfull \hbox (badness 7522) in paragraph at lines 18255--18256
\TU/CharisSIL(0)/m/n/8 qu-aza tremo, ta-sinse o ca-
 []


Underfull \hbox (badness 10000) in paragraph at lines 18275--18276
\TU/CharisSIL(0)/m/it/8 ha-bi-teyo, plaso) \TU/CharisSIL(0)/m/n/8 Ne oku-pe-
 []


Package fancyhdr Warning: \headheight is too small (12.0pt): 
(fancyhdr)                Make it at least 16.54997pt, for example:
(fancyhdr)                \setlength{\headheight}{16.54997pt}.
(fancyhdr)                You might also make \topmargin smaller to compensate:

(fancyhdr)                \addtolength{\topmargin}{-4.54997pt}.

[423

]
Underfull \hbox (badness 10000) in paragraph at lines 18303--18304
\TU/CharisSIL(0)/m/n/8 ma nula re-a-leso nek va-
 []


Underfull \hbox (badness 5817) in paragraph at lines 18311--18312
\TU/CharisSIL(0)/m/n/8 de-sub la okulo til la men-
 []


Package fancyhdr Warning: \headheight is too small (12.0pt): 
(fancyhdr)                Make it at least 16.54997pt, for example:
(fancyhdr)                \setlength{\headheight}{16.54997pt}.
(fancyhdr)                You might also make \topmargin smaller to compensate:

(fancyhdr)                \addtolength{\topmargin}{-4.54997pt}.

[424]
Underfull \hbox (badness 6910) in paragraph at lines 18341--18342
\TU/CharisSIL(0)/m/n/8 de-pen-das de si-ni-oro pro fe-
 []


Underfull \hbox (badness 10000) in paragraph at lines 18371--18372
\TU/CharisSIL(0)/m/n/8 se-gun qua su-pre-se-sas omna
 []


Underfull \hbox (badness 10000) in paragraph at lines 18373--18374
[]\TU/Inter(0)/b/n/8 ve-kar[]\TU/CharisSIL(0)/m/it/8 (netrans.) \TU/CharisSIL(0
)/m/n/8 Ce-sar sua
 []


Package fancyhdr Warning: \headheight is too small (12.0pt): 
(fancyhdr)                Make it at least 16.54997pt, for example:
(fancyhdr)                \setlength{\headheight}{16.54997pt}.
(fancyhdr)                You might also make \topmargin smaller to compensate:

(fancyhdr)                \addtolength{\topmargin}{-4.54997pt}.

[425]
Underfull \hbox (badness 6825) in paragraph at lines 18387--18388
\TU/CharisSIL(0)/m/n/8 onu mo-vi-gas per pre-sar pe-
 []


Package fancyhdr Warning: \headheight is too small (12.0pt): 
(fancyhdr)                Make it at least 16.54997pt, for example:
(fancyhdr)                \setlength{\headheight}{16.54997pt}.
(fancyhdr)                You might also make \topmargin smaller to compensate:

(fancyhdr)                \addtolength{\topmargin}{-4.54997pt}.

[426]
Underfull \hbox (badness 6412) in paragraph at lines 18449--18450
\TU/CharisSIL(0)/m/n/8 ne-ma-tura, uzata kom kon-di-
 []


Underfull \hbox (badness 6364) in paragraph at lines 18473--18474
\TU/CharisSIL(0)/m/n/8 24 osti ye qui kon-si-stas la
 []


Package fancyhdr Warning: \headheight is too small (12.0pt): 
(fancyhdr)                Make it at least 16.54997pt, for example:
(fancyhdr)                \setlength{\headheight}{16.54997pt}.
(fancyhdr)                You might also make \topmargin smaller to compensate:

(fancyhdr)                \addtolength{\topmargin}{-4.54997pt}.

[427]
Underfull \hbox (badness 6510) in paragraph at lines 18485--18486
[]\TU/Inter(0)/b/n/8 vervo[] \TU/CharisSIL(0)/m/n/8 In-spi-reso ar-do-roza, nur
 []


Package fancyhdr Warning: \headheight is too small (12.0pt): 
(fancyhdr)                Make it at least 16.54997pt, for example:
(fancyhdr)                \setlength{\headheight}{16.54997pt}.
(fancyhdr)                You might also make \topmargin smaller to compensate:

(fancyhdr)                \addtolength{\topmargin}{-4.54997pt}.

[428]
Underfull \hbox (badness 10000) in paragraph at lines 18533--18534
[]\TU/Inter(0)/b/n/8 vi-bri-ono[]\TU/Inter(0)/b/n/7 1. \TU/CharisSIL(0)/m/n/8 En
to mi-kro-sko-
 []


Underfull \hbox (badness 10000) in paragraph at lines 18569--18570
[]\TU/Inter(0)/b/n/8 vi-la-nelo[] \TU/CharisSIL(0)/m/n/8 Kan-sono di vi-la-jani,

 []


Package fancyhdr Warning: \headheight is too small (12.0pt): 
(fancyhdr)                Make it at least 16.54997pt, for example:
(fancyhdr)                \setlength{\headheight}{16.54997pt}.
(fancyhdr)                You might also make \topmargin smaller to compensate:

(fancyhdr)                \addtolength{\topmargin}{-4.54997pt}.

[429]
Underfull \hbox (badness 5787) in paragraph at lines 18583--18584
[]\TU/Inter(0)/b/n/8 vin-dar[]\TU/CharisSIL(0)/m/it/8 (trans.) \TU/CharisSIL(0)
/m/n/8 Ele-var grand-
 []


Package fancyhdr Warning: \headheight is too small (12.0pt): 
(fancyhdr)                Make it at least 16.54997pt, for example:
(fancyhdr)                \setlength{\headheight}{16.54997pt}.
(fancyhdr)                You might also make \topmargin smaller to compensate:

(fancyhdr)                \addtolength{\topmargin}{-4.54997pt}.

[430]
Underfull \hbox (badness 10000) in paragraph at lines 18635--18636
[]\TU/Inter(0)/b/n/8 vi-tri-olo[] \TU/CharisSIL(0)/m/n/8 Nomo vul-gara di
 []


Underfull \hbox (badness 10000) in paragraph at lines 18665--18666
[]\TU/Inter(0)/b/n/8 vo-ka-li-zar[]\TU/CharisSIL(0)/m/it/8 (netrans.) (mu-
 []


Package fancyhdr Warning: \headheight is too small (12.0pt): 
(fancyhdr)                Make it at least 16.54997pt, for example:
(fancyhdr)                \setlength{\headheight}{16.54997pt}.
(fancyhdr)                You might also make \topmargin smaller to compensate:

(fancyhdr)                \addtolength{\topmargin}{-4.54997pt}.

[431]
Underfull \hbox (badness 10000) in paragraph at lines 18683--18684
[]\TU/Inter(0)/b/n/8 vol-tar[]\TU/CharisSIL(0)/m/it/8 (netrans.)\TU/Inter(0)/b/
n/7 1. \TU/CharisSIL(0)/m/it/8 (ma-nejo)
 []


Package fancyhdr Warning: \headheight is too small (12.0pt): 
(fancyhdr)                Make it at least 16.54997pt, for example:
(fancyhdr)                \setlength{\headheight}{16.54997pt}.
(fancyhdr)                You might also make \topmargin smaller to compensate:

(fancyhdr)                \addtolength{\topmargin}{-4.54997pt}.

[432]
Underfull \hbox (badness 10000) in paragraph at lines 18703--18704
[]\TU/Inter(0)/b/n/8 vo-mero[]\TU/CharisSIL(0)/m/it/8 (anat.) \TU/CharisSIL(0)/
m/n/8 Osto sen-
 []


Underfull \hbox (badness 7344) in paragraph at lines 18703--18704
\TU/CharisSIL(0)/m/n/8 simetraja, dina, qu-a-dri-la-tera,
 []


Package fancyhdr Warning: \headheight is too small (12.0pt): 
(fancyhdr)                Make it at least 16.54997pt, for example:
(fancyhdr)                \setlength{\headheight}{16.54997pt}.
(fancyhdr)                You might also make \topmargin smaller to compensate:

(fancyhdr)                \addtolength{\topmargin}{-4.54997pt}.

[433] [434

]
Underfull \hbox (badness 7433) in paragraph at lines 18752--18753
[]\TU/Inter(0)/b/n/8 wefto[]\TU/CharisSIL(0)/m/it/8 (tekn.) (alu-dante texo-
 []


Underfull \hbox (badness 5105) in paragraph at lines 18754--18755
[]\TU/Inter(0)/b/n/8 wel-dar[]\TU/CharisSIL(0)/m/it/8 (trans.) (tekn) \TU/Chari
sSIL(0)/m/n/8 Sol-dar
 []


Package fancyhdr Warning: \headheight is too small (12.0pt): 
(fancyhdr)                Make it at least 16.54997pt, for example:
(fancyhdr)                \setlength{\headheight}{16.54997pt}.
(fancyhdr)                You might also make \topmargin smaller to compensate:

(fancyhdr)                \addtolength{\topmargin}{-4.54997pt}.

[435] [436

]

Package fancyhdr Warning: \headheight is too small (12.0pt): 
(fancyhdr)                Make it at least 16.54997pt, for example:
(fancyhdr)                \setlength{\headheight}{16.54997pt}.
(fancyhdr)                You might also make \topmargin smaller to compensate:

(fancyhdr)                \addtolength{\topmargin}{-4.54997pt}.

[437] [438

]
Underfull \hbox (badness 10000) in paragraph at lines 18812--18813
[]\TU/Inter(0)/b/n/8 yi-terbo[]\TU/CharisSIL(0)/m/it/8 (kemio) \TU/CharisSIL(0)
/m/n/8 Sub-stanco ne-
 []


Package fancyhdr Warning: \headheight is too small (12.0pt): 
(fancyhdr)                Make it at least 16.54997pt, for example:
(fancyhdr)                \setlength{\headheight}{16.54997pt}.
(fancyhdr)                You might also make \topmargin smaller to compensate:

(fancyhdr)                \addtolength{\topmargin}{-4.54997pt}.

[439]
Underfull \hbox (badness 10000) in paragraph at lines 18826--18827
[]\TU/Inter(0)/b/n/8 *yulo[] \TU/CharisSIL(0)/m/n/8 Festo-dio pri la vintro-
 []


Package fancyhdr Warning: \headheight is too small (12.0pt): 
(fancyhdr)                Make it at least 16.54997pt, for example:
(fancyhdr)                \setlength{\headheight}{16.54997pt}.
(fancyhdr)                You might also make \topmargin smaller to compensate:

(fancyhdr)                \addtolength{\topmargin}{-4.54997pt}.

[440]
Underfull \hbox (badness 10000) in paragraph at lines 18875--18876
\TU/CharisSIL(0)/m/n/8 ke-mio qua trak-tas fer-men-
 []


Package fancyhdr Warning: \headheight is too small (12.0pt): 
(fancyhdr)                Make it at least 16.54997pt, for example:
(fancyhdr)                \setlength{\headheight}{16.54997pt}.
(fancyhdr)                You might also make \topmargin smaller to compensate:

(fancyhdr)                \addtolength{\topmargin}{-4.54997pt}.

[441

])

Package fancyhdr Warning: \headheight is too small (12.0pt): 
(fancyhdr)                Make it at least 16.54997pt, for example:
(fancyhdr)                \setlength{\headheight}{16.54997pt}.
(fancyhdr)                You might also make \topmargin smaller to compensate:

(fancyhdr)                \addtolength{\topmargin}{-4.54997pt}.

[442] [443

] [444

] (./posho.aux)
 ***********
LaTeX2e <2023-11-01> patch level 1
L3 programming layer <2024-01-22>
 ***********
)

Here is how much of LuaTeX's memory you used:
 7817 strings out of 476553
 125240,1977958 words of node,token memory allocated
 451 words of node memory still in use:
   4 hlist, 1 vlist, 1 rule, 2 glue, 3 kern, 1 glyph, 6 attribute, 53 glue_spec,
 6 attribute_list, 2 write nodes
   avail lists: 1:1,2:703,3:455,4:434,5:409,6:84,7:9955,9:362,10:14,11:818
 29761 multiletter control sequences out of 65536+600000
 50 fonts using 18764447 bytes
 79i,12n,114p,1736b,881s stack positions out of 10000i,1000n,20000p,200000b,200000s
</usr/share/texlive/texmf-dist/fonts/truetype/SIL/charissil/CharisSIL-Regular.tt
f></usr/share/texlive/texmf-dist/fonts/truetype/SIL/charissil/CharisSIL-Italic.t
tf></usr/share/texlive/texmf-dist/fonts/opentype/public/inter/Inter-Regular.otf>
</usr/share/texlive/texmf-dist/fonts/opentype/public/inter/Inter-Bold.otf>
Output written on posho.pdf (444 pages, 2028085 bytes).

PDF statistics: 1424 PDF objects out of 1440 (max. 8388607)
 956 compressed objects within 10 object streams
 0 named destinations out of 1000 (max. 131072)
 1 words of extra memory for PDF output out of 10000 (max. 100000000)

